Date,Open,High,Low,Close,Volume
2001-12-26 00:00:00+05:30,25.25,25.55,25.25,25.26,6364
2001-12-27 00:00:00+05:30,25.14,25.57,24.74,25.53,8420
2001-12-28 00:00:00+05:30,24.61,25.67,24.61,25.14,65301
2001-12-31 00:00:00+05:30,25.04,25.04,24.08,24.45,10617
2002-01-01 00:00:00+05:30,24.61,25.57,24.61,24.75,1943
2002-01-02 00:00:00+05:30,24.82,25.25,24.5,24.62,5476
2002-01-03 00:00:00+05:30,24.67,24.98,24.67,24.67,3542
2002-01-04 00:00:00+05:30,24.98,24.98,24.18,24.37,10785
2002-01-07 00:00:00+05:30,23.75,25.09,23.75,24.17,48113
2002-01-08 00:00:00+05:30,24.29,24.5,24.17,24.18,14112
2002-01-09 00:00:00+05:30,24.56,24.56,21.83,23.14,18738
2002-01-10 00:00:00+05:30,21.4,23.62,21.4,23.11,8860
2002-01-11 00:00:00+05:30,23.0,23.43,22.84,23.14,20832
2002-01-14 00:00:00+05:30,23.11,23.43,23.11,23.23,5280
2002-01-15 00:00:00+05:30,23.0,23.0,22.69,22.81,6289
2002-01-16 00:00:00+05:30,22.68,23.32,22.2,22.93,8832
2002-01-17 00:00:00+05:30,23.0,23.0,22.68,22.82,5159
2002-01-18 00:00:00+05:30,22.74,25.03,22.58,23.22,313880
2002-01-21 00:00:00+05:30,23.0,23.06,22.58,22.96,25262
2002-01-22 00:00:00+05:30,22.74,22.82,22.47,22.58,48618
2002-01-23 00:00:00+05:30,22.52,22.79,22.52,22.78,14290
2002-01-24 00:00:00+05:30,21.96,23.0,21.96,22.37,18187
2002-01-25 00:00:00+05:30,21.61,22.47,21.61,22.4,25916
2002-01-28 00:00:00+05:30,21.53,22.47,21.53,22.09,14766
2002-01-29 00:00:00+05:30,21.61,24.61,21.61,22.02,67619
2002-01-30 00:00:00+05:30,21.19,21.83,21.19,21.76,44328
2002-01-31 00:00:00+05:30,21.24,22.15,21.24,21.79,45908
2002-02-01 00:00:00+05:30,21.36,21.83,21.27,21.39,528597
2002-02-04 00:00:00+05:30,21.0,21.51,20.97,21.42,587244
2002-02-05 00:00:00+05:30,21.4,21.4,20.98,21.17,8654
2002-02-06 00:00:00+05:30,20.71,21.29,20.71,21.05,19851
2002-02-07 00:00:00+05:30,20.12,21.19,20.12,21.17,5065
2002-02-08 00:00:00+05:30,21.19,21.19,20.93,21.06,18608
2002-02-11 00:00:00+05:30,20.92,21.19,20.89,20.94,43674
2002-02-12 00:00:00+05:30,19.26,21.19,19.26,20.92,21832
2002-02-13 00:00:00+05:30,20.76,21.08,20.34,20.9,23851
2002-02-14 00:00:00+05:30,20.86,21.19,20.55,21.0,259223
2002-02-15 00:00:00+05:30,20.54,21.67,20.54,21.47,43758
2002-02-18 00:00:00+05:30,21.6,22.14,21.51,21.75,76413
2002-02-19 00:00:00+05:30,22.04,22.36,21.73,22.16,50319
2002-02-20 00:00:00+05:30,21.83,22.95,21.68,22.54,366152
2002-02-21 00:00:00+05:30,23.77,23.77,21.83,22.11,19309
2002-02-22 00:00:00+05:30,21.59,22.17,21.59,21.96,92704
2002-02-25 00:00:00+05:30,21.0,22.47,21.0,22.28,285729
2002-02-26 00:00:00+05:30,22.31,23.0,22.31,22.68,254625
2002-02-27 00:00:00+05:30,23.21,23.21,22.74,23.01,236017
2002-02-28 00:00:00+05:30,22.47,23.53,22.05,22.38,213026
2002-03-01 00:00:00+05:30,22.47,22.68,21.93,22.16,17832
2002-03-04 00:00:00+05:30,22.57,22.57,22.09,22.26,10551
2002-03-05 00:00:00+05:30,22.36,22.36,21.78,21.91,35646
2002-03-06 00:00:00+05:30,21.56,22.02,21.56,21.84,15925
2002-03-07 00:00:00+05:30,21.93,21.93,21.62,21.8,7916
2002-03-08 00:00:00+05:30,21.72,21.86,21.51,21.54,181239
2002-03-11 00:00:00+05:30,21.61,21.61,21.4,21.46,64329
2002-03-12 00:00:00+05:30,21.19,21.61,21.19,21.4,15664
2002-03-13 00:00:00+05:30,21.43,21.75,21.41,21.41,18374
2002-03-14 00:00:00+05:30,21.42,21.93,21.4,21.8,360647
2002-03-15 00:00:00+05:30,22.04,22.15,21.75,21.94,51347
2002-03-18 00:00:00+05:30,21.93,22.35,21.93,22.26,24813
2002-03-19 00:00:00+05:30,21.96,22.04,21.88,21.89,33197
2002-03-20 00:00:00+05:30,21.4,22.26,21.4,22.0,42235
2002-03-21 00:00:00+05:30,21.83,22.14,21.83,21.96,5112
2002-03-22 00:00:00+05:30,21.56,22.25,21.56,21.93,386153
2002-03-26 00:00:00+05:30,21.93,22.15,21.93,22.14,10047
2002-03-27 00:00:00+05:30,22.42,22.58,22.05,22.43,25281
2002-03-28 00:00:00+05:30,22.26,23.22,22.15,22.93,29038
2002-04-01 00:00:00+05:30,22.27,22.47,22.27,22.3,7205
2002-04-02 00:00:00+05:30,22.36,22.36,22.01,22.03,36281
2002-04-03 00:00:00+05:30,21.96,22.36,21.96,22.05,7187
2002-04-04 00:00:00+05:30,21.96,22.09,21.94,22.05,17981
2002-04-05 00:00:00+05:30,21.94,22.2,21.93,22.07,64871
2002-04-08 00:00:00+05:30,22.04,22.14,21.99,22.05,14103
2002-04-09 00:00:00+05:30,22.34,22.34,21.86,21.99,9084
2002-04-10 00:00:00+05:30,21.61,22.31,21.61,22.19,5056
2002-04-11 00:00:00+05:30,22.26,22.47,22.15,22.35,13159
2002-04-12 00:00:00+05:30,22.15,22.36,22.15,22.22,11991
2002-04-15 00:00:00+05:30,22.42,22.42,22.15,22.21,17580
2002-04-16 00:00:00+05:30,22.41,22.41,21.96,21.99,10729
2002-04-17 00:00:00+05:30,22.04,22.26,21.97,21.99,5252
2002-04-18 00:00:00+05:30,21.93,22.78,21.93,22.38,57787
2002-04-19 00:00:00+05:30,22.37,22.37,22.19,22.21,15495
2002-04-22 00:00:00+05:30,22.37,22.55,22.34,22.37,20795
2002-04-23 00:00:00+05:30,21.94,22.13,21.94,22.03,7458
2002-04-24 00:00:00+05:30,22.01,22.26,22.01,22.07,5317
2002-04-25 00:00:00+05:30,21.99,22.46,21.99,22.45,25757
2002-04-26 00:00:00+05:30,22.05,22.26,21.99,22.04,5317
2002-04-29 00:00:00+05:30,21.99,22.34,21.99,22.34,27103
2002-04-30 00:00:00+05:30,22.53,22.53,21.96,22.26,11673
2002-05-02 00:00:00+05:30,21.93,22.04,21.93,22.02,12850
2002-05-03 00:00:00+05:30,21.96,22.15,21.94,21.94,5551
2002-05-06 00:00:00+05:30,21.99,22.36,21.99,22.2,37795
2002-05-07 00:00:00+05:30,22.04,22.15,21.99,21.99,10776
2002-05-08 00:00:00+05:30,22.04,22.22,21.99,22.0,9757
2002-05-09 00:00:00+05:30,21.99,22.34,21.99,22.09,6280
2002-05-10 00:00:00+05:30,21.99,22.12,21.96,22.08,27804
2002-05-13 00:00:00+05:30,22.09,22.09,21.96,21.96,14131
2002-05-14 00:00:00+05:30,21.57,21.93,21.57,21.62,43936
2002-05-15 00:00:00+05:30,21.61,21.83,21.51,21.53,10149
2002-05-16 00:00:00+05:30,21.51,21.92,21.51,21.61,10906
2002-05-17 00:00:00+05:30,21.62,21.76,21.51,21.56,16383
2002-05-20 00:00:00+05:30,21.45,21.61,21.45,21.52,45375
2002-05-21 00:00:00+05:30,21.83,21.83,21.24,21.49,26299
2002-05-22 00:00:00+05:30,21.37,22.33,21.36,21.84,131733
2002-05-23 00:00:00+05:30,21.54,21.83,21.54,21.61,7682
2002-05-24 00:00:00+05:30,22.46,22.46,21.73,22.16,60357
2002-05-27 00:00:00+05:30,22.03,22.28,21.93,22.23,60749
2002-05-28 00:00:00+05:30,22.03,22.58,22.03,22.54,14738
2002-05-29 00:00:00+05:30,22.47,22.57,21.96,22.12,51095
2002-05-30 00:00:00+05:30,22.45,23.54,22.26,22.56,1151806
2002-05-31 00:00:00+05:30,22.47,22.47,21.83,21.91,39730
2002-06-03 00:00:00+05:30,21.96,22.26,21.77,21.78,10598
2002-06-04 00:00:00+05:30,21.93,21.98,21.72,21.82,38178
2002-06-05 00:00:00+05:30,21.84,22.03,21.73,22.02,17720
2002-06-06 00:00:00+05:30,21.73,22.01,21.62,21.79,97311
2002-06-07 00:00:00+05:30,21.93,21.93,21.43,21.52,46637
2002-06-10 00:00:00+05:30,21.43,21.92,21.43,21.65,109742
2002-06-11 00:00:00+05:30,21.61,22.15,21.51,22.11,29085
2002-06-12 00:00:00+05:30,21.84,21.84,21.61,21.72,20374
2002-06-13 00:00:00+05:30,22.68,22.68,21.71,21.78,50085
2002-06-14 00:00:00+05:30,21.76,22.04,21.72,22.0,51272
2002-06-17 00:00:00+05:30,22.04,22.04,21.78,21.93,53356
2002-06-18 00:00:00+05:30,21.72,22.12,21.72,21.93,32103
2002-06-19 00:00:00+05:30,21.99,22.36,21.85,21.96,10962
2002-06-20 00:00:00+05:30,21.78,22.04,21.78,21.91,20066
2002-06-21 00:00:00+05:30,21.93,22.19,21.93,22.04,12065
2002-06-24 00:00:00+05:30,21.94,22.23,21.93,21.99,12495
2002-06-25 00:00:00+05:30,21.77,22.13,21.75,21.99,6645
2002-06-26 00:00:00+05:30,21.93,22.24,21.93,22.15,7318
2002-06-27 00:00:00+05:30,21.83,22.23,21.83,22.04,20393
2002-06-28 00:00:00+05:30,21.51,22.17,21.51,21.92,31926
2002-07-01 00:00:00+05:30,21.93,22.24,21.93,22.15,25627
2002-07-02 00:00:00+05:30,21.56,22.26,21.56,22.21,22757
2002-07-03 00:00:00+05:30,22.26,22.3,22.05,22.2,36309
2002-07-04 00:00:00+05:30,21.98,22.35,21.94,22.29,15346
2002-07-05 00:00:00+05:30,22.09,22.47,22.05,22.46,29402
2002-07-08 00:00:00+05:30,22.26,23.0,22.26,22.66,191567
2002-07-09 00:00:00+05:30,22.9,23.85,22.54,23.47,40907
2002-07-10 00:00:00+05:30,23.75,23.75,22.76,22.92,20533
2002-07-11 00:00:00+05:30,22.47,23.65,22.47,23.24,9710
2002-07-12 00:00:00+05:30,24.06,26.75,23.08,25.18,463988
2002-07-15 00:00:00+05:30,24.72,26.11,24.72,25.65,153351
2002-07-16 00:00:00+05:30,25.26,26.0,25.21,25.35,51226
2002-07-17 00:00:00+05:30,25.68,26.0,25.25,25.81,71273
2002-07-18 00:00:00+05:30,25.22,26.08,25.15,25.63,94003
2002-07-19 00:00:00+05:30,25.26,25.52,24.1,24.32,25720
2002-07-22 00:00:00+05:30,24.18,24.18,23.43,23.58,6766
2002-07-23 00:00:00+05:30,23.76,24.61,23.76,24.58,26963
2002-07-24 00:00:00+05:30,24.45,24.61,24.08,24.27,20393
2002-07-25 00:00:00+05:30,24.23,24.82,24.23,24.69,107358
2002-07-26 00:00:00+05:30,24.66,25.62,24.07,24.11,2855126
2002-07-29 00:00:00+05:30,23.66,23.84,22.63,23.11,14271
2002-07-30 00:00:00+05:30,22.9,23.21,22.53,23.08,71740
2002-07-31 00:00:00+05:30,22.58,25.04,21.88,23.08,20598
2002-08-01 00:00:00+05:30,22.49,23.31,22.47,22.64,288262
2002-08-02 00:00:00+05:30,22.0,22.97,22.0,22.57,17140
2002-08-05 00:00:00+05:30,23.97,23.97,22.31,22.65,181239
2002-08-06 00:00:00+05:30,23.42,25.67,22.47,22.82,5187
2002-08-07 00:00:00+05:30,23.0,23.53,22.58,22.98,13907
2002-08-08 00:00:00+05:30,22.47,22.57,22.26,22.42,15122
2002-08-09 00:00:00+05:30,22.16,22.68,22.15,22.55,5233
2002-08-12 00:00:00+05:30,22.47,23.11,22.36,23.08,75376
2002-08-13 00:00:00+05:30,23.22,23.22,22.49,22.85,1308
2002-08-14 00:00:00+05:30,22.47,23.11,22.47,23.05,247288
2002-08-16 00:00:00+05:30,22.69,23.08,22.69,22.9,15664
2002-08-19 00:00:00+05:30,22.59,22.84,22.37,22.47,9953
2002-08-20 00:00:00+05:30,22.48,23.0,22.2,22.28,212885
2002-08-21 00:00:00+05:30,22.47,22.57,22.28,22.47,16365
2002-08-22 00:00:00+05:30,22.21,22.51,22.21,22.51,10233
2002-08-23 00:00:00+05:30,22.47,22.7,22.36,22.61,7046
2002-08-26 00:00:00+05:30,22.47,22.55,22.31,22.43,100040
2002-08-27 00:00:00+05:30,22.68,22.68,22.16,22.52,14075
2002-08-28 00:00:00+05:30,22.48,22.52,22.32,22.43,8888
2002-08-29 00:00:00+05:30,22.26,22.45,20.41,22.41,20168
2002-08-30 00:00:00+05:30,22.36,22.68,21.52,22.43,17000
2002-09-02 00:00:00+05:30,21.75,22.36,21.75,22.3,5392
2002-09-03 00:00:00+05:30,22.26,22.26,22.09,22.24,9402
2002-09-04 00:00:00+05:30,21.93,22.52,21.88,22.21,10673
2002-09-05 00:00:00+05:30,22.2,22.26,22.09,22.21,6233
2002-09-06 00:00:00+05:30,21.84,22.23,21.84,22.19,2467
2002-09-09 00:00:00+05:30,21.93,22.47,21.8,22.17,7832
2002-09-11 00:00:00+05:30,22.26,23.0,21.86,22.61,25599
2002-09-12 00:00:00+05:30,22.15,22.74,22.15,22.5,71516
2002-09-13 00:00:00+05:30,22.12,22.84,22.12,22.68,19421
2002-09-16 00:00:00+05:30,22.27,22.74,22.15,22.68,13878
2002-09-17 00:00:00+05:30,22.28,22.69,22.28,22.34,5411
2002-09-18 00:00:00+05:30,22.29,22.57,22.29,22.5,7953
2002-09-19 00:00:00+05:30,22.79,23.11,22.39,22.96,71123
2002-09-20 00:00:00+05:30,22.9,22.9,22.47,22.5,63572
2002-09-23 00:00:00+05:30,22.48,22.76,22.47,22.5,94788
2002-09-24 00:00:00+05:30,22.33,22.47,22.33,22.42,1196
2002-09-25 00:00:00+05:30,22.68,22.68,22.27,22.38,7934
2002-09-26 00:00:00+05:30,22.32,22.47,22.28,22.35,2934
2002-09-27 00:00:00+05:30,22.29,22.47,22.29,22.42,4944
2002-09-30 00:00:00+05:30,22.17,22.75,22.15,22.74,26655
2002-10-01 00:00:00+05:30,22.21,22.34,22.12,22.14,4897
2002-10-03 00:00:00+05:30,22.15,22.68,22.15,22.67,12748
2002-10-04 00:00:00+05:30,22.19,22.47,22.06,22.41,26412
2002-10-07 00:00:00+05:30,22.04,22.42,22.04,22.29,12570
2002-10-08 00:00:00+05:30,22.19,22.42,22.15,22.17,3401
2002-10-09 00:00:00+05:30,22.07,22.24,22.07,22.24,3710
2002-10-10 00:00:00+05:30,21.97,22.45,21.94,22.08,95741
2002-10-11 00:00:00+05:30,21.93,22.19,21.83,21.97,3542
2002-10-14 00:00:00+05:30,22.15,22.15,21.92,21.99,4962
2002-10-16 00:00:00+05:30,22.01,22.03,21.98,22.0,53459
2002-10-17 00:00:00+05:30,21.82,21.82,21.44,21.48,11934
2002-10-18 00:00:00+05:30,21.93,22.15,21.61,21.74,14280
2002-10-21 00:00:00+05:30,22.15,22.15,21.83,22.0,57618
2002-10-22 00:00:00+05:30,21.74,22.09,21.73,21.99,55357
2002-10-23 00:00:00+05:30,21.83,22.15,21.83,22.1,18355
2002-10-24 00:00:00+05:30,21.84,22.05,21.4,21.61,5271
2002-10-25 00:00:00+05:30,21.83,21.83,21.4,21.4,1822
2002-10-28 00:00:00+05:30,21.52,21.67,21.4,21.56,45169
2002-10-29 00:00:00+05:30,21.4,21.67,21.4,21.66,56478
2002-10-30 00:00:00+05:30,21.51,21.61,21.35,21.57,6990
2002-10-31 00:00:00+05:30,21.43,21.82,21.43,21.66,4177
2002-11-01 00:00:00+05:30,21.4,21.54,21.19,21.2,20851
2002-11-04 00:00:00+05:30,21.29,21.29,20.7,21.13,22299
2002-11-05 00:00:00+05:30,20.73,21.08,20.73,20.98,17963
2002-11-07 00:00:00+05:30,21.0,21.93,21.0,21.74,7046
2002-11-08 00:00:00+05:30,21.39,21.4,21.08,21.23,4140
2002-11-11 00:00:00+05:30,21.08,21.08,20.54,20.77,12794
2002-11-12 00:00:00+05:30,20.35,21.13,20.33,20.64,6187
2002-11-13 00:00:00+05:30,20.76,20.79,20.66,20.75,5673
2002-11-14 00:00:00+05:30,20.55,20.91,20.49,20.86,23757
2002-11-15 00:00:00+05:30,21.13,21.13,20.47,20.65,5635
2002-11-18 00:00:00+05:30,20.5,21.08,20.5,20.8,17785
2002-11-20 00:00:00+05:30,21.13,21.19,20.43,20.59,13888
2002-11-21 00:00:00+05:30,20.58,20.85,20.54,20.57,21253
2002-11-22 00:00:00+05:30,21.93,21.93,21.19,21.19,27066
2002-11-25 00:00:00+05:30,21.61,21.77,21.19,21.45,10850
2002-11-26 00:00:00+05:30,21.4,21.72,21.19,21.55,25356
2002-11-27 00:00:00+05:30,21.4,21.53,21.19,21.19,9065
2002-11-28 00:00:00+05:30,21.4,21.5,21.24,21.4,6916
2002-11-29 00:00:00+05:30,21.2,21.29,21.13,21.19,6196
2002-12-02 00:00:00+05:30,21.19,21.61,21.19,21.42,16103
2002-12-03 00:00:00+05:30,22.14,22.14,21.3,21.33,8159
2002-12-04 00:00:00+05:30,21.17,21.28,21.12,21.21,6205
2002-12-05 00:00:00+05:30,21.5,21.5,20.86,20.97,28197
2002-12-06 00:00:00+05:30,21.28,21.28,20.65,20.82,28636
2002-12-09 00:00:00+05:30,21.32,21.32,20.92,21.0,13196
2002-12-10 00:00:00+05:30,20.86,21.0,20.7,20.76,6458
2002-12-11 00:00:00+05:30,21.08,21.08,20.77,20.8,6346
2002-12-12 00:00:00+05:30,20.88,21.07,20.76,20.81,9645
2002-12-13 00:00:00+05:30,20.81,20.97,20.71,20.75,14121
2002-12-16 00:00:00+05:30,21.06,21.06,20.36,20.5,32533
2002-12-17 00:00:00+05:30,20.54,20.65,20.36,20.44,14075
2002-12-18 00:00:00+05:30,20.44,20.76,20.44,20.51,5981
2002-12-19 00:00:00+05:30,20.86,20.86,20.45,20.53,13196
2002-12-20 00:00:00+05:30,20.46,20.65,20.33,20.5,9467
2002-12-23 00:00:00+05:30,20.44,20.84,20.12,20.33,12860
2002-12-24 00:00:00+05:30,20.63,20.63,20.25,20.27,3906
2002-12-26 00:00:00+05:30,20.22,20.54,20.22,20.36,6476
2002-12-27 00:00:00+05:30,20.73,20.73,20.33,20.33,15056
2002-12-30 00:00:00+05:30,20.34,20.9,20.34,20.63,20075
2002-12-31 00:00:00+05:30,20.38,20.56,20.23,20.42,9561
2003-01-01 00:00:00+05:30,20.44,20.65,20.33,20.54,7626
2003-01-02 00:00:00+05:30,20.34,20.38,20.12,20.22,8439
2003-01-03 00:00:00+05:30,20.23,20.84,20.22,20.37,11028
2003-01-06 00:00:00+05:30,20.76,20.76,20.22,20.23,13561
2003-01-07 00:00:00+05:30,20.23,20.33,20.04,20.08,16327
2003-01-08 00:00:00+05:30,20.22,20.22,19.91,20.04,17495
2003-01-09 00:00:00+05:30,20.03,20.32,20.01,20.09,8925
2003-01-10 00:00:00+05:30,20.03,20.12,19.9,19.97,9364
2003-01-13 00:00:00+05:30,19.95,20.22,19.83,19.94,11645
2003-01-14 00:00:00+05:30,20.86,20.86,19.85,19.99,21972
2003-01-15 00:00:00+05:30,20.32,20.33,19.85,19.9,17701
2003-01-16 00:00:00+05:30,19.91,20.01,19.82,20.0,15439
2003-01-17 00:00:00+05:30,19.9,20.0,19.79,19.92,8364
2003-01-20 00:00:00+05:30,20.06,20.06,19.49,19.51,15103
2003-01-21 00:00:00+05:30,19.58,19.83,19.39,19.47,16000
2003-01-22 00:00:00+05:30,19.95,19.95,19.47,19.48,14187
2003-01-23 00:00:00+05:30,19.78,19.81,19.51,19.79,23711
2003-01-24 00:00:00+05:30,19.69,19.9,19.69,19.86,22869
2003-01-27 00:00:00+05:30,19.35,19.58,19.34,19.57,341983
2003-01-28 00:00:00+05:30,19.42,19.46,18.84,19.05,23711
2003-01-29 00:00:00+05:30,19.47,19.79,18.94,19.44,17047
2003-01-30 00:00:00+05:30,19.47,19.57,19.26,19.29,12252
2003-01-31 00:00:00+05:30,19.26,19.26,18.94,19.15,7626
2003-02-03 00:00:00+05:30,19.08,19.15,18.94,19.01,6663
2003-02-04 00:00:00+05:30,19.05,19.08,18.94,18.99,4046
2003-02-05 00:00:00+05:30,19.05,19.05,18.74,18.83,123406
2003-02-06 00:00:00+05:30,18.99,18.99,18.74,18.77,8355
2003-02-07 00:00:00+05:30,18.77,19.24,18.74,18.76,9850
2003-02-10 00:00:00+05:30,18.72,18.99,18.72,18.87,9738
2003-02-11 00:00:00+05:30,18.63,18.91,18.62,18.82,11916
2003-02-12 00:00:00+05:30,18.94,18.94,18.71,18.74,19561
2003-02-14 00:00:00+05:30,18.72,18.72,18.27,18.5,41029
2003-02-17 00:00:00+05:30,18.62,18.83,18.19,18.35,23412
2003-02-18 00:00:00+05:30,18.4,19.46,17.99,18.79,34692
2003-02-19 00:00:00+05:30,19.15,19.15,18.47,18.72,11140
2003-02-20 00:00:00+05:30,18.82,18.83,18.58,18.73,10121
2003-02-21 00:00:00+05:30,18.71,18.71,18.52,18.62,2691
2003-02-24 00:00:00+05:30,18.72,18.83,18.46,18.59,7719
2003-02-25 00:00:00+05:30,18.42,18.5,18.3,18.34,10738
2003-02-26 00:00:00+05:30,18.3,18.48,18.24,18.29,9589
2003-02-27 00:00:00+05:30,18.3,18.5,18.3,18.36,14626
2003-02-28 00:00:00+05:30,18.35,19.66,17.82,18.97,163201
2003-03-03 00:00:00+05:30,19.68,20.86,19.68,20.05,484026
2003-03-04 00:00:00+05:30,20.33,20.33,18.63,18.85,177538
2003-03-05 00:00:00+05:30,19.47,19.47,18.46,18.66,121864
2003-03-06 00:00:00+05:30,19.05,19.05,18.62,18.73,14336
2003-03-07 00:00:00+05:30,18.99,18.99,18.17,18.62,121527
2003-03-10 00:00:00+05:30,18.99,18.99,17.77,17.99,41169
2003-03-11 00:00:00+05:30,17.77,18.38,17.76,18.25,69862
2003-03-12 00:00:00+05:30,18.72,18.72,17.79,17.86,34758
2003-03-13 00:00:00+05:30,17.98,17.99,17.45,17.63,42319
2003-03-17 00:00:00+05:30,17.72,18.19,17.23,17.9,64366
2003-03-19 00:00:00+05:30,17.89,17.89,17.35,17.58,25944
2003-03-20 00:00:00+05:30,17.5,18.19,17.35,18.01,55665
2003-03-21 00:00:00+05:30,18.4,18.44,17.61,17.69,15112
2003-03-22 00:00:00+05:30,17.65,18.08,17.65,17.96,8822
2003-03-24 00:00:00+05:30,19.05,19.05,17.33,17.37,32842
2003-03-25 00:00:00+05:30,17.34,17.49,17.12,17.18,115499
2003-03-26 00:00:00+05:30,17.31,17.57,17.12,17.14,24290
2003-03-27 00:00:00+05:30,17.71,17.71,17.01,17.12,7504
2003-03-28 00:00:00+05:30,17.01,17.65,17.01,17.31,26328
2003-03-31 00:00:00+05:30,17.08,17.11,16.91,16.94,13617
2003-04-01 00:00:00+05:30,18.19,18.19,16.58,16.65,9000
2003-04-02 00:00:00+05:30,17.51,17.51,16.86,16.94,3523
2003-04-03 00:00:00+05:30,16.49,17.44,16.49,17.0,5009
2003-04-04 00:00:00+05:30,17.24,17.24,16.96,17.02,13327
2003-04-07 00:00:00+05:30,17.12,17.49,16.64,17.38,9962
2003-04-08 00:00:00+05:30,17.53,20.22,17.12,17.83,43160
2003-04-09 00:00:00+05:30,18.18,19.21,17.77,17.88,23309
2003-04-10 00:00:00+05:30,17.65,19.05,17.33,18.32,28057
2003-04-11 00:00:00+05:30,17.44,17.98,17.44,17.56,6962
2003-04-15 00:00:00+05:30,17.6,17.76,17.44,17.61,4514
2003-04-16 00:00:00+05:30,17.65,17.65,17.35,17.6,6747
2003-04-17 00:00:00+05:30,17.24,17.48,17.01,17.11,9505
2003-04-21 00:00:00+05:30,16.91,17.75,16.91,17.21,11748
2003-04-22 00:00:00+05:30,17.18,17.57,16.94,17.38,32346
2003-04-23 00:00:00+05:30,17.22,17.44,17.07,17.19,12916
2003-04-24 00:00:00+05:30,16.99,17.12,16.99,17.02,11056
2003-04-25 00:00:00+05:30,17.01,17.32,16.82,16.92,12112
2003-04-28 00:00:00+05:30,17.11,17.11,16.05,16.26,36991
2003-04-29 00:00:00+05:30,16.48,17.12,16.48,16.91,45132
2003-04-30 00:00:00+05:30,16.8,17.12,16.69,17.08,74656
2003-05-02 00:00:00+05:30,17.12,17.12,16.91,17.01,6860
2003-05-05 00:00:00+05:30,16.91,17.12,16.72,17.11,3747
2003-05-06 00:00:00+05:30,16.85,17.33,16.85,17.06,34365
2003-05-07 00:00:00+05:30,17.32,17.32,16.69,16.76,115321
2003-05-08 00:00:00+05:30,16.88,17.09,16.85,16.97,8990
2003-05-09 00:00:00+05:30,17.11,17.11,16.69,16.94,61534
2003-05-12 00:00:00+05:30,17.09,17.12,16.48,16.67,109480
2003-05-13 00:00:00+05:30,17.07,17.07,16.43,16.57,149640
2003-05-14 00:00:00+05:30,16.48,16.85,16.48,16.56,57516
2003-05-15 00:00:00+05:30,16.78,16.88,16.53,16.8,94171
2003-05-16 00:00:00+05:30,16.92,17.28,16.92,17.09,72030
2003-05-19 00:00:00+05:30,16.97,17.17,16.97,17.08,38113
2003-05-20 00:00:00+05:30,17.01,17.08,16.65,16.79,57011
2003-05-21 00:00:00+05:30,17.12,17.12,16.69,16.95,28851
2003-05-22 00:00:00+05:30,16.91,17.44,16.8,17.2,274934
2003-05-23 00:00:00+05:30,17.44,17.75,17.03,17.16,186613
2003-05-26 00:00:00+05:30,17.23,17.33,16.93,17.12,40739
2003-05-27 00:00:00+05:30,16.64,17.21,16.64,17.02,47076
2003-05-28 00:00:00+05:30,17.11,17.23,17.07,17.11,30159
2003-05-29 00:00:00+05:30,16.94,17.32,16.91,16.97,118284
2003-05-30 00:00:00+05:30,17.33,17.76,17.01,17.39,258980
2003-06-02 00:00:00+05:30,17.58,18.19,17.55,17.86,294234
2003-06-03 00:00:00+05:30,17.88,18.19,17.84,17.9,145696
2003-06-04 00:00:00+05:30,18.21,18.4,17.93,18.0,151051
2003-06-05 00:00:00+05:30,17.98,18.34,17.93,18.03,89918
2003-06-06 00:00:00+05:30,17.87,18.07,17.69,17.78,40496
2003-06-09 00:00:00+05:30,17.98,18.37,17.92,18.26,57562
2003-06-10 00:00:00+05:30,18.32,19.05,17.99,18.21,192287
2003-06-11 00:00:00+05:30,18.19,18.7,18.0,18.16,228634
2003-06-12 00:00:00+05:30,18.31,18.56,18.3,18.33,96564
2003-06-13 00:00:00+05:30,18.03,18.51,18.03,18.3,51244
2003-06-16 00:00:00+05:30,18.48,18.59,18.22,18.36,61076
2003-06-17 00:00:00+05:30,18.41,19.25,18.24,18.93,234092
2003-06-18 00:00:00+05:30,19.13,19.15,18.62,18.68,139051
2003-06-19 00:00:00+05:30,18.75,18.92,18.67,18.72,76684
2003-06-20 00:00:00+05:30,18.83,19.26,18.72,18.97,171342
2003-06-23 00:00:00+05:30,19.36,19.58,18.95,19.06,260934
2003-06-24 00:00:00+05:30,19.09,19.78,18.96,19.15,190548
2003-06-25 00:00:00+05:30,19.39,19.58,19.06,19.18,134107
2003-06-26 00:00:00+05:30,19.37,19.37,18.9,18.98,107517
2003-06-27 00:00:00+05:30,17.82,18.72,17.65,18.56,312076
2003-06-30 00:00:00+05:30,18.62,18.81,18.32,18.57,81077
2003-07-01 00:00:00+05:30,19.26,19.26,18.54,18.55,69488
2003-07-02 00:00:00+05:30,18.76,19.05,18.76,18.84,115275
2003-07-03 00:00:00+05:30,18.83,19.15,18.67,19.0,70993
2003-07-04 00:00:00+05:30,18.99,19.47,18.94,19.16,117630
2003-07-07 00:00:00+05:30,19.45,19.78,19.26,19.53,242494
2003-07-08 00:00:00+05:30,19.62,20.86,19.47,20.21,372695
2003-07-09 00:00:00+05:30,20.45,20.45,19.74,19.83,86255
2003-07-10 00:00:00+05:30,19.9,20.01,19.47,19.69,82526
2003-07-11 00:00:00+05:30,19.43,19.85,19.43,19.57,58759
2003-07-14 00:00:00+05:30,20.06,20.22,19.54,19.6,46216
2003-07-15 00:00:00+05:30,19.79,20.01,19.26,19.5,83610
2003-07-16 00:00:00+05:30,19.47,19.86,19.17,19.52,44141
2003-07-17 00:00:00+05:30,19.53,19.69,19.38,19.57,140191
2003-07-18 00:00:00+05:30,19.53,19.53,19.33,19.39,30169
2003-07-21 00:00:00+05:30,19.47,19.47,18.97,19.14,52917
2003-07-22 00:00:00+05:30,19.05,19.22,18.86,19.06,69703
2003-07-23 00:00:00+05:30,18.83,19.37,18.83,19.31,43506
2003-07-24 00:00:00+05:30,19.63,19.63,19.15,19.24,37833
2003-07-25 00:00:00+05:30,19.26,19.58,19.26,19.53,132312
2003-07-28 00:00:00+05:30,19.29,19.71,19.27,19.39,52674
2003-07-29 00:00:00+05:30,19.47,19.47,19.05,19.4,45066
2003-07-30 00:00:00+05:30,19.79,20.36,19.29,20.14,521597
2003-07-31 00:00:00+05:30,20.08,20.44,19.85,20.04,219344
2003-08-01 00:00:00+05:30,19.79,20.33,19.32,20.18,185426
2003-08-04 00:00:00+05:30,20.01,20.01,19.59,19.9,54777
2003-08-05 00:00:00+05:30,20.0,20.12,19.79,19.84,91367
2003-08-06 00:00:00+05:30,19.69,20.81,19.69,20.65,209100
2003-08-07 00:00:00+05:30,20.86,21.4,20.68,21.2,229447
2003-08-08 00:00:00+05:30,21.39,21.93,20.88,21.09,124873
2003-08-11 00:00:00+05:30,20.88,21.72,20.86,20.9,64805
2003-08-12 00:00:00+05:30,20.86,21.61,20.86,21.23,269242
2003-08-13 00:00:00+05:30,21.08,22.32,21.08,22.07,397677
2003-08-14 00:00:00+05:30,22.63,23.27,22.26,22.96,440295
2003-08-18 00:00:00+05:30,24.04,24.04,22.31,23.01,154285
2003-08-19 00:00:00+05:30,23.22,23.33,21.73,22.06,1477312
2003-08-20 00:00:00+05:30,23.33,23.33,21.83,22.36,79189
2003-08-21 00:00:00+05:30,22.04,22.99,22.04,22.41,105956
2003-08-22 00:00:00+05:30,22.26,22.36,21.83,21.86,183810
2003-08-25 00:00:00+05:30,22.26,22.26,20.86,21.2,232933
2003-08-26 00:00:00+05:30,21.4,22.26,20.86,22.22,144976
2003-08-27 00:00:00+05:30,22.04,22.47,21.72,22.29,407060
2003-08-28 00:00:00+05:30,21.72,22.47,21.63,22.4,109293
2003-08-29 00:00:00+05:30,22.35,22.47,21.83,22.24,194717
2003-09-01 00:00:00+05:30,21.99,22.31,21.66,22.18,74703
2003-09-02 00:00:00+05:30,21.86,22.04,21.41,21.71,64712
2003-09-03 00:00:00+05:30,21.4,22.35,21.4,22.21,108218
2003-09-04 00:00:00+05:30,22.47,25.12,22.47,23.71,2807611
2003-09-05 00:00:00+05:30,25.12,25.14,23.22,23.39,343712
2003-09-08 00:00:00+05:30,23.11,25.47,23.03,24.71,528691
2003-09-09 00:00:00+05:30,25.14,25.14,23.86,23.97,195174
2003-09-10 00:00:00+05:30,22.26,24.07,22.26,23.65,78460
2003-09-11 00:00:00+05:30,24.56,24.56,23.43,23.51,67908
2003-09-12 00:00:00+05:30,23.22,23.8,23.22,23.54,102209
2003-09-15 00:00:00+05:30,23.54,23.74,23.22,23.6,102526
2003-09-16 00:00:00+05:30,22.84,23.75,22.84,23.69,108807
2003-09-17 00:00:00+05:30,23.65,23.97,23.57,23.8,46038
2003-09-18 00:00:00+05:30,23.59,23.83,23.41,23.71,144752
2003-09-19 00:00:00+05:30,23.44,23.73,22.79,23.42,49300
2003-09-22 00:00:00+05:30,23.15,23.54,23.0,23.49,53497
2003-09-23 00:00:00+05:30,23.13,23.62,23.13,23.59,39001
2003-09-24 00:00:00+05:30,23.07,23.44,23.07,23.4,25916
2003-09-25 00:00:00+05:30,22.36,23.41,22.36,23.28,47581
2003-09-26 00:00:00+05:30,23.21,23.54,23.0,23.51,50459
2003-09-29 00:00:00+05:30,23.38,23.65,23.11,23.14,30505
2003-09-30 00:00:00+05:30,23.2,23.38,22.68,22.8,29029
2003-10-01 00:00:00+05:30,22.8,23.11,22.15,22.29,68731
2003-10-03 00:00:00+05:30,22.77,22.79,22.15,22.49,56095
2003-10-06 00:00:00+05:30,23.21,23.21,22.47,23.07,113228
2003-10-07 00:00:00+05:30,23.22,23.94,22.9,23.49,276832
2003-10-08 00:00:00+05:30,23.71,24.29,23.71,23.89,142462
2003-10-09 00:00:00+05:30,23.54,24.4,23.54,24.33,66273
2003-10-10 00:00:00+05:30,23.97,24.5,23.65,23.73,40982
2003-10-13 00:00:00+05:30,23.75,27.82,23.54,26.15,338105
2003-10-14 00:00:00+05:30,26.43,27.27,25.26,25.49,136172
2003-10-15 00:00:00+05:30,25.68,25.68,23.92,24.05,109629
2003-10-16 00:00:00+05:30,24.5,24.82,24.07,24.37,96208
2003-10-17 00:00:00+05:30,24.61,25.02,23.9,23.99,113966
2003-10-20 00:00:00+05:30,24.28,24.66,23.76,24.32,111031
2003-10-21 00:00:00+05:30,23.97,26.68,23.97,26.24,282355
2003-10-22 00:00:00+05:30,25.68,26.96,25.68,26.73,316291
2003-10-23 00:00:00+05:30,26.43,27.28,25.68,26.27,182679
2003-10-24 00:00:00+05:30,26.19,26.7,25.14,26.24,35748
2003-10-25 00:00:00+05:30,26.75,27.82,25.38,27.28,94676
2003-10-27 00:00:00+05:30,26.86,27.82,26.86,27.32,92190
2003-10-28 00:00:00+05:30,27.5,27.5,26.21,26.42,106770
2003-10-29 00:00:00+05:30,26.96,26.96,25.17,25.76,126396
2003-10-30 00:00:00+05:30,25.68,26.91,25.68,26.85,58665
2003-10-31 00:00:00+05:30,27.07,27.15,26.21,26.56,92330
2003-11-03 00:00:00+05:30,25.89,26.54,25.36,25.91,245980
2003-11-04 00:00:00+05:30,25.88,25.99,25.52,25.58,445940
2003-11-05 00:00:00+05:30,25.63,25.63,25.14,25.3,97853
2003-11-06 00:00:00+05:30,25.18,26.42,25.17,25.63,86760
2003-11-07 00:00:00+05:30,26.1,27.07,25.68,26.75,111181
2003-11-10 00:00:00+05:30,26.86,26.86,25.81,26.18,69497
2003-11-11 00:00:00+05:30,27.71,28.41,25.8,27.99,526569
2003-11-12 00:00:00+05:30,28.03,28.35,27.3,27.68,238410
2003-11-13 00:00:00+05:30,27.82,27.82,26.75,27.31,88386
2003-11-14 00:00:00+05:30,28.25,28.25,26.86,27.53,84395
2003-11-15 00:00:00+05:30,26.86,28.14,26.77,27.53,66525
2003-11-17 00:00:00+05:30,27.82,29.1,27.62,28.47,271644
2003-11-18 00:00:00+05:30,28.88,29.3,28.35,28.52,145874
2003-11-19 00:00:00+05:30,28.25,28.89,27.83,28.46,86731
2003-11-20 00:00:00+05:30,28.05,28.57,27.82,28.02,76357
2003-11-21 00:00:00+05:30,27.35,27.35,26.21,27.12,100900
2003-11-24 00:00:00+05:30,26.78,27.5,26.78,27.31,89638
2003-11-25 00:00:00+05:30,27.51,27.66,27.28,27.36,100676
2003-11-27 00:00:00+05:30,27.71,28.78,27.19,27.35,117041
2003-11-28 00:00:00+05:30,28.46,28.46,27.44,27.62,51394
2003-12-01 00:00:00+05:30,27.82,27.92,27.27,27.4,79974
2003-12-02 00:00:00+05:30,26.65,27.82,26.59,27.67,79273
2003-12-03 00:00:00+05:30,26.75,27.89,26.75,27.76,89647
2003-12-04 00:00:00+05:30,27.71,27.82,27.35,27.78,53076
2003-12-05 00:00:00+05:30,28.01,28.44,27.5,27.66,142060
2003-12-08 00:00:00+05:30,28.34,29.42,27.99,29.04,207951
2003-12-09 00:00:00+05:30,29.1,30.07,28.78,29.69,464221
2003-12-10 00:00:00+05:30,29.32,30.6,29.32,29.64,249242
2003-12-11 00:00:00+05:30,29.87,30.81,29.13,30.15,102106
2003-12-12 00:00:00+05:30,29.83,30.57,29.53,30.32,70394
2003-12-15 00:00:00+05:30,29.42,30.7,29.42,30.5,98564
2003-12-16 00:00:00+05:30,29.44,31.32,29.44,31.05,260373
2003-12-17 00:00:00+05:30,29.53,31.32,29.53,30.92,214297
2003-12-18 00:00:00+05:30,31.14,32.1,30.49,30.95,96853
2003-12-19 00:00:00+05:30,30.5,31.03,30.28,30.45,125780
2003-12-22 00:00:00+05:30,31.19,31.99,30.6,31.78,231886
2003-12-23 00:00:00+05:30,32.31,32.63,31.03,32.24,172519
2003-12-24 00:00:00+05:30,32.15,33.7,31.83,33.35,160080
2003-12-26 00:00:00+05:30,34.23,34.23,32.95,33.6,135920
2003-12-29 00:00:00+05:30,33.81,34.72,33.81,34.0,99302
2003-12-30 00:00:00+05:30,33.38,34.13,32.75,33.04,99358
2003-12-31 00:00:00+05:30,33.01,33.06,31.78,31.9,61403
2004-01-01 00:00:00+05:30,31.95,32.74,31.95,32.54,77965
2004-01-02 00:00:00+05:30,32.16,33.73,32.12,32.83,88414
2004-01-05 00:00:00+05:30,32.21,32.62,31.67,31.97,86825
2004-01-06 00:00:00+05:30,31.56,33.06,31.56,32.3,145023
2004-01-07 00:00:00+05:30,31.16,31.62,30.49,30.83,99900
2004-01-08 00:00:00+05:30,31.46,32.74,31.15,32.44,79731
2004-01-09 00:00:00+05:30,32.85,34.36,31.56,32.13,187174
2004-01-12 00:00:00+05:30,32.21,32.21,31.27,31.64,38431
2004-01-13 00:00:00+05:30,31.19,32.31,31.03,31.93,72376
2004-01-14 00:00:00+05:30,31.88,32.36,31.46,31.99,163958
2004-01-15 00:00:00+05:30,32.1,33.17,31.56,33.0,144098
2004-01-16 00:00:00+05:30,32.85,32.85,31.57,32.15,120480
2004-01-19 00:00:00+05:30,34.75,34.75,31.56,32.64,91554
2004-01-20 00:00:00+05:30,32.13,33.24,32.13,33.1,178034
2004-01-21 00:00:00+05:30,32.38,32.53,31.19,31.85,147360
2004-01-22 00:00:00+05:30,31.59,32.1,30.08,30.91,104218
2004-01-23 00:00:00+05:30,30.4,30.98,29.76,30.33,82937
2004-01-27 00:00:00+05:30,30.72,32.1,29.85,31.47,56123
2004-01-28 00:00:00+05:30,31.35,32.21,31.15,31.95,81012
2004-01-29 00:00:00+05:30,32.1,32.53,31.26,32.13,78507
2004-01-30 00:00:00+05:30,32.21,32.63,31.78,32.37,313506
2004-02-03 00:00:00+05:30,31.6,31.6,29.0,29.39,63254
2004-02-04 00:00:00+05:30,28.91,29.74,28.68,29.2,115396
2004-02-05 00:00:00+05:30,29.73,29.96,28.9,29.3,33945
2004-02-06 00:00:00+05:30,29.94,30.17,29.0,30.08,104115
2004-02-09 00:00:00+05:30,29.59,30.39,29.53,30.3,27645
2004-02-10 00:00:00+05:30,30.48,31.24,29.87,31.08,123116
2004-02-11 00:00:00+05:30,30.82,31.79,30.82,31.73,52899
2004-02-12 00:00:00+05:30,31.99,32.1,31.15,31.68,73572
2004-02-13 00:00:00+05:30,31.56,31.78,31.4,31.41,43048
2004-02-16 00:00:00+05:30,31.46,31.99,30.71,31.85,46814
2004-02-17 00:00:00+05:30,31.56,32.1,31.14,31.61,68151
2004-02-18 00:00:00+05:30,31.56,31.56,30.75,30.83,26617
2004-02-19 00:00:00+05:30,30.5,31.35,29.41,29.69,68189
2004-02-20 00:00:00+05:30,30.33,31.24,29.69,30.99,93068
2004-02-23 00:00:00+05:30,30.97,31.34,30.49,31.03,64441
2004-02-24 00:00:00+05:30,30.5,30.81,29.42,29.92,22318
2004-02-25 00:00:00+05:30,30.17,30.17,29.21,29.4,21496
2004-02-26 00:00:00+05:30,30.17,30.17,29.21,30.03,26094
2004-02-27 00:00:00+05:30,27.93,30.19,27.93,29.78,83339
2004-03-01 00:00:00+05:30,29.96,30.23,29.11,30.23,22757
2004-03-03 00:00:00+05:30,29.42,31.02,28.57,30.81,92386
2004-03-04 00:00:00+05:30,30.7,30.71,29.88,30.09,23832
2004-03-05 00:00:00+05:30,29.85,30.76,29.85,30.46,20682
2004-03-08 00:00:00+05:30,29.61,30.17,29.0,29.55,40777
2004-03-09 00:00:00+05:30,27.93,30.27,27.93,30.01,126817
2004-03-10 00:00:00+05:30,29.53,29.8,29.1,29.33,14617
2004-03-11 00:00:00+05:30,29.03,30.36,29.0,29.12,30187
2004-03-12 00:00:00+05:30,28.97,30.49,28.95,30.33,52263
2004-03-15 00:00:00+05:30,30.47,30.81,29.65,30.11,28617
2004-03-16 00:00:00+05:30,29.42,30.81,29.1,30.47,28926
2004-03-17 00:00:00+05:30,29.74,30.28,29.64,29.64,739268
2004-03-18 00:00:00+05:30,29.69,29.69,29.0,29.34,39963
2004-03-19 00:00:00+05:30,29.69,29.94,27.82,29.39,38085
2004-03-22 00:00:00+05:30,27.93,29.42,26.75,27.35,36552
2004-03-23 00:00:00+05:30,27.39,28.02,26.86,27.77,42029
2004-03-24 00:00:00+05:30,27.82,27.82,25.69,26.18,54721
2004-03-25 00:00:00+05:30,26.32,28.68,26.32,27.49,26533
2004-03-26 00:00:00+05:30,27.82,28.96,27.71,28.81,41291
2004-03-29 00:00:00+05:30,31.56,31.56,27.98,29.34,56142
2004-03-30 00:00:00+05:30,28.89,29.32,27.82,27.99,20580
2004-03-31 00:00:00+05:30,28.35,30.39,28.06,29.49,57198
2004-04-01 00:00:00+05:30,29.42,29.8,29.1,29.3,27692
2004-04-02 00:00:00+05:30,28.6,29.64,28.59,29.2,38459
2004-04-05 00:00:00+05:30,30.49,30.49,29.21,29.85,51478
2004-04-06 00:00:00+05:30,29.05,29.73,28.89,29.31,68918
2004-04-07 00:00:00+05:30,29.72,29.72,29.05,29.31,190025
2004-04-08 00:00:00+05:30,28.63,29.42,28.63,29.28,36309
2004-04-12 00:00:00+05:30,29.74,29.94,29.1,29.69,17580
2004-04-13 00:00:00+05:30,29.16,29.62,28.68,28.8,16757
2004-04-15 00:00:00+05:30,28.92,29.85,28.78,28.87,18654
2004-04-16 00:00:00+05:30,27.93,29.09,27.93,28.75,47646
2004-04-17 00:00:00+05:30,28.58,28.89,28.58,28.79,14551
2004-04-19 00:00:00+05:30,28.89,30.26,28.68,29.04,70955
2004-04-20 00:00:00+05:30,28.84,28.89,28.35,28.48,17056
2004-04-21 00:00:00+05:30,28.84,29.1,28.57,28.76,17337
2004-04-22 00:00:00+05:30,28.89,29.1,28.68,28.93,56796
2004-04-23 00:00:00+05:30,29.0,30.49,29.0,29.91,110676
2004-04-27 00:00:00+05:30,28.03,29.42,27.82,28.54,26075
2004-04-28 00:00:00+05:30,29.42,29.64,28.57,29.44,51375
2004-04-29 00:00:00+05:30,27.39,29.95,27.39,29.47,51627
2004-04-30 00:00:00+05:30,29.45,29.83,29.1,29.15,10159
2004-05-03 00:00:00+05:30,28.73,29.1,28.35,28.51,16897
2004-05-04 00:00:00+05:30,28.68,29.1,28.68,28.91,24496
2004-05-05 00:00:00+05:30,28.84,29.15,28.46,28.72,33468
2004-05-06 00:00:00+05:30,28.7,29.64,28.7,29.53,25570
2004-05-07 00:00:00+05:30,29.01,29.21,28.51,28.72,18813
2004-05-10 00:00:00+05:30,28.35,28.57,27.93,28.25,38786
2004-05-11 00:00:00+05:30,27.82,28.14,27.18,27.82,23729
2004-05-12 00:00:00+05:30,27.61,28.95,27.42,28.75,57226
2004-05-13 00:00:00+05:30,27.82,28.93,27.82,28.86,15140
2004-05-14 00:00:00+05:30,27.93,28.01,25.14,25.66,46524
2004-05-17 00:00:00+05:30,23.86,26.21,22.66,25.34,226241
2004-05-18 00:00:00+05:30,23.75,29.42,23.56,25.69,124864
2004-05-19 00:00:00+05:30,26.21,27.71,25.68,26.87,43207
2004-05-20 00:00:00+05:30,26.75,27.93,26.22,27.46,44478
2004-05-21 00:00:00+05:30,24.98,28.35,24.98,28.02,168519
2004-05-24 00:00:00+05:30,27.29,28.35,27.29,27.56,11215
2004-05-25 00:00:00+05:30,27.39,27.57,26.33,26.7,9448
2004-05-26 00:00:00+05:30,27.39,27.39,26.21,26.42,6532
2004-05-27 00:00:00+05:30,26.21,27.28,26.0,27.11,27767
2004-05-28 00:00:00+05:30,26.75,27.71,26.55,27.47,54048
2004-05-31 00:00:00+05:30,25.36,27.28,25.36,27.08,49730
2004-06-01 00:00:00+05:30,26.66,26.86,25.79,26.05,18823
2004-06-02 00:00:00+05:30,26.75,26.75,25.14,25.64,62161
2004-06-03 00:00:00+05:30,25.68,26.75,25.68,26.67,126630
2004-06-04 00:00:00+05:30,26.24,27.07,26.24,26.67,20038
2004-06-07 00:00:00+05:30,26.34,27.78,26.34,27.38,100068
2004-06-08 00:00:00+05:30,28.57,28.57,26.42,27.29,118564
2004-06-09 00:00:00+05:30,27.39,27.39,26.36,26.42,8962
2004-06-10 00:00:00+05:30,26.57,26.69,26.21,26.28,8308
2004-06-11 00:00:00+05:30,27.28,27.5,26.27,27.35,109779
2004-06-14 00:00:00+05:30,26.34,26.83,26.34,26.48,12551
2004-06-15 00:00:00+05:30,26.33,27.4,26.33,27.27,205511
2004-06-16 00:00:00+05:30,27.39,27.82,26.98,27.65,142733
2004-06-17 00:00:00+05:30,27.5,27.92,26.89,27.75,36683
2004-06-18 00:00:00+05:30,27.28,27.55,26.98,26.98,3000
2004-06-21 00:00:00+05:30,28.02,28.02,26.77,27.81,492998
2004-06-22 00:00:00+05:30,27.5,27.5,26.76,26.89,9364
2004-06-23 00:00:00+05:30,27.28,27.28,26.21,26.38,12673
2004-06-24 00:00:00+05:30,25.95,27.06,25.79,25.98,34029
2004-06-25 00:00:00+05:30,26.27,26.43,25.9,25.98,6738
2004-06-28 00:00:00+05:30,26.02,26.8,26.02,26.55,18505
2004-06-29 00:00:00+05:30,26.43,26.96,26.05,26.1,20084
2004-06-30 00:00:00+05:30,25.84,26.75,25.84,26.32,14981
2004-07-01 00:00:00+05:30,26.72,26.72,25.89,26.11,20421
2004-07-02 00:00:00+05:30,26.42,26.43,25.79,25.96,16271
2004-07-05 00:00:00+05:30,26.42,26.51,25.4,25.59,80199
2004-07-06 00:00:00+05:30,25.26,25.52,24.47,24.83,86806
2004-07-07 00:00:00+05:30,25.36,25.89,25.14,25.4,27907
2004-07-08 00:00:00+05:30,26.11,26.11,25.04,25.25,26907
2004-07-09 00:00:00+05:30,25.68,25.97,24.87,25.58,43954
2004-07-12 00:00:00+05:30,24.93,25.51,24.93,25.03,20346
2004-07-13 00:00:00+05:30,25.66,25.66,24.88,24.91,9495
2004-07-14 00:00:00+05:30,24.74,25.4,24.74,24.88,12000
2004-07-15 00:00:00+05:30,24.88,25.36,24.61,24.89,30701
2004-07-16 00:00:00+05:30,24.94,25.51,24.72,24.76,37057
2004-07-19 00:00:00+05:30,25.47,25.47,24.93,25.27,17280
2004-07-20 00:00:00+05:30,25.25,25.57,24.83,25.43,14832
2004-07-21 00:00:00+05:30,25.47,25.57,25.04,25.11,34477
2004-07-22 00:00:00+05:30,24.63,25.57,24.63,24.97,15785
2004-07-23 00:00:00+05:30,25.45,25.45,24.86,24.97,16159
2004-07-26 00:00:00+05:30,25.44,25.44,24.72,24.74,16346
2004-07-27 00:00:00+05:30,24.66,25.29,24.66,24.73,37216
2004-07-28 00:00:00+05:30,24.93,25.23,24.62,24.84,10860
2004-07-29 00:00:00+05:30,25.22,25.22,24.18,24.68,36758
2004-07-30 00:00:00+05:30,24.45,24.8,23.9,24.07,29730
2004-08-02 00:00:00+05:30,24.5,24.5,23.54,23.79,19524
2004-08-03 00:00:00+05:30,23.75,23.97,23.54,23.66,31571
2004-08-04 00:00:00+05:30,23.43,24.17,23.33,23.49,42291
2004-08-05 00:00:00+05:30,23.94,23.94,23.44,23.54,21402
2004-08-06 00:00:00+05:30,23.43,23.85,23.29,23.34,81012
2004-08-09 00:00:00+05:30,23.33,23.9,23.22,23.53,18066
2004-08-10 00:00:00+05:30,23.54,24.23,23.54,23.82,51450
2004-08-11 00:00:00+05:30,23.75,24.04,23.39,23.51,31664
2004-08-12 00:00:00+05:30,23.43,23.75,23.43,23.6,29029
2004-08-13 00:00:00+05:30,23.75,24.18,23.75,23.9,41141
2004-08-16 00:00:00+05:30,23.55,23.83,23.38,23.6,27300
2004-08-17 00:00:00+05:30,23.16,23.73,23.16,23.49,24795
2004-08-18 00:00:00+05:30,23.33,23.81,23.12,23.19,38113
2004-08-19 00:00:00+05:30,23.33,23.66,22.83,23.09,57067
2004-08-20 00:00:00+05:30,23.33,23.42,22.7,22.82,52656
2004-08-23 00:00:00+05:30,23.43,23.43,23.0,23.08,33533
2004-08-24 00:00:00+05:30,23.01,23.16,22.36,22.41,75133
2004-08-25 00:00:00+05:30,21.94,23.22,21.94,23.0,136817
2004-08-26 00:00:00+05:30,22.97,23.22,22.73,23.05,59291
2004-08-27 00:00:00+05:30,26.11,26.21,23.33,24.11,158117
2004-08-30 00:00:00+05:30,25.35,25.35,24.18,24.55,147481
2004-08-31 00:00:00+05:30,24.61,24.88,24.19,24.42,178623
2004-09-01 00:00:00+05:30,26.11,26.11,24.29,24.48,202633
2004-09-02 00:00:00+05:30,24.61,24.69,24.34,24.43,119705
2004-09-03 00:00:00+05:30,24.58,24.59,23.54,24.1,99461
2004-09-06 00:00:00+05:30,24.4,25.01,24.4,24.91,91629
2004-09-07 00:00:00+05:30,25.13,25.79,25.09,25.61,187436
2004-09-08 00:00:00+05:30,25.9,29.53,25.9,26.74,311178
2004-09-09 00:00:00+05:30,26.86,27.28,26.32,26.43,132453
2004-09-10 00:00:00+05:30,27.02,27.02,25.95,26.52,74983
2004-09-13 00:00:00+05:30,26.55,28.19,26.44,27.65,297346
2004-09-14 00:00:00+05:30,27.82,28.62,27.45,28.36,266635
2004-09-15 00:00:00+05:30,28.35,28.68,26.96,27.28,139481
2004-09-16 00:00:00+05:30,27.28,27.82,27.18,27.58,58562
2004-09-17 00:00:00+05:30,27.8,27.8,27.44,27.61,76460
2004-09-20 00:00:00+05:30,27.81,29.02,27.66,28.89,379966
2004-09-21 00:00:00+05:30,28.89,29.1,28.39,28.56,158734
2004-09-22 00:00:00+05:30,28.61,28.66,28.04,28.21,97152
2004-09-23 00:00:00+05:30,28.46,28.46,27.57,27.66,70282
2004-09-24 00:00:00+05:30,28.78,28.78,27.66,27.76,69684
2004-09-27 00:00:00+05:30,27.5,27.82,27.39,27.48,43281
2004-09-28 00:00:00+05:30,27.42,28.0,27.18,27.26,41085
2004-09-29 00:00:00+05:30,27.18,27.58,27.09,27.14,15598
2004-09-30 00:00:00+05:30,27.61,27.66,27.28,27.39,33692
2004-10-01 00:00:00+05:30,27.08,27.59,27.08,27.38,26197
2004-10-04 00:00:00+05:30,27.4,28.24,27.39,27.61,80236
2004-10-05 00:00:00+05:30,27.61,28.14,27.61,27.81,169099
2004-10-06 00:00:00+05:30,27.61,27.8,27.4,27.63,40767
2004-10-07 00:00:00+05:30,28.01,28.35,27.35,27.73,75068
2004-10-08 00:00:00+05:30,28.33,28.33,27.61,27.83,52057
2004-10-09 00:00:00+05:30,27.78,28.35,27.52,28.05,36347
2004-10-11 00:00:00+05:30,27.84,28.11,27.34,27.53,85974
2004-10-12 00:00:00+05:30,27.61,27.61,26.97,27.32,33001
2004-10-14 00:00:00+05:30,26.86,27.16,26.74,27.07,45478
2004-10-15 00:00:00+05:30,27.12,27.12,26.55,26.8,29066
2004-10-18 00:00:00+05:30,28.24,28.24,26.62,26.66,33879
2004-10-19 00:00:00+05:30,26.7,28.21,26.64,27.61,64011
2004-10-20 00:00:00+05:30,27.28,27.71,27.16,27.21,37421
2004-10-21 00:00:00+05:30,26.54,27.71,26.54,27.49,77413
2004-10-25 00:00:00+05:30,27.5,27.82,27.08,27.25,42879
2004-10-26 00:00:00+05:30,26.96,27.7,26.92,27.48,18383
2004-10-27 00:00:00+05:30,27.39,27.76,27.39,27.72,63871
2004-10-28 00:00:00+05:30,27.82,27.91,27.75,27.83,44683
2004-10-29 00:00:00+05:30,27.82,28.78,27.82,28.57,165136
2004-11-01 00:00:00+05:30,28.15,28.88,28.03,28.68,103162
2004-11-02 00:00:00+05:30,28.89,29.63,28.71,28.99,152780
2004-11-03 00:00:00+05:30,29.41,29.62,29.1,29.3,84012
2004-11-04 00:00:00+05:30,29.42,29.53,29.32,29.42,87984
2004-11-05 00:00:00+05:30,29.1,29.38,29.02,29.32,75927
2004-11-08 00:00:00+05:30,29.48,29.48,28.73,29.32,118097
2004-11-09 00:00:00+05:30,29.42,29.42,28.68,29.1,522485
2004-11-10 00:00:00+05:30,29.21,29.53,29.18,29.29,100190
2004-11-11 00:00:00+05:30,29.74,29.96,28.78,28.93,101396
2004-11-12 00:00:00+05:30,28.35,29.42,28.35,29.34,21122
2004-11-16 00:00:00+05:30,29.53,29.95,28.72,29.18,149958
2004-11-17 00:00:00+05:30,29.42,30.28,29.1,29.66,651377
2004-11-18 00:00:00+05:30,29.85,30.17,29.74,30.01,112359
2004-11-19 00:00:00+05:30,29.85,30.76,29.85,30.14,312319
2004-11-22 00:00:00+05:30,29.52,29.96,29.28,29.78,105330
2004-11-23 00:00:00+05:30,29.96,30.2,29.38,30.05,102667
2004-11-24 00:00:00+05:30,29.95,30.49,29.76,30.06,147463
2004-11-25 00:00:00+05:30,29.32,30.97,29.32,30.56,305113
2004-11-29 00:00:00+05:30,30.39,36.27,30.17,30.43,200876
2004-11-30 00:00:00+05:30,30.2,31.01,29.74,29.98,318085
2004-12-01 00:00:00+05:30,29.85,30.28,29.43,29.72,77469
2004-12-02 00:00:00+05:30,30.49,30.49,29.42,29.64,249887
2004-12-03 00:00:00+05:30,29.96,29.96,29.22,29.57,76815
2004-12-06 00:00:00+05:30,29.42,29.95,29.38,29.43,143743
2004-12-07 00:00:00+05:30,29.42,29.68,29.1,29.26,99881
2004-12-08 00:00:00+05:30,29.32,30.07,29.1,29.59,240344
2004-12-09 00:00:00+05:30,29.85,31.76,29.53,30.55,790251
2004-12-10 00:00:00+05:30,31.55,32.56,30.81,31.75,1889635
2004-12-13 00:00:00+05:30,31.83,34.24,31.83,33.76,1702909
2004-12-14 00:00:00+05:30,34.39,34.72,33.7,33.82,655256
2004-12-15 00:00:00+05:30,34.19,34.19,33.28,33.45,474483
2004-12-16 00:00:00+05:30,33.81,33.87,32.76,32.95,267439
2004-12-17 00:00:00+05:30,32.66,33.48,32.63,32.7,169389
2004-12-20 00:00:00+05:30,33.81,33.89,32.77,33.22,212231
2004-12-21 00:00:00+05:30,33.7,33.7,32.69,33.05,410752
2004-12-22 00:00:00+05:30,32.98,33.38,31.99,32.23,244429
2004-12-23 00:00:00+05:30,32.21,32.58,31.9,32.06,387966
2004-12-24 00:00:00+05:30,31.59,32.1,31.59,32.04,155556
2004-12-27 00:00:00+05:30,31.56,32.02,31.14,31.55,140817
2004-12-28 00:00:00+05:30,31.03,31.88,31.03,31.55,329581
2004-12-29 00:00:00+05:30,30.65,31.45,30.49,30.69,165734
2004-12-30 00:00:00+05:30,30.31,30.91,29.86,30.42,133883
2004-12-31 00:00:00+05:30,30.28,30.38,29.1,29.64,198025
2005-01-03 00:00:00+05:30,29.62,30.49,29.62,30.0,159921
2005-01-04 00:00:00+05:30,30.49,31.35,29.64,30.46,276000
2005-01-05 00:00:00+05:30,30.61,30.61,29.11,29.63,115835
2005-01-06 00:00:00+05:30,29.74,30.27,29.0,29.87,159762
2005-01-07 00:00:00+05:30,29.45,29.93,29.45,29.65,53749
2005-01-10 00:00:00+05:30,29.53,32.21,29.1,29.32,86180
2005-01-11 00:00:00+05:30,29.49,30.27,29.21,29.36,56618
2005-01-12 00:00:00+05:30,29.73,29.73,27.61,27.93,156659
2005-01-13 00:00:00+05:30,28.89,29.0,28.46,28.94,122191
2005-01-14 00:00:00+05:30,28.89,28.89,28.58,28.74,74236
2005-01-17 00:00:00+05:30,28.88,28.89,28.48,28.83,48571
2005-01-18 00:00:00+05:30,28.89,29.39,28.73,28.77,115919
2005-01-19 00:00:00+05:30,27.93,28.88,27.93,28.7,73927
2005-01-20 00:00:00+05:30,28.89,28.89,28.46,28.65,281542
2005-01-24 00:00:00+05:30,28.47,28.68,28.46,28.58,17187
2005-01-25 00:00:00+05:30,28.87,28.89,28.68,28.84,39898
2005-01-27 00:00:00+05:30,28.88,29.36,28.88,29.24,40992
2005-01-28 00:00:00+05:30,29.4,29.53,29.16,29.43,137154
2005-01-31 00:00:00+05:30,28.94,30.15,28.94,29.47,73105
2005-02-01 00:00:00+05:30,31.46,31.46,30.21,30.79,856609
2005-02-02 00:00:00+05:30,31.03,32.63,31.03,31.89,875712
2005-02-03 00:00:00+05:30,32.48,32.63,31.88,32.02,158669
2005-02-04 00:00:00+05:30,32.31,32.31,31.19,31.59,132275
2005-02-07 00:00:00+05:30,31.94,33.33,31.78,32.66,205128
2005-02-08 00:00:00+05:30,31.84,32.63,31.83,32.48,123200
2005-02-09 00:00:00+05:30,32.63,33.54,32.32,33.35,367208
2005-02-10 00:00:00+05:30,33.7,33.7,32.74,33.23,129602
2005-02-11 00:00:00+05:30,33.38,34.24,32.98,34.07,189632
2005-02-14 00:00:00+05:30,34.77,35.63,33.92,34.44,1173582
2005-02-15 00:00:00+05:30,34.77,35.28,33.7,33.83,462053
2005-02-16 00:00:00+05:30,34.55,35.04,32.42,32.94,640078
2005-02-17 00:00:00+05:30,33.02,33.38,32.05,32.49,320039
2005-02-18 00:00:00+05:30,32.43,33.17,32.1,32.63,772923
2005-02-21 00:00:00+05:30,33.16,33.7,32.66,32.78,179529
2005-02-22 00:00:00+05:30,32.63,33.46,32.63,33.25,184183
2005-02-23 00:00:00+05:30,34.02,34.02,32.76,33.15,149238
2005-02-24 00:00:00+05:30,33.3,33.57,32.97,33.22,108826
2005-02-25 00:00:00+05:30,33.18,33.62,32.64,32.97,1112571
2005-02-28 00:00:00+05:30,33.59,34.02,32.55,32.87,201820
2005-03-01 00:00:00+05:30,31.9,34.01,31.9,33.25,175127
2005-03-02 00:00:00+05:30,34.02,34.13,32.42,32.68,286168
2005-03-03 00:00:00+05:30,32.63,33.15,32.36,32.46,394359
2005-03-04 00:00:00+05:30,32.85,33.17,32.37,32.45,186071
2005-03-07 00:00:00+05:30,32.56,33.6,32.53,32.75,313534
2005-03-08 00:00:00+05:30,32.85,33.17,32.63,32.89,266728
2005-03-09 00:00:00+05:30,33.12,33.54,32.79,33.1,251074
2005-03-10 00:00:00+05:30,33.17,33.28,32.86,32.98,235755
2005-03-11 00:00:00+05:30,33.17,33.38,32.85,32.98,198932
2005-03-14 00:00:00+05:30,33.15,33.7,32.97,33.08,186436
2005-03-15 00:00:00+05:30,33.06,33.27,32.89,33.14,217671
2005-03-16 00:00:00+05:30,32.95,33.43,32.85,33.17,112246
2005-03-17 00:00:00+05:30,33.49,33.49,32.85,32.87,152594
2005-03-18 00:00:00+05:30,33.28,33.28,32.21,32.95,200978
2005-03-21 00:00:00+05:30,33.69,33.7,32.85,33.17,133079
2005-03-22 00:00:00+05:30,33.18,33.22,32.91,32.94,293028
2005-03-23 00:00:00+05:30,32.91,32.95,32.21,32.77,309992
2005-03-24 00:00:00+05:30,32.85,33.38,32.1,33.17,392471
2005-03-28 00:00:00+05:30,32.97,33.17,32.63,32.85,359629
2005-03-29 00:00:00+05:30,32.63,32.72,32.1,32.4,142135
2005-03-30 00:00:00+05:30,32.21,32.95,32.1,32.32,49637
2005-03-31 00:00:00+05:30,32.94,33.28,32.32,33.0,390097
2005-04-01 00:00:00+05:30,33.28,33.7,33.06,33.63,83264
2005-04-04 00:00:00+05:30,33.17,34.55,33.17,34.32,226933
2005-04-05 00:00:00+05:30,33.7,35.31,33.7,34.18,441510
2005-04-06 00:00:00+05:30,34.11,35.3,34.11,34.6,147192
2005-04-07 00:00:00+05:30,34.77,34.77,34.25,34.27,80535
2005-04-08 00:00:00+05:30,34.24,34.55,33.7,34.13,79423
2005-04-11 00:00:00+05:30,34.02,34.44,33.06,34.06,366274
2005-04-12 00:00:00+05:30,33.61,34.82,33.61,34.68,166753
2005-04-13 00:00:00+05:30,35.63,35.63,34.32,34.55,93573
2005-04-15 00:00:00+05:30,34.53,34.53,33.52,33.78,82012
2005-04-18 00:00:00+05:30,33.49,33.49,32.85,33.18,275430
2005-04-19 00:00:00+05:30,33.38,33.92,33.38,33.57,63609
2005-04-20 00:00:00+05:30,33.6,33.71,33.06,33.5,57086
2005-04-21 00:00:00+05:30,33.59,33.97,33.38,33.7,62759
2005-04-22 00:00:00+05:30,33.62,34.02,33.39,33.82,42795
2005-04-25 00:00:00+05:30,33.92,33.92,33.28,33.81,15056
2005-04-26 00:00:00+05:30,33.91,34.45,33.51,34.3,389405
2005-04-27 00:00:00+05:30,34.67,36.58,34.27,35.25,252382
2005-04-28 00:00:00+05:30,35.52,35.84,34.54,34.82,265345
2005-04-29 00:00:00+05:30,34.24,35.31,33.97,34.6,548476
2005-05-02 00:00:00+05:30,34.56,35.3,34.02,34.58,65450
2005-05-03 00:00:00+05:30,34.99,35.31,34.52,35.05,76245
2005-05-04 00:00:00+05:30,35.31,35.84,34.77,35.18,73105
2005-05-05 00:00:00+05:30,35.46,35.52,33.82,34.09,87507
2005-05-06 00:00:00+05:30,35.2,37.34,34.35,35.89,740483
2005-05-09 00:00:00+05:30,36.88,37.34,36.17,37.06,1202153
2005-05-10 00:00:00+05:30,35.84,38.84,35.84,38.3,538700
2005-05-11 00:00:00+05:30,38.41,38.94,37.45,37.67,165192
2005-05-12 00:00:00+05:30,38.3,39.05,38.04,38.99,476044
2005-05-13 00:00:00+05:30,40.66,40.66,38.09,39.0,282000
2005-05-16 00:00:00+05:30,39.34,39.34,38.52,39.12,127901
2005-05-17 00:00:00+05:30,39.19,39.8,38.84,39.55,275757
2005-05-18 00:00:00+05:30,40.65,40.66,38.89,39.85,485988
2005-05-19 00:00:00+05:30,39.29,40.87,39.29,40.35,239671
2005-05-20 00:00:00+05:30,40.77,40.77,39.83,39.95,74339
2005-05-23 00:00:00+05:30,40.18,40.18,39.59,39.62,87563
2005-05-24 00:00:00+05:30,39.8,40.44,39.32,39.64,119032
2005-05-25 00:00:00+05:30,39.59,40.02,39.43,39.55,50674
2005-05-26 00:00:00+05:30,39.6,39.8,39.37,39.55,77647
2005-05-27 00:00:00+05:30,40.34,40.55,39.6,40.13,261009
2005-05-30 00:00:00+05:30,41.51,41.51,39.59,40.71,143705
2005-05-31 00:00:00+05:30,41.59,41.59,40.66,40.78,184810
2005-06-01 00:00:00+05:30,40.63,40.77,38.3,40.38,1882691
2005-06-02 00:00:00+05:30,40.28,40.28,38.73,38.82,111405
2005-06-03 00:00:00+05:30,39.37,39.8,39.16,39.55,231680
2005-06-04 00:00:00+05:30,39.35,39.35,38.56,38.91,35487
2005-06-06 00:00:00+05:30,38.52,39.27,37.77,38.1,255784
2005-06-07 00:00:00+05:30,37.98,38.4,37.89,38.05,96358
2005-06-08 00:00:00+05:30,38.36,38.51,37.98,38.26,176538
2005-06-09 00:00:00+05:30,38.73,38.89,37.57,37.91,48683
2005-06-10 00:00:00+05:30,38.19,38.63,37.98,38.41,328637
2005-06-13 00:00:00+05:30,38.3,38.76,38.29,38.35,177333
2005-06-14 00:00:00+05:30,38.33,39.05,38.33,38.72,184305
2005-06-15 00:00:00+05:30,39.05,42.8,39.05,42.36,2388503
2005-06-16 00:00:00+05:30,45.99,45.99,36.38,43.67,2070978
2005-06-17 00:00:00+05:30,43.65,44.41,41.73,41.91,827495
2005-06-20 00:00:00+05:30,43.3,46.97,39.2,40.67,1066111
2005-06-21 00:00:00+05:30,40.97,41.19,39.83,40.93,152687
2005-06-22 00:00:00+05:30,40.98,41.41,40.14,40.4,281691
2005-06-23 00:00:00+05:30,40.27,40.66,39.76,40.43,262261
2005-06-24 00:00:00+05:30,40.02,40.66,39.39,39.77,249017
2005-06-27 00:00:00+05:30,39.77,40.55,38.64,38.87,141930
2005-06-28 00:00:00+05:30,40.41,40.41,37.77,38.47,256700
2005-06-29 00:00:00+05:30,39.05,39.05,38.09,38.36,136976
2005-06-30 00:00:00+05:30,37.89,39.05,37.58,37.96,135331
2005-07-01 00:00:00+05:30,37.98,38.52,37.72,38.27,116134
2005-07-04 00:00:00+05:30,38.3,39.03,38.12,38.58,188567
2005-07-05 00:00:00+05:30,39.26,39.26,38.34,38.7,142743
2005-07-06 00:00:00+05:30,38.41,39.37,38.2,38.93,136200
2005-07-07 00:00:00+05:30,39.26,39.37,37.99,38.31,69273
2005-07-08 00:00:00+05:30,38.81,38.81,37.66,37.86,173426
2005-07-11 00:00:00+05:30,36.49,38.71,36.49,37.88,71955
2005-07-12 00:00:00+05:30,38.35,38.45,37.66,37.96,141201
2005-07-13 00:00:00+05:30,38.28,41.4,38.22,38.9,253868
2005-07-14 00:00:00+05:30,39.88,39.88,38.2,38.38,187632
2005-07-15 00:00:00+05:30,38.73,41.47,38.65,40.98,928798
2005-07-18 00:00:00+05:30,41.7,43.33,40.44,40.56,633797
2005-07-19 00:00:00+05:30,39.48,41.62,39.48,40.25,167248
2005-07-20 00:00:00+05:30,38.84,41.41,38.84,41.08,430781
2005-07-21 00:00:00+05:30,41.61,41.61,40.28,40.69,167688
2005-07-22 00:00:00+05:30,39.72,41.16,39.72,40.72,131789
2005-07-25 00:00:00+05:30,42.58,42.58,39.8,40.44,355470
2005-07-26 00:00:00+05:30,39.8,40.95,39.8,40.82,334983
2005-07-27 00:00:00+05:30,40.86,43.33,40.15,42.68,971033
2005-07-29 00:00:00+05:30,41.3,43.54,41.3,42.82,773811
2005-08-01 00:00:00+05:30,42.79,43.12,41.84,42.79,90685
2005-08-02 00:00:00+05:30,42.26,44.4,42.26,43.78,361246
2005-08-03 00:00:00+05:30,43.33,43.91,42.48,43.21,184221
2005-08-04 00:00:00+05:30,42.81,43.98,42.58,43.78,996520
2005-08-05 00:00:00+05:30,45.14,45.14,43.44,44.44,221437
2005-08-08 00:00:00+05:30,43.57,44.61,43.55,43.75,62142
2005-08-09 00:00:00+05:30,44.71,44.72,42.01,42.66,107555
2005-08-10 00:00:00+05:30,43.33,44.4,43.23,44.08,517158
2005-08-11 00:00:00+05:30,45.05,45.26,43.87,44.11,126948
2005-08-12 00:00:00+05:30,43.87,45.89,43.23,45.33,263579
2005-08-16 00:00:00+05:30,45.33,46.6,44.94,45.89,278794
2005-08-17 00:00:00+05:30,44.19,46.97,44.19,45.46,101844
2005-08-18 00:00:00+05:30,46.53,46.53,44.94,45.66,153089
2005-08-19 00:00:00+05:30,45.26,46.97,45.26,45.74,172772
2005-08-22 00:00:00+05:30,45.05,46.0,44.83,45.23,324394
2005-08-23 00:00:00+05:30,46.54,50.82,44.95,45.56,175837
2005-08-24 00:00:00+05:30,44.97,45.58,44.41,44.96,211259
2005-08-25 00:00:00+05:30,45.58,46.01,44.95,45.47,1353299
2005-08-26 00:00:00+05:30,46.01,48.03,46.01,46.3,128387
2005-08-29 00:00:00+05:30,45.48,46.76,45.48,46.57,130331
2005-08-30 00:00:00+05:30,45.47,47.81,45.47,46.46,314637
2005-08-31 00:00:00+05:30,47.08,47.92,45.79,47.77,136724
2005-09-01 00:00:00+05:30,48.15,48.27,47.43,47.75,624909
2005-09-02 00:00:00+05:30,48.97,48.97,47.51,48.15,115106
2005-09-05 00:00:00+05:30,49.19,49.19,47.72,48.68,387564
2005-09-06 00:00:00+05:30,48.8,49.22,47.99,48.82,239942
2005-09-08 00:00:00+05:30,49.0,49.54,47.99,48.56,401612
2005-09-09 00:00:00+05:30,47.67,49.54,47.67,49.35,240307
2005-09-12 00:00:00+05:30,49.75,51.89,49.22,51.66,1632224
2005-09-13 00:00:00+05:30,51.25,52.86,50.94,51.89,397602
2005-09-14 00:00:00+05:30,51.36,54.46,51.36,53.9,3182212
2005-09-15 00:00:00+05:30,54.03,55.47,53.61,54.78,590917
2005-09-16 00:00:00+05:30,54.87,55.32,54.68,54.77,146350
2005-09-19 00:00:00+05:30,53.55,55.63,52.96,54.59,197315
2005-09-20 00:00:00+05:30,53.71,54.56,52.65,52.96,148687
2005-09-21 00:00:00+05:30,52.65,52.65,45.53,51.49,251803
2005-09-22 00:00:00+05:30,51.57,51.57,49.75,50.86,304945
2005-09-23 00:00:00+05:30,51.36,52.96,49.33,50.18,151294
2005-09-26 00:00:00+05:30,50.29,52.29,49.75,52.09,118863
2005-09-27 00:00:00+05:30,52.54,53.27,51.89,53.0,66338
2005-09-28 00:00:00+05:30,52.86,53.61,52.55,53.43,80273
2005-09-29 00:00:00+05:30,53.5,53.93,52.56,52.61,55889
2005-09-30 00:00:00+05:30,52.1,53.5,51.48,53.36,141434
2005-10-03 00:00:00+05:30,53.02,53.48,52.78,53.17,26982
2005-10-04 00:00:00+05:30,53.07,53.92,52.54,53.57,1806034
2005-10-05 00:00:00+05:30,58.85,58.85,52.44,54.16,229082
2005-10-06 00:00:00+05:30,53.5,54.03,52.64,52.87,39197
2005-10-07 00:00:00+05:30,53.49,54.54,50.66,52.06,47010
2005-10-10 00:00:00+05:30,52.05,53.34,49.76,50.58,116144
2005-10-11 00:00:00+05:30,50.29,50.82,49.76,50.63,593366
2005-10-13 00:00:00+05:30,50.82,52.86,49.83,50.25,100853
2005-10-14 00:00:00+05:30,50.82,50.82,49.22,49.33,42365
2005-10-17 00:00:00+05:30,50.4,50.49,48.68,49.76,63908
2005-10-18 00:00:00+05:30,52.0,52.0,48.43,48.94,63665
2005-10-19 00:00:00+05:30,48.15,48.98,47.29,48.14,130013
2005-10-20 00:00:00+05:30,49.22,49.23,46.01,46.65,62918
2005-10-21 00:00:00+05:30,46.22,48.36,46.22,48.03,119247
2005-10-24 00:00:00+05:30,48.15,48.26,46.54,46.89,23197
2005-10-25 00:00:00+05:30,48.89,48.89,45.58,47.68,27150
2005-10-26 00:00:00+05:30,48.15,48.2,46.55,46.83,25337
2005-10-27 00:00:00+05:30,47.29,48.68,46.54,48.21,113069
2005-10-28 00:00:00+05:30,47.93,48.68,45.8,47.48,239008
2005-10-31 00:00:00+05:30,46.66,49.21,46.66,48.43,199745
2005-11-01 00:00:00+05:30,48.52,48.9,47.1,47.83,11635
2005-11-02 00:00:00+05:30,47.93,48.47,47.3,48.36,61609
2005-11-07 00:00:00+05:30,49.22,49.22,48.47,48.85,160014
2005-11-08 00:00:00+05:30,49.22,49.22,48.27,48.42,48057
2005-11-09 00:00:00+05:30,47.73,48.79,47.73,48.17,46730
2005-11-10 00:00:00+05:30,48.26,49.22,48.15,49.19,957285
2005-11-11 00:00:00+05:30,48.59,49.58,48.59,49.53,506793
2005-11-14 00:00:00+05:30,49.0,50.02,48.69,49.02,45552
2005-11-16 00:00:00+05:30,49.11,51.57,49.07,51.11,193333
2005-11-17 00:00:00+05:30,51.57,51.89,50.41,51.2,31244
2005-11-18 00:00:00+05:30,50.82,52.43,50.32,50.77,315478
2005-11-21 00:00:00+05:30,52.42,52.42,50.51,50.99,117200
2005-11-22 00:00:00+05:30,51.51,51.51,50.5,50.71,95788
2005-11-23 00:00:00+05:30,51.33,51.36,49.22,49.69,260420
2005-11-24 00:00:00+05:30,49.75,51.14,49.75,50.74,163575
2005-11-25 00:00:00+05:30,51.36,51.57,50.72,51.41,83918
2005-11-26 00:00:00+05:30,51.88,53.07,49.26,52.65,94863
2005-11-28 00:00:00+05:30,52.86,55.1,52.86,54.65,519831
2005-11-29 00:00:00+05:30,52.54,55.09,52.54,54.84,511774
2005-11-30 00:00:00+05:30,52.65,55.63,52.65,55.0,293720
2005-12-01 00:00:00+05:30,54.46,57.67,54.46,56.99,311010
2005-12-02 00:00:00+05:30,57.78,58.38,56.93,57.62,184492
2005-12-05 00:00:00+05:30,56.17,58.85,56.17,57.82,168220
2005-12-06 00:00:00+05:30,59.81,60.35,57.89,59.63,250513
2005-12-07 00:00:00+05:30,60.77,62.43,59.92,61.05,551626
2005-12-08 00:00:00+05:30,61.63,62.06,59.44,59.72,215857
2005-12-09 00:00:00+05:30,60.45,60.88,59.4,59.76,87591
2005-12-12 00:00:00+05:30,59.06,60.77,59.06,59.73,112723
2005-12-13 00:00:00+05:30,59.65,59.65,57.88,58.3,240092
2005-12-14 00:00:00+05:30,58.63,59.16,56.98,57.53,134163
2005-12-15 00:00:00+05:30,56.82,58.1,56.6,57.28,165033
2005-12-16 00:00:00+05:30,56.71,58.18,56.71,57.83,263794
2005-12-19 00:00:00+05:30,55.85,60.56,55.85,59.92,331787
2005-12-20 00:00:00+05:30,60.45,60.82,59.71,59.96,214446
2005-12-21 00:00:00+05:30,60.45,60.45,59.92,60.07,75563
2005-12-22 00:00:00+05:30,59.44,60.62,59.44,60.0,116686
2005-12-23 00:00:00+05:30,60.45,60.45,59.72,60.11,329403
2005-12-26 00:00:00+05:30,59.9,60.45,58.95,59.98,144668
2005-12-27 00:00:00+05:30,59.81,60.67,59.39,60.51,54450
2005-12-28 00:00:00+05:30,59.92,60.59,59.92,60.39,150023
2005-12-29 00:00:00+05:30,59.92,61.93,59.92,61.42,216886
2005-12-30 00:00:00+05:30,61.95,64.02,61.95,63.01,191632
2006-01-02 00:00:00+05:30,63.02,63.88,62.27,63.38,111667
2006-01-03 00:00:00+05:30,63.34,64.36,63.34,63.99,268766
2006-01-04 00:00:00+05:30,63.35,63.85,62.6,62.96,342254
2006-01-05 00:00:00+05:30,62.81,67.63,62.59,66.1,393340
2006-01-06 00:00:00+05:30,66.12,66.12,64.09,64.4,249457
2006-01-09 00:00:00+05:30,66.34,66.34,64.52,65.18,213250
2006-01-10 00:00:00+05:30,64.74,65.7,64.41,64.46,192137
2006-01-12 00:00:00+05:30,66.33,66.33,63.98,64.46,184959
2006-01-13 00:00:00+05:30,64.73,64.97,64.2,64.41,150500
2006-01-16 00:00:00+05:30,65.8,66.12,64.52,64.85,226017
2006-01-17 00:00:00+05:30,65.11,65.37,64.3,64.38,93190
2006-01-18 00:00:00+05:30,65.16,65.16,62.86,63.48,91358
2006-01-19 00:00:00+05:30,64.18,66.87,63.82,65.79,466922
2006-01-20 00:00:00+05:30,66.84,74.9,66.23,70.13,812429
2006-01-23 00:00:00+05:30,70.08,74.04,69.55,72.99,306533
2006-01-24 00:00:00+05:30,74.78,76.39,71.32,73.38,735539
2006-01-25 00:00:00+05:30,74.24,78.96,73.52,77.25,1123805
2006-01-27 00:00:00+05:30,78.0,81.86,78.0,79.29,763989
2006-01-30 00:00:00+05:30,81.75,81.75,75.11,78.26,692360
2006-01-31 00:00:00+05:30,78.51,78.51,74.91,76.34,689033
2006-02-01 00:00:00+05:30,76.82,77.25,74.9,75.37,198885
2006-02-02 00:00:00+05:30,75.32,76.18,72.88,73.72,131789
2006-02-03 00:00:00+05:30,72.86,75.42,72.76,74.53,416126
2006-02-06 00:00:00+05:30,74.58,76.37,74.47,75.97,453791
2006-02-07 00:00:00+05:30,75.97,76.18,73.83,74.95,61777
2006-02-08 00:00:00+05:30,74.68,75.11,73.72,74.44,137752
2006-02-10 00:00:00+05:30,77.09,77.09,74.9,75.48,201352
2006-02-13 00:00:00+05:30,75.54,77.68,75.11,77.07,279804
2006-02-14 00:00:00+05:30,76.77,77.2,74.92,76.62,309618
2006-02-15 00:00:00+05:30,76.8,76.8,74.91,75.06,105489
2006-02-16 00:00:00+05:30,77.86,77.86,74.9,74.97,56132
2006-02-17 00:00:00+05:30,75.43,75.43,73.83,74.84,70862
2006-02-20 00:00:00+05:30,72.23,73.83,71.11,72.44,352311
2006-02-21 00:00:00+05:30,71.69,72.76,71.05,71.56,143846
2006-02-22 00:00:00+05:30,72.22,73.82,71.15,71.29,47805
2006-02-23 00:00:00+05:30,71.69,74.35,70.62,71.05,116116
2006-02-24 00:00:00+05:30,70.66,71.67,70.08,71.26,92554
2006-02-27 00:00:00+05:30,69.34,72.01,68.61,71.3,70058
2006-02-28 00:00:00+05:30,71.15,72.11,70.89,71.18,74049
2006-03-01 00:00:00+05:30,71.69,73.99,71.15,72.65,442305
2006-03-02 00:00:00+05:30,74.68,74.68,72.54,74.01,156164
2006-03-03 00:00:00+05:30,75.2,75.2,73.35,74.5,130116
2006-03-06 00:00:00+05:30,71.9,75.97,71.9,75.0,244849
2006-03-07 00:00:00+05:30,71.69,75.43,71.69,74.59,176781
2006-03-08 00:00:00+05:30,74.78,74.9,73.56,73.71,112882
2006-03-09 00:00:00+05:30,71.15,74.79,70.51,72.94,79890
2006-03-10 00:00:00+05:30,72.76,74.34,72.75,73.03,154472
2006-03-13 00:00:00+05:30,74.04,75.85,73.51,75.25,414472
2006-03-14 00:00:00+05:30,76.29,76.82,74.37,75.79,113097
2006-03-16 00:00:00+05:30,73.08,75.42,73.08,74.92,55861
2006-03-17 00:00:00+05:30,74.79,75.43,74.68,75.16,147014
2006-03-20 00:00:00+05:30,75.97,75.97,75.22,75.55,102283
2006-03-21 00:00:00+05:30,75.43,75.97,75.33,75.61,242559
2006-03-22 00:00:00+05:30,75.43,75.43,73.51,73.92,170332
2006-03-23 00:00:00+05:30,75.97,76.07,72.86,73.01,55833
2006-03-24 00:00:00+05:30,72.33,74.36,72.3,73.49,108237
2006-03-27 00:00:00+05:30,73.82,74.9,72.76,74.15,139920
2006-03-28 00:00:00+05:30,75.97,75.97,72.97,74.37,479502
2006-03-29 00:00:00+05:30,74.47,76.07,74.36,75.62,154678
2006-03-30 00:00:00+05:30,75.44,76.18,74.9,75.42,1687899
2006-03-31 00:00:00+05:30,76.18,76.61,75.43,76.34,184445
2006-04-03 00:00:00+05:30,76.34,80.14,75.79,77.47,227363
2006-04-04 00:00:00+05:30,77.04,79.18,76.02,76.59,67516
2006-04-05 00:00:00+05:30,71.42,77.99,71.42,75.51,127322
2006-04-07 00:00:00+05:30,77.03,77.25,74.9,76.05,118863
2006-04-10 00:00:00+05:30,75.0,80.14,75.0,76.59,1067373
2006-04-12 00:00:00+05:30,76.09,77.36,74.8,75.13,701799
2006-04-13 00:00:00+05:30,75.0,75.97,71.69,72.76,170706
2006-04-17 00:00:00+05:30,72.22,74.36,71.81,73.29,42870
2006-04-18 00:00:00+05:30,80.14,80.14,69.01,72.06,89825
2006-04-19 00:00:00+05:30,75.33,76.5,72.98,75.57,115415
2006-04-20 00:00:00+05:30,75.43,76.5,73.88,74.84,75731
2006-04-21 00:00:00+05:30,74.9,75.9,74.06,74.66,72824
2006-04-24 00:00:00+05:30,75.11,75.86,72.23,74.36,50655
2006-04-25 00:00:00+05:30,73.29,75.86,73.29,75.36,52328
2006-04-26 00:00:00+05:30,75.33,75.74,74.05,75.51,27739
2006-04-27 00:00:00+05:30,75.65,75.65,74.7,74.97,17636
2006-04-28 00:00:00+05:30,66.34,74.36,64.2,72.89,62142
2006-04-29 00:00:00+05:30,74.9,75.65,74.36,74.73,24103
2006-05-02 00:00:00+05:30,74.9,77.47,74.15,76.43,250961
2006-05-03 00:00:00+05:30,77.04,77.04,75.22,76.04,107891
2006-05-04 00:00:00+05:30,76.18,76.61,74.9,75.19,74983
2006-05-05 00:00:00+05:30,75.97,76.5,73.63,74.89,65787
2006-05-08 00:00:00+05:30,72.76,76.72,72.76,75.44,70133
2006-05-09 00:00:00+05:30,73.02,76.29,73.02,74.98,62983
2006-05-10 00:00:00+05:30,74.9,78.21,74.05,77.1,167230
2006-05-11 00:00:00+05:30,76.72,77.57,75.43,76.17,86610
2006-05-12 00:00:00+05:30,75.0,75.82,71.75,75.0,127873
2006-05-15 00:00:00+05:30,74.9,75.43,71.05,71.67,137565
2006-05-16 00:00:00+05:30,72.22,72.76,69.26,70.93,198418
2006-05-17 00:00:00+05:30,70.62,73.93,70.62,73.72,62927
2006-05-18 00:00:00+05:30,73.72,73.72,68.48,69.43,95498
2006-05-19 00:00:00+05:30,71.15,71.15,62.18,65.12,167987
2006-05-22 00:00:00+05:30,65.05,67.94,58.85,64.24,276317
2006-05-23 00:00:00+05:30,65.27,66.22,64.2,65.34,115518
2006-05-24 00:00:00+05:30,60.99,65.8,60.99,65.33,261093
2006-05-25 00:00:00+05:30,65.16,65.7,63.13,65.32,1288820
2006-05-26 00:00:00+05:30,66.55,67.4,65.91,66.44,30776
2006-05-29 00:00:00+05:30,68.26,70.4,67.2,69.19,72357
2006-05-30 00:00:00+05:30,74.9,78.96,72.76,76.0,1276240
2006-05-31 00:00:00+05:30,75.33,75.43,71.26,73.26,592842
2006-06-01 00:00:00+05:30,74.79,78.43,69.65,70.5,1166666
2006-06-02 00:00:00+05:30,70.62,72.22,67.41,69.69,296795
2006-06-05 00:00:00+05:30,71.58,71.58,68.69,68.93,76526
2006-06-06 00:00:00+05:30,68.37,68.37,64.47,65.67,242840
2006-06-07 00:00:00+05:30,64.2,65.26,62.59,62.84,375648
2006-06-08 00:00:00+05:30,60.99,61.74,55.21,57.05,554402
2006-06-09 00:00:00+05:30,56.71,61.52,55.38,61.02,206362
2006-06-12 00:00:00+05:30,59.92,62.06,59.06,61.71,66834
2006-06-13 00:00:00+05:30,57.3,60.45,55.85,59.15,129537
2006-06-14 00:00:00+05:30,61.52,61.52,54.59,56.94,288795
2006-06-15 00:00:00+05:30,57.05,60.98,57.05,58.86,124508
2006-06-16 00:00:00+05:30,59.92,64.09,58.85,59.03,373265
2006-06-19 00:00:00+05:30,62.91,62.91,53.5,59.49,279084
2006-06-20 00:00:00+05:30,56.82,63.66,56.82,61.34,153061
2006-06-21 00:00:00+05:30,59.92,62.69,58.87,62.39,104723
2006-06-22 00:00:00+05:30,64.08,66.02,63.04,64.18,87180
2006-06-23 00:00:00+05:30,63.13,63.72,60.99,63.1,70516
2006-06-25 00:00:00+05:30,64.83,64.83,63.66,64.06,14776
2006-06-26 00:00:00+05:30,65.28,65.32,62.59,62.89,80301
2006-06-27 00:00:00+05:30,64.09,66.34,61.86,64.12,152650
2006-06-28 00:00:00+05:30,63.56,65.27,62.6,64.88,81591
2006-06-29 00:00:00+05:30,66.33,66.43,64.32,66.16,101844
2006-06-30 00:00:00+05:30,66.77,69.12,65.91,67.81,268738
2006-07-03 00:00:00+05:30,66.48,69.0,66.48,68.25,67768
2006-07-04 00:00:00+05:30,69.55,70.51,68.26,69.28,119275
2006-07-05 00:00:00+05:30,66.44,69.55,66.34,69.04,57095
2006-07-06 00:00:00+05:30,68.91,68.91,67.41,68.11,114574
2006-07-07 00:00:00+05:30,70.29,70.29,65.27,66.58,68983
2006-07-10 00:00:00+05:30,66.44,69.55,65.49,67.43,69264
2006-07-11 00:00:00+05:30,66.55,69.38,66.55,67.94,171931
2006-07-12 00:00:00+05:30,66.87,68.69,66.34,67.8,55076
2006-07-13 00:00:00+05:30,67.8,68.48,67.68,68.02,46758
2006-07-14 00:00:00+05:30,66.34,69.01,65.81,68.34,33421
2006-07-17 00:00:00+05:30,68.91,69.55,66.55,67.14,54945
2006-07-18 00:00:00+05:30,67.93,69.23,66.87,67.47,57525
2006-07-19 00:00:00+05:30,69.33,69.39,64.87,66.09,86535
2006-07-20 00:00:00+05:30,66.09,67.57,66.09,66.98,72039
2006-07-21 00:00:00+05:30,66.34,66.65,64.85,66.1,42889
2006-07-24 00:00:00+05:30,64.95,65.48,63.13,65.17,33300
2006-07-25 00:00:00+05:30,67.16,67.51,66.02,66.93,43001
2006-07-26 00:00:00+05:30,67.8,67.8,67.11,67.47,29543
2006-07-27 00:00:00+05:30,68.26,68.26,66.87,67.28,51319
2006-07-28 00:00:00+05:30,67.73,71.47,66.34,67.43,730165
2006-07-31 00:00:00+05:30,69.01,69.53,65.81,66.63,140939
2006-08-01 00:00:00+05:30,65.94,67.19,65.8,66.32,51534
2006-08-02 00:00:00+05:30,66.35,66.87,65.92,66.18,91741
2006-08-03 00:00:00+05:30,66.34,66.98,65.8,66.54,101676
2006-08-04 00:00:00+05:30,67.16,67.16,66.18,66.54,26440
2006-08-07 00:00:00+05:30,66.55,66.87,65.8,66.11,35356
2006-08-08 00:00:00+05:30,66.98,67.62,66.44,67.1,67189
2006-08-09 00:00:00+05:30,66.12,68.48,66.12,67.8,36132
2006-08-10 00:00:00+05:30,67.73,69.43,67.73,68.43,79077
2006-08-11 00:00:00+05:30,68.8,69.55,67.62,68.3,150668
2006-08-14 00:00:00+05:30,69.01,69.55,68.48,69.1,81619
2006-08-16 00:00:00+05:30,70.94,74.79,70.94,72.36,446641
2006-08-17 00:00:00+05:30,72.22,74.79,71.9,72.56,191632
2006-08-18 00:00:00+05:30,74.15,74.47,72.76,74.32,287673
2006-08-21 00:00:00+05:30,74.36,78.64,74.36,78.11,522821
2006-08-22 00:00:00+05:30,78.75,80.14,78.54,78.74,465782
2006-08-23 00:00:00+05:30,79.18,80.03,77.47,78.05,199268
2006-08-24 00:00:00+05:30,78.32,78.35,76.51,77.66,155865
2006-08-25 00:00:00+05:30,79.5,79.5,77.68,77.94,91003
2006-08-28 00:00:00+05:30,78.86,79.18,78.13,78.71,185679
2006-08-29 00:00:00+05:30,79.18,79.61,77.68,78.07,154706
2006-08-30 00:00:00+05:30,78.33,78.86,78.0,78.54,78170
2006-08-31 00:00:00+05:30,78.32,80.75,77.7,78.18,167865
2006-09-01 00:00:00+05:30,78.21,78.93,77.57,78.02,145462
2006-09-04 00:00:00+05:30,78.02,79.18,78.02,79.02,205231
2006-09-05 00:00:00+05:30,79.07,80.25,78.96,79.56,217633
2006-09-06 00:00:00+05:30,80.14,80.24,79.18,79.92,206109
2006-09-07 00:00:00+05:30,79.81,83.99,78.43,82.27,666153
2006-09-08 00:00:00+05:30,83.43,87.74,82.92,87.28,1248473
2006-09-11 00:00:00+05:30,87.74,91.49,85.81,86.89,1531146
2006-09-12 00:00:00+05:30,101.08,101.08,89.97,97.96,3883843
2006-09-13 00:00:00+05:30,99.7,100.47,95.04,95.61,1198105
2006-09-14 00:00:00+05:30,94.84,96.46,92.0,92.45,547121
2006-09-15 00:00:00+05:30,92.41,92.41,89.97,90.22,635115
2006-09-18 00:00:00+05:30,90.78,90.78,85.72,88.56,1119334
2006-09-19 00:00:00+05:30,89.81,89.97,83.89,84.91,587644
2006-09-20 00:00:00+05:30,83.89,84.99,82.8,83.45,281743
2006-09-21 00:00:00+05:30,84.87,89.89,83.49,86.89,611452
2006-09-22 00:00:00+05:30,86.73,88.11,82.03,82.64,576635
2006-09-25 00:00:00+05:30,83.49,84.87,81.91,83.37,581307
2006-09-26 00:00:00+05:30,84.18,85.52,83.69,84.26,290373
2006-09-27 00:00:00+05:30,85.03,85.07,83.0,83.29,169912
2006-09-28 00:00:00+05:30,82.92,83.89,82.03,82.35,144684
2006-09-29 00:00:00+05:30,82.68,84.95,82.27,82.84,190905
2006-10-03 00:00:00+05:30,83.69,84.38,81.95,82.48,155640
2006-10-04 00:00:00+05:30,89.16,89.16,81.1,81.34,383879
2006-10-05 00:00:00+05:30,82.6,83.49,81.91,82.76,197860
2006-10-06 00:00:00+05:30,82.68,87.34,82.56,86.77,656515
2006-10-09 00:00:00+05:30,86.57,86.73,84.75,85.6,156187
2006-10-10 00:00:00+05:30,86.0,86.65,84.5,84.87,113448
2006-10-11 00:00:00+05:30,86.29,86.33,83.49,83.69,175072
2006-10-12 00:00:00+05:30,85.31,85.31,82.35,82.8,151668
2006-10-13 00:00:00+05:30,84.3,84.3,82.19,82.48,211566
2006-10-16 00:00:00+05:30,84.3,84.3,81.3,81.75,316715
2006-10-17 00:00:00+05:30,83.49,83.49,80.25,80.37,239860
2006-10-18 00:00:00+05:30,79.56,81.46,79.52,80.45,169493
2006-10-19 00:00:00+05:30,81.87,81.87,79.92,80.33,133349
2006-10-20 00:00:00+05:30,81.06,83.49,79.44,81.06,219660
2006-10-21 00:00:00+05:30,82.6,83.08,81.18,82.68,69962
2006-10-23 00:00:00+05:30,83.49,83.49,81.67,81.99,101082
2006-10-26 00:00:00+05:30,82.68,83.41,80.37,81.1,188864
2006-10-27 00:00:00+05:30,82.19,82.19,80.9,81.14,116150
2006-10-30 00:00:00+05:30,81.42,82.68,80.41,81.46,131672
2006-10-31 00:00:00+05:30,81.87,84.06,80.29,82.96,342311
2006-11-01 00:00:00+05:30,83.49,84.14,80.45,80.61,334970
2006-11-02 00:00:00+05:30,81.63,82.11,80.04,80.73,238828
2006-11-03 00:00:00+05:30,81.38,83.0,80.65,80.94,254696
2006-11-06 00:00:00+05:30,81.83,83.25,81.06,81.75,238498
2006-11-07 00:00:00+05:30,82.68,87.91,82.27,85.72,1992633
2006-11-08 00:00:00+05:30,87.14,87.14,81.46,82.23,630187
2006-11-09 00:00:00+05:30,83.0,83.33,81.95,82.92,474581
2006-11-10 00:00:00+05:30,83.29,83.73,80.9,82.44,509725
2006-11-13 00:00:00+05:30,82.52,83.49,81.99,83.21,170764
2006-11-14 00:00:00+05:30,84.14,86.57,82.35,83.85,626530
2006-11-15 00:00:00+05:30,85.11,85.11,82.68,82.8,143422
2006-11-16 00:00:00+05:30,83.77,83.77,82.27,82.64,134284
2006-11-17 00:00:00+05:30,82.68,82.68,80.33,80.65,215292
2006-11-20 00:00:00+05:30,80.41,80.65,77.45,79.76,325386
2006-11-21 00:00:00+05:30,80.65,81.75,79.23,81.1,238179
2006-11-22 00:00:00+05:30,80.29,82.11,79.44,80.29,150366
2006-11-23 00:00:00+05:30,80.86,81.87,80.04,80.33,169556
2006-11-24 00:00:00+05:30,79.92,80.65,79.88,80.21,110503
2006-11-27 00:00:00+05:30,79.68,80.98,79.68,80.57,89293
2006-11-28 00:00:00+05:30,80.29,81.87,79.52,81.3,164085
2006-11-29 00:00:00+05:30,81.06,87.95,81.06,87.3,1566104
2006-11-30 00:00:00+05:30,88.92,88.92,84.38,84.91,372435
2006-12-01 00:00:00+05:30,85.68,88.27,85.64,87.38,505990
2006-12-04 00:00:00+05:30,87.54,88.19,85.11,86.61,252857
2006-12-05 00:00:00+05:30,86.57,87.38,85.56,86.77,267773
2006-12-06 00:00:00+05:30,83.49,87.14,83.49,86.0,182995
2006-12-07 00:00:00+05:30,86.73,86.73,85.76,85.92,300549
2006-12-08 00:00:00+05:30,86.33,87.95,85.11,86.2,364530
2006-12-11 00:00:00+05:30,86.73,86.73,82.68,84.91,452068
2006-12-12 00:00:00+05:30,86.53,86.53,79.48,81.5,929230
2006-12-13 00:00:00+05:30,82.31,84.91,81.46,84.14,169485
2006-12-14 00:00:00+05:30,84.22,85.07,81.46,82.44,235037
2006-12-15 00:00:00+05:30,83.49,85.03,82.72,83.08,121415
2006-12-18 00:00:00+05:30,84.62,86.69,82.68,85.35,386899
2006-12-19 00:00:00+05:30,87.3,87.3,84.38,85.15,453049
2006-12-20 00:00:00+05:30,86.33,86.33,84.5,85.15,87822
2006-12-21 00:00:00+05:30,85.11,85.11,82.68,84.62,45414
2006-12-22 00:00:00+05:30,82.76,85.56,82.76,85.27,140275
2006-12-26 00:00:00+05:30,85.92,85.92,83.53,84.06,98393
2006-12-27 00:00:00+05:30,84.66,92.77,84.18,89.33,1866045
2006-12-28 00:00:00+05:30,89.16,90.3,85.27,86.04,420049
2006-12-29 00:00:00+05:30,83.49,86.16,83.33,85.03,1298163
2007-01-02 00:00:00+05:30,84.71,86.89,83.94,85.48,281475
2007-01-03 00:00:00+05:30,86.45,86.45,84.14,85.11,1204769
2007-01-04 00:00:00+05:30,85.6,87.46,84.5,84.79,226678
2007-01-05 00:00:00+05:30,85.03,85.84,83.98,84.14,593646
2007-01-08 00:00:00+05:30,84.1,84.3,83.49,84.06,118012
2007-01-09 00:00:00+05:30,85.03,85.43,82.68,83.53,253253
2007-01-10 00:00:00+05:30,84.95,84.95,82.31,82.72,135782
2007-01-11 00:00:00+05:30,81.87,83.89,77.0,82.84,145580
2007-01-12 00:00:00+05:30,82.72,84.83,82.72,83.37,356477
2007-01-15 00:00:00+05:30,83.89,84.91,82.76,82.96,128546
2007-01-16 00:00:00+05:30,84.14,84.14,82.35,82.68,187519
2007-01-17 00:00:00+05:30,83.25,83.49,82.31,82.72,213637
2007-01-18 00:00:00+05:30,83.37,83.49,82.07,82.4,274928
2007-01-19 00:00:00+05:30,82.64,82.96,81.87,82.31,135610
2007-01-22 00:00:00+05:30,82.68,83.0,82.07,82.27,182573
2007-01-23 00:00:00+05:30,81.91,82.56,81.87,82.11,113543
2007-01-24 00:00:00+05:30,82.52,82.52,80.37,81.18,214913
2007-01-25 00:00:00+05:30,83.41,83.41,81.06,81.26,149009
2007-01-29 00:00:00+05:30,83.41,83.41,80.17,80.53,460043
2007-01-31 00:00:00+05:30,81.06,81.87,79.44,80.98,277487
2007-02-01 00:00:00+05:30,82.6,82.6,78.26,79.4,731454
2007-02-02 00:00:00+05:30,81.63,81.63,78.02,78.55,312552
2007-02-05 00:00:00+05:30,78.87,80.09,78.63,78.79,151079
2007-02-06 00:00:00+05:30,79.84,80.81,78.71,79.96,204681
2007-02-07 00:00:00+05:30,79.96,80.57,78.83,79.23,89684
2007-02-08 00:00:00+05:30,79.11,79.48,77.9,78.06,76711
2007-02-09 00:00:00+05:30,78.63,78.63,77.0,77.05,146315
2007-02-12 00:00:00+05:30,76.64,78.63,76.64,77.0,114117
2007-02-13 00:00:00+05:30,77.0,78.42,75.42,77.25,220562
2007-02-14 00:00:00+05:30,76.19,77.09,75.79,76.92,258070
2007-02-15 00:00:00+05:30,77.0,78.22,76.03,76.8,171987
2007-02-19 00:00:00+05:30,78.63,78.63,75.83,76.52,151704
2007-02-20 00:00:00+05:30,76.84,78.38,76.52,78.1,281814
2007-02-21 00:00:00+05:30,78.5,79.19,76.23,77.05,330615
2007-02-22 00:00:00+05:30,77.09,77.49,75.91,76.64,559653
2007-02-23 00:00:00+05:30,76.64,76.84,75.02,75.46,114123
2007-02-26 00:00:00+05:30,75.55,76.19,74.61,75.83,42179
2007-02-27 00:00:00+05:30,76.19,76.76,75.38,75.99,41606
2007-02-28 00:00:00+05:30,70.52,78.75,70.52,76.76,158352
2007-03-01 00:00:00+05:30,77.41,77.41,75.14,76.19,383987
2007-03-02 00:00:00+05:30,76.28,80.04,76.19,77.82,153163
2007-03-05 00:00:00+05:30,77.82,77.82,72.95,74.74,208584
2007-03-06 00:00:00+05:30,70.56,76.6,69.1,75.14,167883
2007-03-07 00:00:00+05:30,73.8,76.4,73.8,75.46,117571
2007-03-08 00:00:00+05:30,74.69,78.22,74.57,77.65,67852
2007-03-09 00:00:00+05:30,78.63,78.83,75.75,76.76,49765
2007-03-12 00:00:00+05:30,76.96,76.96,75.38,75.59,37360
2007-03-13 00:00:00+05:30,77.73,77.73,74.41,76.64,48623
2007-03-14 00:00:00+05:30,74.78,76.88,74.21,76.4,27178
2007-03-15 00:00:00+05:30,76.88,77.41,75.42,75.67,91394
2007-03-16 00:00:00+05:30,76.92,76.92,74.65,74.9,124630
2007-03-19 00:00:00+05:30,75.79,76.68,75.02,76.19,61910
2007-03-20 00:00:00+05:30,75.79,77.41,75.79,76.72,60171
2007-03-21 00:00:00+05:30,75.79,78.3,75.79,77.41,38013
2007-03-22 00:00:00+05:30,77.17,78.02,76.03,76.6,35475
2007-03-23 00:00:00+05:30,76.6,78.99,75.83,77.45,35842
2007-03-26 00:00:00+05:30,76.92,77.82,74.69,76.44,85344
2007-03-28 00:00:00+05:30,73.15,76.03,73.15,74.69,233327
2007-03-29 00:00:00+05:30,74.74,74.9,72.95,73.56,128557
2007-03-30 00:00:00+05:30,74.57,76.72,73.56,75.99,70046
2007-04-02 00:00:00+05:30,75.38,76.03,73.88,74.37,35902
2007-04-03 00:00:00+05:30,76.11,76.11,73.92,75.06,55040
2007-04-04 00:00:00+05:30,75.79,76.48,74.21,75.91,40585
2007-04-05 00:00:00+05:30,74.69,80.09,74.69,78.18,77580
2007-04-09 00:00:00+05:30,79.36,80.17,75.38,77.05,41829
2007-04-10 00:00:00+05:30,77.0,78.22,76.84,77.69,114161
2007-04-11 00:00:00+05:30,77.09,79.03,77.09,78.67,51395
2007-04-12 00:00:00+05:30,77.21,80.25,77.21,79.07,150198
2007-04-13 00:00:00+05:30,79.44,85.31,79.03,84.06,229567
2007-04-16 00:00:00+05:30,85.11,85.76,81.26,81.95,55209
2007-04-17 00:00:00+05:30,81.87,81.91,78.67,79.23,97426
2007-04-18 00:00:00+05:30,80.98,80.98,78.71,79.32,42267
2007-04-19 00:00:00+05:30,79.03,79.84,78.46,78.99,34947
2007-04-20 00:00:00+05:30,78.99,82.27,78.63,81.38,63399
2007-04-23 00:00:00+05:30,81.87,82.15,79.03,80.98,52824
2007-04-24 00:00:00+05:30,80.25,81.46,79.92,80.98,35871
2007-04-25 00:00:00+05:30,79.56,82.68,79.56,81.42,63228
2007-04-26 00:00:00+05:30,80.41,81.71,78.3,79.56,546002
2007-04-27 00:00:00+05:30,80.17,80.17,77.09,78.55,225972
2007-04-30 00:00:00+05:30,81.06,81.06,77.9,78.26,628349
2007-05-03 00:00:00+05:30,78.95,82.68,77.94,80.69,89286
2007-05-04 00:00:00+05:30,81.87,81.87,79.6,79.92,29824
2007-05-07 00:00:00+05:30,80.65,80.65,78.75,79.44,21920
2007-05-08 00:00:00+05:30,78.63,80.09,78.22,78.67,260588
2007-05-09 00:00:00+05:30,78.22,79.84,78.22,79.07,23896
2007-05-10 00:00:00+05:30,78.75,81.87,78.63,79.96,135182
2007-05-11 00:00:00+05:30,77.41,81.67,77.41,80.41,1346154
2007-05-14 00:00:00+05:30,81.46,84.3,79.68,82.8,459034
2007-05-15 00:00:00+05:30,82.68,83.49,81.26,82.68,283295
2007-05-16 00:00:00+05:30,83.08,83.89,81.91,83.45,203535
2007-05-17 00:00:00+05:30,83.61,85.84,81.91,84.66,378825
2007-05-18 00:00:00+05:30,84.3,84.3,80.86,81.14,117651
2007-05-21 00:00:00+05:30,82.68,82.68,81.22,81.46,48631
2007-05-22 00:00:00+05:30,82.56,82.56,79.56,80.04,53682
2007-05-23 00:00:00+05:30,79.56,80.81,79.44,79.64,38809
2007-05-24 00:00:00+05:30,79.27,80.81,79.27,80.33,54812
2007-05-25 00:00:00+05:30,79.52,80.25,79.32,79.6,50603
2007-05-28 00:00:00+05:30,80.81,80.81,78.71,78.99,45585
2007-05-29 00:00:00+05:30,79.03,81.87,77.9,81.18,152925
2007-05-30 00:00:00+05:30,81.46,83.33,79.6,80.17,773786
2007-05-31 00:00:00+05:30,79.92,81.34,79.6,80.86,39405
2007-06-01 00:00:00+05:30,80.9,81.06,79.92,80.25,94765
2007-06-04 00:00:00+05:30,82.44,82.44,79.92,80.25,57924
2007-06-05 00:00:00+05:30,80.81,81.46,79.64,80.25,46447
2007-06-06 00:00:00+05:30,80.9,80.9,80.13,80.25,38831
2007-06-07 00:00:00+05:30,80.25,80.25,72.55,79.03,32189
2007-06-08 00:00:00+05:30,79.52,79.68,77.82,78.5,48586
2007-06-11 00:00:00+05:30,79.44,80.25,77.82,79.68,129925
2007-06-12 00:00:00+05:30,79.03,80.53,79.03,79.56,63858
2007-06-13 00:00:00+05:30,80.09,81.46,79.44,80.53,63991
2007-06-14 00:00:00+05:30,81.79,82.6,80.65,82.4,122120
2007-06-15 00:00:00+05:30,83.08,83.08,80.45,81.02,106596
2008-12-26 00:00:00+05:30,103.35,109.02,97.43,101.2,92265
2008-12-29 00:00:00+05:30,101.32,102.94,98.16,100.11,17233
2008-12-30 00:00:00+05:30,101.32,105.78,99.3,103.75,226687
2008-12-31 00:00:00+05:30,103.71,105.98,99.7,100.27,32893
2009-01-01 00:00:00+05:30,97.72,103.75,97.67,100.84,32364
2009-01-02 00:00:00+05:30,99.3,104.56,99.3,104.12,60841
2009-01-05 00:00:00+05:30,102.54,114.09,102.54,103.71,62420
2009-01-06 00:00:00+05:30,102.29,106.19,101.32,102.5,57803
2009-01-07 00:00:00+05:30,102.62,104.56,89.85,92.89,96738
2009-01-09 00:00:00+05:30,91.6,94.68,85.19,90.7,1289867
2009-01-12 00:00:00+05:30,88.35,88.8,84.71,87.75,1137334
2009-01-13 00:00:00+05:30,87.75,92.32,86.73,88.15,18924
2009-01-14 00:00:00+05:30,87.54,91.19,87.54,88.35,29165
2009-01-15 00:00:00+05:30,86.0,87.54,85.92,86.2,16649
2009-01-16 00:00:00+05:30,85.11,88.72,85.11,86.61,32200
2009-01-19 00:00:00+05:30,85.92,87.95,85.92,86.12,19053
2009-01-20 00:00:00+05:30,84.3,89.12,84.3,86.77,23964
2009-01-21 00:00:00+05:30,85.11,91.31,85.11,89.16,40440
2009-01-22 00:00:00+05:30,89.97,90.7,82.07,83.37,40080
2009-01-23 00:00:00+05:30,82.07,84.75,79.84,80.69,50043
2009-01-27 00:00:00+05:30,81.06,84.71,80.25,82.03,41497
2009-01-28 00:00:00+05:30,81.06,83.49,78.38,79.23,30115
2009-01-29 00:00:00+05:30,80.25,82.27,78.63,79.56,21952
2009-01-30 00:00:00+05:30,80.17,80.25,78.63,79.84,14209
2009-02-02 00:00:00+05:30,80.09,81.06,77.41,77.86,27593
2009-02-03 00:00:00+05:30,77.09,80.0,77.0,77.53,15139
2009-02-04 00:00:00+05:30,77.0,79.36,77.0,77.29,6569
2009-02-05 00:00:00+05:30,76.44,80.25,76.44,77.49,31684
2009-02-06 00:00:00+05:30,77.57,82.48,77.49,81.18,35144
2009-02-09 00:00:00+05:30,82.27,82.27,79.6,80.57,15604
2009-02-10 00:00:00+05:30,81.14,83.89,79.44,82.8,46959
2009-02-11 00:00:00+05:30,85.11,85.11,78.91,80.57,10161
2009-02-12 00:00:00+05:30,82.52,84.83,81.22,83.04,29212
2009-02-13 00:00:00+05:30,84.06,93.22,81.91,91.19,121736
2009-02-16 00:00:00+05:30,90.42,92.81,85.11,85.39,34458
2009-02-17 00:00:00+05:30,85.11,87.54,81.87,86.2,31714
2009-02-18 00:00:00+05:30,84.62,89.04,82.96,87.7,32026
2009-02-19 00:00:00+05:30,87.54,89.16,84.71,85.6,12950
2009-02-20 00:00:00+05:30,85.6,85.92,81.26,83.57,25093
2009-02-24 00:00:00+05:30,81.22,84.06,81.22,82.19,29206
2009-02-25 00:00:00+05:30,83.08,83.49,81.02,81.1,19737
2009-02-26 00:00:00+05:30,80.33,82.27,80.33,81.34,7525
2009-02-27 00:00:00+05:30,81.06,82.52,81.02,81.26,9050
2009-03-02 00:00:00+05:30,81.79,81.79,77.82,79.76,22297
2009-03-03 00:00:00+05:30,79.32,81.38,77.0,78.1,65692
2009-03-04 00:00:00+05:30,77.9,79.84,77.86,77.9,12810
2009-03-05 00:00:00+05:30,78.22,79.84,77.37,78.3,8655
2009-03-06 00:00:00+05:30,76.19,78.63,75.55,77.57,28094
2009-03-09 00:00:00+05:30,76.96,77.82,76.19,76.6,24095
2009-03-12 00:00:00+05:30,77.98,77.98,76.52,77.0,28076
2009-03-13 00:00:00+05:30,77.09,78.22,76.64,76.76,14888
2009-03-16 00:00:00+05:30,77.82,78.5,75.46,76.11,48746
2009-03-17 00:00:00+05:30,77.0,77.41,73.76,74.49,27046
2009-03-18 00:00:00+05:30,75.1,77.0,74.74,74.98,37530
2009-03-19 00:00:00+05:30,76.84,76.84,73.84,74.41,19315
2009-03-20 00:00:00+05:30,74.01,75.1,73.76,74.49,13394
2009-03-23 00:00:00+05:30,74.98,75.34,72.14,72.43,166618
2009-03-24 00:00:00+05:30,74.17,74.57,72.63,73.56,36958
2009-03-25 00:00:00+05:30,72.99,74.13,70.56,71.09,97711
2009-03-26 00:00:00+05:30,72.95,72.95,71.33,71.7,31424
2009-03-27 00:00:00+05:30,72.14,72.95,70.36,70.93,42081
2009-03-30 00:00:00+05:30,71.74,72.14,69.79,70.07,59733
2009-03-31 00:00:00+05:30,69.79,71.61,68.98,70.11,38889
2009-04-01 00:00:00+05:30,70.52,71.66,69.51,69.79,56326
2009-04-02 00:00:00+05:30,71.33,83.77,70.52,83.65,487389
2009-04-06 00:00:00+05:30,86.73,100.39,84.71,98.89,1686676
2009-04-08 00:00:00+05:30,92.41,95.53,86.49,93.05,183615
2009-04-09 00:00:00+05:30,94.43,97.67,89.65,92.24,113295
2009-04-13 00:00:00+05:30,94.84,98.73,89.97,95.53,189938
2009-04-15 00:00:00+05:30,94.84,98.08,92.41,96.22,66800
2009-04-16 00:00:00+05:30,98.65,99.3,93.42,94.96,80136
2009-04-17 00:00:00+05:30,96.46,96.46,93.7,94.31,53901
2009-04-20 00:00:00+05:30,95.24,96.46,91.76,94.19,74155
2009-04-21 00:00:00+05:30,93.05,94.03,90.78,92.16,33207
2009-04-22 00:00:00+05:30,93.95,95.49,91.64,92.32,61821
2009-04-23 00:00:00+05:30,92.32,98.89,91.68,95.49,207247
2009-04-24 00:00:00+05:30,98.93,111.37,95.32,96.42,190779
2009-04-27 00:00:00+05:30,97.92,103.55,94.84,95.41,61880
2009-04-28 00:00:00+05:30,96.01,97.27,92.69,93.09,44620
2009-04-29 00:00:00+05:30,92.12,93.99,89.57,90.99,31061
2009-05-04 00:00:00+05:30,92.41,95.57,92.0,94.92,47600
2009-05-05 00:00:00+05:30,94.03,95.16,93.3,93.78,16385
2009-05-06 00:00:00+05:30,93.22,96.05,92.41,93.42,26032
2009-05-07 00:00:00+05:30,94.63,94.68,91.6,93.09,26001
2009-05-08 00:00:00+05:30,93.58,93.62,92.0,92.28,13396
2009-05-11 00:00:00+05:30,93.18,93.22,88.76,91.11,22301
2009-05-12 00:00:00+05:30,89.97,89.97,85.92,87.79,42626
2009-05-13 00:00:00+05:30,89.16,89.16,86.89,87.38,35033
2009-05-14 00:00:00+05:30,85.92,87.46,84.34,85.31,26883
2009-05-15 00:00:00+05:30,85.52,87.87,85.15,85.64,29520
2009-05-19 00:00:00+05:30,93.22,95.65,89.16,93.09,80710
2009-05-20 00:00:00+05:30,92.41,111.74,91.6,100.75,657485
2009-05-21 00:00:00+05:30,102.54,105.38,96.5,98.81,171528
2009-05-22 00:00:00+05:30,97.27,100.92,95.65,98.69,75964
2009-05-25 00:00:00+05:30,99.7,103.43,99.3,100.07,125615
2009-05-26 00:00:00+05:30,100.51,102.13,93.3,94.88,91185
2009-05-27 00:00:00+05:30,97.07,98.85,93.62,95.16,96734
2009-05-28 00:00:00+05:30,95.49,101.32,94.84,95.08,207199
2009-05-29 00:00:00+05:30,96.01,99.7,96.01,98.97,94955
2009-06-01 00:00:00+05:30,101.28,118.79,99.7,113.64,1538038
2009-06-02 00:00:00+05:30,114.94,115.1,105.05,108.54,326099
2009-06-03 00:00:00+05:30,110.24,118.34,108.62,111.74,291099
2009-06-04 00:00:00+05:30,111.05,116.52,108.62,113.12,153886
2009-06-05 00:00:00+05:30,115.79,115.79,108.74,109.35,82230
2009-06-08 00:00:00+05:30,109.51,110.64,102.17,102.94,75780
2009-06-09 00:00:00+05:30,102.94,108.62,100.59,107.48,42848
2009-06-10 00:00:00+05:30,109.27,112.67,106.19,110.81,102703
2009-06-11 00:00:00+05:30,109.43,111.45,103.43,107.2,66252
2009-06-12 00:00:00+05:30,108.62,111.05,101.32,101.73,112497
2009-06-15 00:00:00+05:30,106.39,106.39,99.74,100.55,48857
2009-06-16 00:00:00+05:30,100.55,104.12,96.42,101.61,82512
2009-06-17 00:00:00+05:30,101.32,108.98,101.32,105.21,290063
2009-06-18 00:00:00+05:30,104.56,108.58,102.34,104.61,105332
2009-06-19 00:00:00+05:30,111.05,117.53,102.62,104.56,90970
2009-06-22 00:00:00+05:30,104.56,107.0,102.13,103.02,17826
2009-06-23 00:00:00+05:30,102.54,102.74,98.89,100.51,37956
2009-06-24 00:00:00+05:30,101.32,105.38,100.75,104.77,43343
2009-06-25 00:00:00+05:30,104.56,108.58,101.36,102.17,18385
2009-06-26 00:00:00+05:30,104.48,111.86,101.73,105.38,31441
2009-06-29 00:00:00+05:30,104.56,106.71,103.15,104.69,17985
2009-06-30 00:00:00+05:30,105.38,106.59,101.44,102.01,19474
2009-07-01 00:00:00+05:30,105.38,105.38,99.17,100.27,33293
2009-07-02 00:00:00+05:30,100.59,102.94,99.78,100.92,10295
2009-07-03 00:00:00+05:30,100.59,102.54,99.82,101.57,20848
2009-07-06 00:00:00+05:30,100.11,103.75,97.43,98.89,24011
2009-07-07 00:00:00+05:30,99.7,100.92,94.07,95.69,22403
2009-07-08 00:00:00+05:30,95.73,95.73,93.22,93.7,31883
2009-07-09 00:00:00+05:30,92.41,98.89,92.41,94.31,55335
2009-07-10 00:00:00+05:30,94.84,96.46,92.0,92.77,85218
2009-07-13 00:00:00+05:30,92.0,92.53,85.15,86.98,43202
2009-07-14 00:00:00+05:30,89.97,92.77,88.43,89.81,33653
2009-07-15 00:00:00+05:30,92.32,92.32,89.29,89.93,49261
2009-07-16 00:00:00+05:30,90.06,93.14,87.18,88.03,117771
2009-07-17 00:00:00+05:30,89.97,90.78,89.16,90.5,89565
2009-07-20 00:00:00+05:30,90.91,92.41,89.33,90.01,108110
2009-07-21 00:00:00+05:30,92.32,92.32,89.57,90.74,96381
2009-07-22 00:00:00+05:30,91.6,93.14,90.46,91.03,99565
2009-07-23 00:00:00+05:30,92.41,92.65,90.91,91.51,43749
2009-07-24 00:00:00+05:30,92.37,94.68,91.23,93.62,253899
2009-07-27 00:00:00+05:30,94.03,96.13,93.22,95.08,81820
2009-07-28 00:00:00+05:30,93.26,95.97,91.07,95.0,187492
2009-07-29 00:00:00+05:30,93.22,99.3,93.22,96.38,211159
2009-07-30 00:00:00+05:30,95.93,97.19,94.19,94.96,41025
2009-07-31 00:00:00+05:30,95.65,98.08,95.65,95.93,70716
2009-08-03 00:00:00+05:30,94.84,96.05,93.46,95.45,39959
2009-08-04 00:00:00+05:30,95.65,101.12,95.32,96.74,87834
2009-08-05 00:00:00+05:30,97.27,99.17,89.97,95.12,67583
2009-08-06 00:00:00+05:30,95.65,97.88,90.18,91.15,103564
2009-08-07 00:00:00+05:30,93.18,93.62,89.24,90.06,90788
2009-08-10 00:00:00+05:30,89.97,92.0,85.72,87.18,39311
2009-08-11 00:00:00+05:30,88.35,89.04,85.92,86.49,30530
2009-08-12 00:00:00+05:30,85.11,89.85,84.71,88.72,86567
2009-08-13 00:00:00+05:30,89.57,91.35,88.96,90.38,78540
2009-08-14 00:00:00+05:30,90.78,92.2,89.08,89.24,170443
2009-08-17 00:00:00+05:30,88.76,89.0,86.37,86.89,43966
2009-08-18 00:00:00+05:30,87.54,89.04,86.98,87.3,38780
2009-08-19 00:00:00+05:30,88.35,88.92,86.77,87.3,26542
2009-08-20 00:00:00+05:30,89.08,89.16,87.14,87.5,53020
2009-08-21 00:00:00+05:30,86.81,94.63,86.81,92.16,198217
2009-08-24 00:00:00+05:30,93.14,95.45,92.16,93.86,101164
2009-08-25 00:00:00+05:30,93.62,97.11,93.46,95.61,115000
2009-08-26 00:00:00+05:30,95.65,97.59,94.92,95.85,78869
2009-08-27 00:00:00+05:30,97.96,100.51,96.05,97.07,815949
2009-08-28 00:00:00+05:30,97.03,98.08,94.11,95.2,81881
2009-08-31 00:00:00+05:30,94.84,97.11,94.03,94.55,49069
2009-09-01 00:00:00+05:30,94.03,95.24,92.57,92.89,84978
2009-09-02 00:00:00+05:30,92.73,96.86,91.27,92.93,330607
2009-09-03 00:00:00+05:30,94.03,94.8,89.97,92.12,144219
2009-09-04 00:00:00+05:30,93.86,93.91,90.83,92.28,24821
2009-09-07 00:00:00+05:30,92.41,94.03,92.41,92.65,91155
2009-09-08 00:00:00+05:30,94.03,94.43,92.12,92.45,97444
2009-09-09 00:00:00+05:30,91.8,96.38,90.78,93.09,97445
2009-09-10 00:00:00+05:30,93.95,95.24,92.53,93.14,75906
2009-09-11 00:00:00+05:30,92.41,96.82,91.6,94.07,67231
2009-09-14 00:00:00+05:30,94.43,94.84,92.89,94.35,58311
2009-09-15 00:00:00+05:30,94.84,99.13,93.74,96.34,298679
2009-09-16 00:00:00+05:30,98.81,108.66,96.66,106.92,958223
2009-09-17 00:00:00+05:30,106.75,107.4,100.51,101.81,588206
2009-09-18 00:00:00+05:30,101.32,104.16,100.27,101.61,166134
2009-09-22 00:00:00+05:30,102.13,102.94,99.05,99.7,100850
2009-09-23 00:00:00+05:30,100.51,100.92,95.28,95.89,132014
2009-09-24 00:00:00+05:30,95.61,101.32,95.28,99.17,140499
2009-09-25 00:00:00+05:30,99.66,102.62,98.89,99.74,143340
2009-09-29 00:00:00+05:30,100.51,102.7,99.42,99.9,86867
2009-09-30 00:00:00+05:30,99.94,101.65,99.5,99.9,93476
2009-10-01 00:00:00+05:30,99.58,100.92,98.08,98.57,65791
2009-10-05 00:00:00+05:30,98.57,103.59,95.73,100.92,244508
2009-10-06 00:00:00+05:30,100.96,102.05,98.2,100.03,135041
2009-10-07 00:00:00+05:30,95.41,105.86,95.41,101.36,243544
2009-10-08 00:00:00+05:30,102.05,104.65,98.73,99.13,138158
2009-10-09 00:00:00+05:30,99.13,113.24,98.08,111.01,1312155
2009-10-12 00:00:00+05:30,113.48,115.63,103.55,104.28,1417620
2009-10-14 00:00:00+05:30,104.56,107.81,102.13,103.06,369927
2009-10-15 00:00:00+05:30,120.74,122.4,109.43,110.52,3264994
2009-10-16 00:00:00+05:30,111.05,125.56,111.05,121.51,3793669
2009-10-17 00:00:00+05:30,122.4,122.44,118.34,120.65,297773
2009-10-20 00:00:00+05:30,122.32,122.72,115.22,116.16,403339
2009-10-21 00:00:00+05:30,115.91,117.41,112.06,113.72,402500
2009-10-22 00:00:00+05:30,114.29,114.29,107.81,109.06,354094
2009-10-23 00:00:00+05:30,111.7,112.67,109.59,111.13,151276
2009-10-26 00:00:00+05:30,111.13,112.67,106.51,107.36,102356
2009-10-27 00:00:00+05:30,107.4,111.01,102.13,103.23,136146
2009-10-28 00:00:00+05:30,103.67,105.42,101.32,103.75,120785
2009-10-29 00:00:00+05:30,98.36,104.77,94.51,102.34,446201
2009-10-30 00:00:00+05:30,102.94,120.45,98.97,100.63,434038
2009-11-03 00:00:00+05:30,101.24,102.94,97.27,97.76,139644
2009-11-04 00:00:00+05:30,100.51,102.94,98.08,99.42,82098
2009-11-05 00:00:00+05:30,99.7,104.12,98.57,100.31,189858
2009-11-06 00:00:00+05:30,101.89,105.13,100.59,102.46,183835
2009-11-09 00:00:00+05:30,102.9,106.67,100.51,106.1,184744
2009-11-10 00:00:00+05:30,106.19,110.24,102.38,108.09,207433
2009-11-11 00:00:00+05:30,109.43,111.37,107.0,108.74,240268
2009-11-12 00:00:00+05:30,109.43,110.24,104.65,105.38,100533
2009-11-13 00:00:00+05:30,105.38,109.75,105.38,108.82,163839
2009-11-16 00:00:00+05:30,108.74,110.72,107.52,108.21,128661
2009-11-17 00:00:00+05:30,109.06,109.06,105.38,106.59,86503
2009-11-18 00:00:00+05:30,107.81,115.43,107.04,111.41,711950
2009-11-19 00:00:00+05:30,112.67,113.04,107.04,108.78,146587
2009-11-20 00:00:00+05:30,107.85,109.83,106.83,107.89,118864
2009-11-23 00:00:00+05:30,109.02,109.02,106.19,106.79,100235
2009-11-24 00:00:00+05:30,107.6,108.62,106.75,107.52,102434
2009-11-25 00:00:00+05:30,107.0,110.85,106.19,106.96,213378
2009-11-26 00:00:00+05:30,109.43,117.49,109.43,112.06,1015307
2009-11-27 00:00:00+05:30,111.7,113.6,109.43,111.37,635875
2009-11-30 00:00:00+05:30,109.91,117.37,109.91,112.43,188094
2009-12-01 00:00:00+05:30,113.48,113.89,110.24,113.36,203362
2009-12-02 00:00:00+05:30,113.24,115.1,110.44,111.94,103755
2009-12-03 00:00:00+05:30,111.94,113.72,111.45,111.74,70774
2009-12-04 00:00:00+05:30,111.45,112.95,110.24,111.37,115565
2009-12-07 00:00:00+05:30,111.13,115.83,110.72,112.02,518739
2009-12-08 00:00:00+05:30,112.59,114.82,111.86,113.16,361559
2009-12-09 00:00:00+05:30,112.27,114.21,110.52,111.78,180199
2009-12-10 00:00:00+05:30,111.86,113.68,111.29,113.24,301150
2009-12-11 00:00:00+05:30,113.08,114.29,111.86,112.83,296305
2009-12-14 00:00:00+05:30,113.16,113.89,111.21,111.82,369998
2009-12-15 00:00:00+05:30,111.86,112.67,109.47,110.16,159037
2009-12-16 00:00:00+05:30,108.7,111.05,108.7,109.79,44488
2009-12-17 00:00:00+05:30,111.05,111.45,109.83,110.2,244463
2009-12-18 00:00:00+05:30,110.2,110.97,107.81,108.62,99066
2009-12-21 00:00:00+05:30,110.24,110.32,107.48,108.13,72131
2009-12-22 00:00:00+05:30,108.94,110.81,107.81,110.0,97556
2009-12-23 00:00:00+05:30,110.08,111.78,110.0,110.85,149101
2009-12-24 00:00:00+05:30,111.45,117.45,110.32,113.24,790433
2009-12-29 00:00:00+05:30,113.48,115.26,112.35,112.79,207327
2009-12-30 00:00:00+05:30,112.75,114.29,112.35,112.83,164789
2009-12-31 00:00:00+05:30,113.48,115.55,111.25,112.18,407953
2010-01-04 00:00:00+05:30,111.94,114.05,111.94,113.48,214273
2010-01-05 00:00:00+05:30,114.94,115.1,111.21,111.74,225106
2010-01-06 00:00:00+05:30,112.99,118.59,111.66,114.33,994120
2010-01-07 00:00:00+05:30,117.57,117.57,113.2,114.7,270441
2010-01-08 00:00:00+05:30,114.37,116.07,111.62,113.44,438110
2010-01-11 00:00:00+05:30,113.48,114.98,111.9,112.63,233538
2010-01-12 00:00:00+05:30,113.32,113.85,111.05,111.54,185987
2010-01-13 00:00:00+05:30,110.48,114.49,110.44,112.47,334678
2010-01-14 00:00:00+05:30,110.64,114.7,110.64,114.09,241547
2010-01-15 00:00:00+05:30,115.1,115.51,112.67,113.08,127154
2010-01-18 00:00:00+05:30,113.48,114.17,111.7,112.06,123286
2010-01-19 00:00:00+05:30,113.4,113.4,111.13,111.41,91189
2010-01-20 00:00:00+05:30,111.62,112.51,109.67,109.91,95517
2010-01-21 00:00:00+05:30,111.05,111.05,104.4,105.94,256386
2010-01-22 00:00:00+05:30,105.94,105.94,93.7,104.4,127406
2010-01-25 00:00:00+05:30,105.21,107.12,102.54,103.84,97942
2010-01-27 00:00:00+05:30,102.94,105.29,101.48,102.34,161668
2010-01-28 00:00:00+05:30,101.32,104.93,99.34,102.74,188067
2010-01-29 00:00:00+05:30,102.13,103.19,100.23,101.4,70370
2010-02-01 00:00:00+05:30,101.32,102.7,98.28,101.89,61757
2010-02-02 00:00:00+05:30,101.52,103.71,101.4,101.89,72042
2010-02-03 00:00:00+05:30,102.13,103.71,101.44,101.85,45867
2010-02-04 00:00:00+05:30,101.93,102.54,98.12,99.58,140831
2010-02-05 00:00:00+05:30,98.73,98.73,94.84,96.54,147202
2010-02-06 00:00:00+05:30,97.27,98.0,96.9,97.39,9183
2010-02-08 00:00:00+05:30,99.3,99.3,96.95,97.88,67578
2010-02-09 00:00:00+05:30,98.36,98.77,96.78,97.92,105921
2010-02-10 00:00:00+05:30,98.89,101.73,98.16,100.84,132053
2010-02-11 00:00:00+05:30,100.51,101.61,99.74,100.35,48517
2010-02-15 00:00:00+05:30,96.46,103.67,96.46,102.78,116746
2010-02-16 00:00:00+05:30,101.32,103.71,101.04,101.4,59159
2010-02-17 00:00:00+05:30,101.69,102.9,96.46,100.92,159707
2010-02-18 00:00:00+05:30,100.51,102.05,100.11,100.43,32500
2010-02-19 00:00:00+05:30,99.7,100.92,97.92,99.62,42306
2010-02-22 00:00:00+05:30,99.7,108.05,99.42,100.84,779630
2010-02-23 00:00:00+05:30,100.92,102.54,99.3,101.04,102826
2010-02-24 00:00:00+05:30,99.7,100.51,96.82,97.51,72113
2010-02-25 00:00:00+05:30,97.35,99.66,94.84,95.53,153764
2010-02-26 00:00:00+05:30,96.46,99.54,95.89,98.44,98952
2010-03-02 00:00:00+05:30,98.24,100.8,98.24,98.97,62192
2010-03-03 00:00:00+05:30,99.66,101.69,99.09,100.84,91733
2010-03-04 00:00:00+05:30,101.28,102.38,100.11,100.96,68031
2010-03-05 00:00:00+05:30,101.89,102.9,100.84,101.4,119988
2010-03-08 00:00:00+05:30,101.57,102.86,100.63,100.88,60412
2010-03-09 00:00:00+05:30,101.48,101.73,100.27,100.63,26229
2010-03-10 00:00:00+05:30,100.51,101.69,99.7,101.36,70871
2010-03-11 00:00:00+05:30,100.92,102.46,99.86,100.35,28556
2010-03-12 00:00:00+05:30,98.49,101.48,97.35,97.72,139671
2010-03-15 00:00:00+05:30,102.86,102.86,95.73,96.22,58445
2010-03-16 00:00:00+05:30,96.46,98.73,96.46,97.92,86677
2010-03-17 00:00:00+05:30,99.54,99.7,98.08,98.97,56530
2010-03-18 00:00:00+05:30,99.26,100.11,97.59,99.01,91357
2010-03-19 00:00:00+05:30,98.97,99.46,97.76,98.0,58411
2010-03-22 00:00:00+05:30,98.0,100.11,97.8,98.89,65750
2010-03-23 00:00:00+05:30,99.13,102.13,98.28,100.23,163478
2010-03-25 00:00:00+05:30,100.31,101.28,97.27,98.28,50365
2010-03-26 00:00:00+05:30,98.08,99.7,95.85,96.46,94326
2010-03-29 00:00:00+05:30,97.27,98.44,95.28,95.73,175263
2010-03-30 00:00:00+05:30,96.82,99.3,95.93,96.42,83012
2010-03-31 00:00:00+05:30,97.11,98.81,96.05,97.84,138475
2010-04-01 00:00:00+05:30,97.27,101.32,96.86,100.96,121594
2010-04-05 00:00:00+05:30,100.96,102.94,100.92,102.42,98725
2010-04-06 00:00:00+05:30,102.54,114.7,102.13,105.98,795497
2010-04-07 00:00:00+05:30,107.64,108.21,103.15,104.04,362405
2010-04-08 00:00:00+05:30,103.27,106.51,103.15,105.46,162480
2010-04-09 00:00:00+05:30,105.7,109.91,104.73,106.79,388707
2010-04-12 00:00:00+05:30,106.92,110.0,104.89,105.29,246796
2010-04-13 00:00:00+05:30,105.38,107.73,105.21,105.58,78400
2010-04-15 00:00:00+05:30,105.38,106.83,104.0,104.65,255570
2010-04-16 00:00:00+05:30,104.56,105.86,103.43,104.0,96550
2010-04-19 00:00:00+05:30,103.35,103.35,100.51,101.73,57259
2010-04-20 00:00:00+05:30,103.02,103.75,100.11,100.71,122243
2010-04-21 00:00:00+05:30,102.05,104.16,101.0,101.85,270442
2010-04-22 00:00:00+05:30,102.66,106.67,102.66,105.78,523419
2010-04-23 00:00:00+05:30,106.59,108.37,103.35,104.08,362746
2010-04-26 00:00:00+05:30,105.38,106.59,104.32,104.52,179843
2010-04-27 00:00:00+05:30,105.62,105.62,103.75,104.36,109889
2010-04-28 00:00:00+05:30,104.48,104.52,101.32,102.38,124844
2010-04-29 00:00:00+05:30,102.21,104.56,102.21,103.96,62512
2010-04-30 00:00:00+05:30,105.21,105.21,102.78,103.79,66440
2010-05-03 00:00:00+05:30,103.59,105.29,100.96,102.17,147249
2010-05-04 00:00:00+05:30,103.35,103.55,100.92,101.44,65686
2010-05-05 00:00:00+05:30,100.35,101.32,98.28,100.67,82927
2010-05-06 00:00:00+05:30,100.67,104.85,99.21,102.17,258753
2010-05-07 00:00:00+05:30,100.75,100.75,95.08,98.49,134108
2010-05-10 00:00:00+05:30,98.32,100.51,93.58,99.7,78489
2010-05-11 00:00:00+05:30,100.84,101.73,98.49,99.34,82095
2010-05-12 00:00:00+05:30,98.89,102.86,98.89,101.57,161092
2010-05-13 00:00:00+05:30,101.32,102.17,100.51,101.28,63570
2010-05-14 00:00:00+05:30,100.51,101.73,100.07,100.67,54573
2010-05-17 00:00:00+05:30,100.11,101.97,97.67,99.38,37653
2010-05-18 00:00:00+05:30,99.34,100.51,98.08,98.53,29670
2010-05-19 00:00:00+05:30,98.08,98.69,95.65,96.05,65892
2010-05-20 00:00:00+05:30,96.05,98.89,95.65,95.89,80992
2010-05-21 00:00:00+05:30,94.03,96.46,92.0,94.8,74671
2010-05-24 00:00:00+05:30,96.46,101.57,96.26,96.9,83106
2010-05-25 00:00:00+05:30,95.65,96.54,93.42,94.07,65159
2010-05-26 00:00:00+05:30,94.68,95.49,91.76,92.73,96624
2010-05-27 00:00:00+05:30,92.81,94.03,92.61,93.5,33299
2010-05-28 00:00:00+05:30,94.03,96.66,93.62,95.61,116017
2010-05-31 00:00:00+05:30,94.84,96.66,94.15,94.8,42456
2010-06-01 00:00:00+05:30,94.84,95.61,92.97,93.38,54084
2010-06-02 00:00:00+05:30,93.38,94.39,92.81,93.46,30710
2010-06-03 00:00:00+05:30,94.03,94.92,93.66,94.43,47749
2010-06-04 00:00:00+05:30,94.84,95.16,93.3,93.95,31863
2010-06-07 00:00:00+05:30,91.27,93.18,91.27,92.45,36246
2010-06-08 00:00:00+05:30,93.22,93.78,91.19,91.47,48636
2010-06-09 00:00:00+05:30,93.14,93.14,91.84,92.28,62777
2010-06-10 00:00:00+05:30,93.22,94.43,91.64,94.03,34935
2010-06-11 00:00:00+05:30,95.24,96.74,93.78,95.49,39213
2010-06-14 00:00:00+05:30,95.2,96.38,94.84,95.85,29024
2010-06-15 00:00:00+05:30,95.12,97.19,95.12,95.81,52276
2010-06-16 00:00:00+05:30,95.65,96.38,94.63,94.88,36807
2010-06-17 00:00:00+05:30,94.88,98.89,92.81,96.95,205490
2010-06-18 00:00:00+05:30,97.35,100.47,96.95,99.26,205705
2010-06-21 00:00:00+05:30,100.43,100.75,97.67,98.36,70317
2010-06-22 00:00:00+05:30,99.5,101.32,97.51,99.86,106385
2010-06-23 00:00:00+05:30,99.3,100.75,99.05,100.27,36409
2010-06-24 00:00:00+05:30,100.27,100.35,97.92,98.32,51411
2010-06-25 00:00:00+05:30,98.2,103.67,97.88,99.38,190013
2010-06-28 00:00:00+05:30,99.7,101.28,99.38,99.86,58476
2010-06-29 00:00:00+05:30,99.7,100.19,98.08,98.28,36950
2010-06-30 00:00:00+05:30,97.39,98.69,96.9,97.43,34706
2010-07-01 00:00:00+05:30,96.9,101.73,96.9,98.93,191151
2010-07-02 00:00:00+05:30,99.42,100.92,97.59,98.04,54849
2010-07-05 00:00:00+05:30,97.84,99.34,97.84,98.16,38080
2010-07-06 00:00:00+05:30,98.81,99.26,96.13,96.66,91220
2010-07-07 00:00:00+05:30,96.74,98.89,96.54,97.31,58489
2010-07-08 00:00:00+05:30,98.08,99.42,98.04,98.61,61931
2010-07-09 00:00:00+05:30,98.53,100.51,98.32,98.65,60474
2010-07-12 00:00:00+05:30,98.89,101.48,98.89,100.19,130010
2010-07-13 00:00:00+05:30,99.7,100.51,99.05,100.35,50192
2010-07-14 00:00:00+05:30,101.08,101.81,98.97,99.21,50884
2010-07-15 00:00:00+05:30,99.13,101.16,98.89,99.54,22158
2010-07-16 00:00:00+05:30,99.66,100.43,98.89,99.3,27860
2010-07-19 00:00:00+05:30,98.89,106.96,98.89,104.2,1290861
2010-07-20 00:00:00+05:30,105.17,108.94,101.85,102.82,855199
2010-07-21 00:00:00+05:30,105.38,105.38,102.98,103.55,133466
2010-07-22 00:00:00+05:30,103.55,105.21,101.77,103.67,129100
2010-07-23 00:00:00+05:30,104.52,106.51,102.78,103.51,247052
2010-07-26 00:00:00+05:30,105.01,106.1,101.93,102.29,395501
2010-07-27 00:00:00+05:30,103.63,104.56,101.36,101.93,75053
2010-07-28 00:00:00+05:30,102.13,102.94,100.75,102.21,93201
2010-07-29 00:00:00+05:30,102.46,103.67,101.85,102.46,51046
2010-07-30 00:00:00+05:30,102.34,106.55,100.92,104.0,387756
2010-08-02 00:00:00+05:30,102.54,102.86,99.94,102.29,154833
2010-08-03 00:00:00+05:30,102.54,103.92,102.29,103.11,67819
2010-08-04 00:00:00+05:30,102.94,103.67,101.32,101.61,110025
2010-08-05 00:00:00+05:30,101.4,102.94,101.08,102.13,245736
2010-08-06 00:00:00+05:30,102.86,103.75,100.59,101.32,171188
2010-08-09 00:00:00+05:30,101.32,103.19,101.32,102.9,609773
2010-08-10 00:00:00+05:30,101.61,109.43,101.61,106.96,823044
2010-08-11 00:00:00+05:30,107.81,109.27,106.63,107.97,793051
2010-08-12 00:00:00+05:30,107.0,109.02,106.27,106.43,154263
2010-08-13 00:00:00+05:30,106.43,107.89,106.23,106.55,187176
2010-08-16 00:00:00+05:30,107.0,110.97,106.75,109.63,663726
2010-08-17 00:00:00+05:30,110.97,113.48,107.48,108.09,603853
2010-08-18 00:00:00+05:30,109.27,110.24,107.08,108.46,400403
2010-08-19 00:00:00+05:30,108.7,111.37,108.7,109.27,290412
2010-08-20 00:00:00+05:30,109.18,111.7,109.06,110.81,466660
2010-08-23 00:00:00+05:30,111.29,114.86,111.09,113.89,858433
2010-08-24 00:00:00+05:30,115.02,119.07,113.6,117.66,1561846
2010-08-25 00:00:00+05:30,119.11,119.11,109.43,110.16,539593
2010-08-26 00:00:00+05:30,110.97,111.98,108.05,108.7,221103
2010-08-27 00:00:00+05:30,109.1,113.24,108.21,109.71,611709
2010-08-30 00:00:00+05:30,111.05,124.83,111.05,122.32,5040919
2010-08-31 00:00:00+05:30,125.64,146.8,111.66,113.64,23297014
2010-09-01 00:00:00+05:30,115.1,118.99,113.48,116.32,5638797
2010-09-02 00:00:00+05:30,117.45,125.96,117.45,121.26,7545570
2010-09-03 00:00:00+05:30,122.32,125.15,120.05,122.24,3103680
2010-09-06 00:00:00+05:30,124.02,124.02,119.64,120.41,1603537
2010-09-07 00:00:00+05:30,115.91,121.42,115.91,117.78,853523
2010-09-08 00:00:00+05:30,117.53,120.17,114.29,115.02,995256
2010-09-09 00:00:00+05:30,115.91,116.64,113.48,114.17,600466
2010-09-13 00:00:00+05:30,115.1,116.44,113.48,113.64,432719
2010-09-14 00:00:00+05:30,114.29,115.1,110.64,111.25,495590
2010-09-15 00:00:00+05:30,111.45,112.27,109.51,110.0,434777
2010-09-16 00:00:00+05:30,110.0,113.28,109.18,111.86,666302
2010-09-17 00:00:00+05:30,112.67,113.08,111.25,111.98,383675
2010-09-20 00:00:00+05:30,111.86,112.67,109.59,110.81,380165
2010-09-21 00:00:00+05:30,114.49,117.53,111.86,112.31,1078984
2010-09-22 00:00:00+05:30,113.48,115.06,112.35,113.68,517987
2010-09-23 00:00:00+05:30,114.29,116.32,112.27,113.16,452647
2010-09-24 00:00:00+05:30,115.1,118.26,113.08,114.09,1588874
2010-09-27 00:00:00+05:30,115.91,117.41,113.52,113.85,621519
2010-09-28 00:00:00+05:30,113.89,114.29,111.21,112.02,244362
2010-09-29 00:00:00+05:30,113.56,113.89,111.05,111.25,291000
2010-09-30 00:00:00+05:30,113.48,113.48,109.83,110.36,351336
2010-10-01 00:00:00+05:30,110.48,111.66,109.31,110.04,351177
2010-10-04 00:00:00+05:30,111.45,113.76,110.4,110.77,656749
2010-10-05 00:00:00+05:30,111.01,112.27,110.24,111.7,276090
2010-10-06 00:00:00+05:30,112.27,112.27,109.55,110.52,275610
2010-10-07 00:00:00+05:30,111.86,115.1,110.68,112.27,837443
2010-10-08 00:00:00+05:30,113.81,115.59,112.35,113.64,728290
2010-10-11 00:00:00+05:30,113.97,114.53,111.41,112.14,192181
2010-10-12 00:00:00+05:30,112.95,112.95,109.95,110.48,175002
2010-10-13 00:00:00+05:30,111.54,111.82,110.32,110.72,121516
2010-10-14 00:00:00+05:30,111.17,111.41,108.25,109.02,237894
2010-10-15 00:00:00+05:30,109.02,110.12,107.97,108.58,118985
2010-10-18 00:00:00+05:30,108.58,108.62,106.83,108.37,111922
2010-10-19 00:00:00+05:30,108.66,108.7,106.63,107.04,174432
2010-10-20 00:00:00+05:30,107.81,107.81,105.86,106.31,147252
2010-10-21 00:00:00+05:30,105.86,107.64,105.86,107.28,90779
2010-10-22 00:00:00+05:30,107.6,108.17,105.78,106.19,146122
2010-10-25 00:00:00+05:30,107.4,108.62,107.04,107.52,175361
2010-10-26 00:00:00+05:30,107.81,107.81,104.24,105.09,233006
2010-10-27 00:00:00+05:30,103.92,106.27,103.75,104.16,173467
2010-10-28 00:00:00+05:30,104.56,105.78,103.79,104.08,114029
2010-10-29 00:00:00+05:30,104.97,104.97,100.51,101.0,203981
2010-11-01 00:00:00+05:30,102.05,102.05,100.11,100.35,164994
2010-11-02 00:00:00+05:30,100.51,100.84,98.89,99.5,109313
2010-11-03 00:00:00+05:30,100.31,100.31,98.08,99.05,373733
2010-11-04 00:00:00+05:30,99.3,100.63,98.49,99.01,211308
2010-11-05 00:00:00+05:30,100.51,100.92,99.7,100.51,79057
2010-11-08 00:00:00+05:30,101.65,101.65,99.09,100.84,75216
2010-11-09 00:00:00+05:30,100.51,101.97,99.7,101.0,165173
2010-11-10 00:00:00+05:30,100.84,105.38,100.59,103.84,317437
2010-11-11 00:00:00+05:30,104.89,105.54,100.75,101.57,176328
2010-11-12 00:00:00+05:30,99.38,102.66,98.08,99.38,102317
2010-11-15 00:00:00+05:30,99.13,100.03,98.12,99.26,98909
2010-11-16 00:00:00+05:30,99.26,100.75,97.27,97.47,143192
2010-11-18 00:00:00+05:30,98.08,98.69,95.65,96.62,97476
2010-11-19 00:00:00+05:30,97.27,97.27,94.35,95.45,89496
2010-11-22 00:00:00+05:30,98.69,98.69,94.84,95.61,87044
2010-11-23 00:00:00+05:30,95.16,98.08,92.08,93.42,119170
2010-11-24 00:00:00+05:30,94.03,94.72,92.45,92.97,81826
2010-11-25 00:00:00+05:30,92.45,93.22,89.2,90.34,125858
2010-11-26 00:00:00+05:30,91.51,91.51,86.0,86.85,440921
2010-11-29 00:00:00+05:30,87.22,88.92,85.11,85.92,157562
2010-11-30 00:00:00+05:30,86.08,86.29,84.1,85.23,204587
2010-12-01 00:00:00+05:30,85.92,90.78,85.19,90.06,261968
2010-12-02 00:00:00+05:30,91.51,99.21,91.03,95.12,379077
2010-12-03 00:00:00+05:30,96.46,96.78,92.45,94.31,184736
2010-12-06 00:00:00+05:30,94.03,95.32,92.49,94.19,90806
2010-12-07 00:00:00+05:30,94.03,94.96,92.2,93.42,297291
2010-12-08 00:00:00+05:30,93.95,94.51,91.68,93.95,146523
2010-12-09 00:00:00+05:30,94.35,94.51,87.14,89.97,237722
2010-12-10 00:00:00+05:30,91.03,91.51,87.58,90.62,112166
2010-12-13 00:00:00+05:30,91.76,93.22,90.78,91.64,114636
2010-12-14 00:00:00+05:30,92.81,95.36,90.78,95.0,144662
2010-12-15 00:00:00+05:30,94.03,95.12,91.76,92.37,56700
2010-12-16 00:00:00+05:30,92.37,92.81,91.27,91.55,62383
2010-12-20 00:00:00+05:30,93.3,98.81,93.3,96.78,1020237
2010-12-21 00:00:00+05:30,98.04,99.7,97.67,98.0,358124
2010-12-22 00:00:00+05:30,99.7,99.7,96.05,97.11,115499
2010-12-23 00:00:00+05:30,96.54,97.55,92.81,93.66,256822
2010-12-24 00:00:00+05:30,93.3,95.04,89.24,94.35,210864
2010-12-27 00:00:00+05:30,92.41,94.68,92.41,92.73,89759
2010-12-28 00:00:00+05:30,93.05,93.42,91.23,91.64,116668
2010-12-29 00:00:00+05:30,92.41,93.22,91.6,92.0,92340
2010-12-30 00:00:00+05:30,93.78,96.05,92.0,92.41,99316
2010-12-31 00:00:00+05:30,92.81,93.62,92.0,92.89,56472
2011-01-03 00:00:00+05:30,93.3,94.35,92.89,93.62,94155
2011-01-04 00:00:00+05:30,94.43,95.49,93.46,94.92,90688
2011-01-05 00:00:00+05:30,94.96,95.08,92.53,92.89,43462
2011-01-06 00:00:00+05:30,92.97,93.54,91.68,92.12,63615
2011-01-07 00:00:00+05:30,94.03,94.68,91.6,92.16,215790
2011-01-10 00:00:00+05:30,92.41,92.61,88.35,88.88,175864
2011-01-11 00:00:00+05:30,87.62,89.53,85.11,85.84,227399
2011-01-12 00:00:00+05:30,86.0,87.5,85.27,85.92,145166
2011-01-13 00:00:00+05:30,86.33,87.38,85.92,86.53,98591
2011-01-14 00:00:00+05:30,86.53,87.38,85.56,86.29,74230
2011-01-17 00:00:00+05:30,86.29,86.49,85.11,85.52,72030
2011-01-18 00:00:00+05:30,85.92,86.73,84.38,86.12,78710
2011-01-19 00:00:00+05:30,88.19,88.19,85.92,86.77,110759
2011-01-20 00:00:00+05:30,86.0,86.61,84.3,85.07,152429
2011-01-21 00:00:00+05:30,84.66,85.52,83.17,83.89,171039
2011-01-24 00:00:00+05:30,85.43,86.53,83.57,85.68,129496
2011-01-25 00:00:00+05:30,86.33,88.27,86.33,86.65,238090
2011-01-27 00:00:00+05:30,86.77,87.06,84.3,84.71,37517
2011-01-28 00:00:00+05:30,84.91,84.91,81.38,81.87,80227
2011-01-31 00:00:00+05:30,79.44,85.92,77.17,85.15,187820
2011-02-01 00:00:00+05:30,85.35,86.49,79.11,80.41,150739
2011-02-02 00:00:00+05:30,80.65,83.08,80.25,80.81,73558
2011-02-03 00:00:00+05:30,81.06,83.81,80.65,83.37,99582
2011-02-04 00:00:00+05:30,82.68,83.33,80.65,81.06,142616
2011-02-07 00:00:00+05:30,81.26,81.87,78.63,79.56,60291
2011-02-08 00:00:00+05:30,79.44,79.64,77.09,78.26,97983
2011-02-09 00:00:00+05:30,78.63,79.84,75.38,76.11,98725
2011-02-10 00:00:00+05:30,77.0,77.0,73.44,73.88,86121
2011-02-11 00:00:00+05:30,74.17,80.04,72.02,75.87,626308
2011-02-14 00:00:00+05:30,77.09,83.73,76.4,82.15,600464
2011-02-15 00:00:00+05:30,82.92,84.87,81.1,82.56,421812
2011-02-16 00:00:00+05:30,83.49,87.54,82.23,84.26,556943
2011-02-17 00:00:00+05:30,84.3,86.69,82.88,85.92,315800
2011-02-18 00:00:00+05:30,87.54,87.54,83.94,84.38,357159
2011-02-21 00:00:00+05:30,90.68,90.68,79.2,85.16,722598
2011-02-22 00:00:00+05:30,85.94,88.58,80.18,84.52,389895
2011-02-23 00:00:00+05:30,84.96,85.89,82.13,82.47,128946
2011-02-24 00:00:00+05:30,83.01,83.89,79.79,80.18,127366
2011-02-25 00:00:00+05:30,78.13,83.21,78.13,78.67,339793
2011-02-28 00:00:00+05:30,79.1,80.33,78.13,79.2,181169
2011-03-01 00:00:00+05:30,78.27,79.1,76.66,77.93,276960
2011-03-03 00:00:00+05:30,76.66,78.13,76.27,77.15,163080
2011-03-04 00:00:00+05:30,75.2,78.62,75.2,77.0,218235
2011-03-07 00:00:00+05:30,76.66,77.64,74.81,75.83,186984
2011-03-08 00:00:00+05:30,76.17,78.62,75.25,77.79,253541
2011-03-09 00:00:00+05:30,78.03,78.47,76.71,77.0,125915
2011-03-10 00:00:00+05:30,76.57,77.93,75.69,76.17,145493
2011-03-11 00:00:00+05:30,75.2,76.57,74.37,74.71,140302
2011-03-14 00:00:00+05:30,75.2,76.66,74.51,75.49,185858
2011-03-15 00:00:00+05:30,75.2,75.2,72.41,74.27,322937
2011-03-16 00:00:00+05:30,75.3,80.13,75.0,79.93,1253037
2011-03-17 00:00:00+05:30,80.08,84.28,79.25,79.89,1028459
2011-03-18 00:00:00+05:30,80.57,81.84,78.71,79.15,206252
2011-03-21 00:00:00+05:30,79.59,80.86,77.64,78.52,209650
2011-03-22 00:00:00+05:30,79.79,80.28,78.23,78.86,125626
2011-03-23 00:00:00+05:30,78.86,79.5,78.52,78.96,115948
2011-03-24 00:00:00+05:30,79.98,82.03,79.69,80.57,302197
2011-03-25 00:00:00+05:30,80.96,81.4,79.89,80.28,168262
2011-03-28 00:00:00+05:30,80.47,81.55,79.64,81.2,256350
2011-03-29 00:00:00+05:30,81.84,81.94,79.64,79.89,176755
2011-03-30 00:00:00+05:30,79.89,81.16,78.62,79.06,344053
2011-03-31 00:00:00+05:30,79.89,79.89,77.35,78.76,230268
2011-04-01 00:00:00+05:30,79.5,80.76,78.76,80.42,277438
2011-04-04 00:00:00+05:30,81.06,83.45,80.57,83.06,348543
2011-04-05 00:00:00+05:30,83.3,84.38,82.08,83.26,220797
2011-04-06 00:00:00+05:30,83.99,84.48,82.62,83.84,234197
2011-04-07 00:00:00+05:30,83.16,87.5,80.47,86.77,385642
2011-04-08 00:00:00+05:30,86.67,88.63,84.48,85.01,248940
2011-04-11 00:00:00+05:30,84.09,86.77,84.09,85.94,425953
2011-04-13 00:00:00+05:30,85.75,92.29,85.06,89.11,1368085
2011-04-15 00:00:00+05:30,88.04,89.55,86.67,88.63,314608
2011-04-18 00:00:00+05:30,88.63,88.63,85.94,87.55,365863
2011-04-19 00:00:00+05:30,87.11,88.19,86.92,87.7,174417
2011-04-20 00:00:00+05:30,88.04,88.58,87.21,87.85,104368
2011-04-21 00:00:00+05:30,87.89,88.48,86.62,87.36,189926
2011-04-25 00:00:00+05:30,87.02,87.7,83.99,84.87,186915
2011-04-26 00:00:00+05:30,85.94,85.94,83.74,84.62,217811
2011-04-27 00:00:00+05:30,85.75,86.28,83.21,84.43,169201
2011-04-28 00:00:00+05:30,85.21,85.89,83.5,84.09,123111
2011-04-29 00:00:00+05:30,84.92,84.92,83.26,84.23,180141
2011-05-02 00:00:00+05:30,84.09,84.67,83.4,83.99,140506
2011-05-03 00:00:00+05:30,83.3,83.99,82.28,83.06,97572
2011-05-04 00:00:00+05:30,82.57,83.01,81.55,82.43,68097
2011-05-05 00:00:00+05:30,82.43,82.86,81.3,81.69,77886
2011-05-06 00:00:00+05:30,82.91,83.01,81.11,82.13,38583
2011-05-09 00:00:00+05:30,82.82,83.4,81.35,81.69,42883
2011-05-10 00:00:00+05:30,81.35,82.77,81.35,81.89,63156
2011-05-11 00:00:00+05:30,82.08,84.57,81.55,82.77,86328
2011-05-12 00:00:00+05:30,82.13,83.01,81.11,81.5,36386
2011-05-13 00:00:00+05:30,80.67,82.91,80.67,82.18,66585
2011-05-16 00:00:00+05:30,84.96,84.96,81.45,81.89,46678
2011-05-17 00:00:00+05:30,81.3,82.91,81.3,82.62,98466
2011-05-18 00:00:00+05:30,82.82,82.82,81.4,82.13,75076
2011-05-19 00:00:00+05:30,82.03,82.38,81.11,81.5,65404
2011-05-20 00:00:00+05:30,81.06,82.52,81.06,81.94,30618
2011-05-23 00:00:00+05:30,81.16,81.4,79.64,80.72,101689
2011-05-24 00:00:00+05:30,80.08,80.67,79.74,80.37,50691
2011-05-25 00:00:00+05:30,80.08,81.16,78.13,78.57,62188
2011-05-26 00:00:00+05:30,78.86,81.06,77.88,79.64,70568
2011-05-27 00:00:00+05:30,79.3,80.57,79.3,79.89,54835
2011-05-30 00:00:00+05:30,80.57,81.94,79.79,80.52,41322
2011-05-31 00:00:00+05:30,82.72,82.72,79.59,80.57,115913
2011-06-01 00:00:00+05:30,80.62,81.45,80.08,80.62,46886
2011-06-02 00:00:00+05:30,80.08,81.45,80.08,80.76,59651
2011-06-03 00:00:00+05:30,80.13,82.23,79.89,81.74,102767
2011-06-06 00:00:00+05:30,82.47,82.62,80.96,81.5,24747
2011-06-07 00:00:00+05:30,81.16,82.82,80.81,82.43,60281
2011-06-08 00:00:00+05:30,82.52,85.26,82.03,82.43,172579
2011-06-09 00:00:00+05:30,82.03,83.01,81.3,81.55,23109
2011-06-10 00:00:00+05:30,81.55,82.18,81.4,81.64,25913
2011-06-13 00:00:00+05:30,81.55,84.72,80.72,83.99,231216
2011-06-14 00:00:00+05:30,84.48,85.35,83.84,84.23,55262
2011-06-15 00:00:00+05:30,84.92,84.96,82.33,82.77,51615
2011-06-16 00:00:00+05:30,82.52,82.96,81.45,82.38,31689
2011-06-17 00:00:00+05:30,82.28,83.89,81.16,82.47,279354
2011-06-20 00:00:00+05:30,83.89,84.77,80.57,81.69,394926
2011-06-21 00:00:00+05:30,82.52,83.89,81.59,82.13,231681
2011-06-22 00:00:00+05:30,83.5,83.69,81.99,82.82,341050
2011-06-23 00:00:00+05:30,83.01,83.4,81.79,82.57,231734
2011-06-24 00:00:00+05:30,82.23,83.45,82.23,82.96,267529
2011-06-27 00:00:00+05:30,82.77,83.5,82.62,83.01,290762
2011-06-28 00:00:00+05:30,83.16,84.38,82.77,83.35,101301
2011-06-29 00:00:00+05:30,83.11,84.23,83.11,83.99,54470
2011-06-30 00:00:00+05:30,83.99,84.87,83.6,84.52,120016
2011-07-01 00:00:00+05:30,84.52,85.21,83.99,84.23,39583
2011-07-04 00:00:00+05:30,84.96,85.5,83.3,84.04,87279
2011-07-05 00:00:00+05:30,84.09,84.09,83.35,83.6,244447
2011-07-06 00:00:00+05:30,83.21,84.04,83.21,83.84,128954
2011-07-07 00:00:00+05:30,83.5,84.09,83.01,83.55,47069
2011-07-08 00:00:00+05:30,83.5,84.23,82.43,83.94,62482
2011-07-11 00:00:00+05:30,83.5,83.94,82.47,83.55,42093
2011-07-12 00:00:00+05:30,82.67,84.09,82.67,83.35,80354
2011-07-13 00:00:00+05:30,82.82,83.74,82.72,83.4,21135
2011-07-14 00:00:00+05:30,83.74,84.13,82.91,83.89,76096
2011-07-15 00:00:00+05:30,83.3,84.13,83.01,83.99,128453
2011-07-18 00:00:00+05:30,84.38,84.38,82.77,82.86,33715
2011-07-19 00:00:00+05:30,82.72,83.79,82.72,83.55,55923
2011-07-20 00:00:00+05:30,83.69,87.45,83.4,83.99,199661
2011-07-21 00:00:00+05:30,84.38,84.96,83.4,83.69,37866
2011-07-22 00:00:00+05:30,83.69,84.82,83.06,84.18,73939
2011-07-25 00:00:00+05:30,83.99,84.48,83.3,83.99,51306
2011-07-26 00:00:00+05:30,83.74,83.99,82.62,83.5,56042
2011-07-27 00:00:00+05:30,83.21,84.18,83.01,83.99,138108
2011-07-28 00:00:00+05:30,83.11,84.23,82.82,83.26,71883
2011-07-29 00:00:00+05:30,86.09,98.54,85.06,94.14,5089069
2011-08-01 00:00:00+05:30,95.56,98.39,92.44,93.46,2234178
2011-08-02 00:00:00+05:30,92.68,94.39,88.19,90.48,810932
2011-08-03 00:00:00+05:30,89.65,92.09,88.19,90.38,455539
2011-08-04 00:00:00+05:30,90.68,91.21,87.55,88.68,216144
2011-08-05 00:00:00+05:30,83.5,86.28,83.11,85.35,244843
2011-08-08 00:00:00+05:30,83.99,84.52,82.08,82.82,160515
2011-08-09 00:00:00+05:30,82.03,87.55,81.01,84.48,766697
2011-08-10 00:00:00+05:30,87.31,89.6,85.94,87.11,553053
2011-08-11 00:00:00+05:30,86.43,87.7,83.69,83.94,189462
2011-08-12 00:00:00+05:30,85.7,85.7,83.01,83.45,118009
2011-08-16 00:00:00+05:30,83.99,84.87,81.06,81.2,89334
2011-08-17 00:00:00+05:30,82.03,82.13,80.08,80.52,92388
2011-08-18 00:00:00+05:30,80.08,83.35,80.08,80.47,275677
2011-08-19 00:00:00+05:30,79.2,81.84,76.86,79.4,290068
2011-08-22 00:00:00+05:30,79.1,84.33,78.13,81.35,124858
2011-08-23 00:00:00+05:30,82.03,83.65,77.74,83.4,255548
2011-08-24 00:00:00+05:30,83.01,84.77,82.03,84.43,103341
2011-08-25 00:00:00+05:30,84.38,84.96,83.6,84.72,71868
2011-08-26 00:00:00+05:30,83.99,85.45,82.82,84.48,121914
2011-08-29 00:00:00+05:30,84.96,85.45,83.35,85.11,51531
2011-08-30 00:00:00+05:30,85.35,86.09,84.62,85.79,83355
2011-09-02 00:00:00+05:30,86.43,86.77,84.48,85.94,76073
2011-09-05 00:00:00+05:30,85.84,86.04,84.23,85.65,202326
2011-09-06 00:00:00+05:30,84.96,86.72,84.38,86.43,324041
2011-09-07 00:00:00+05:30,85.94,87.8,85.89,86.97,296878
2011-09-08 00:00:00+05:30,87.02,88.38,86.72,87.02,64810
2011-09-09 00:00:00+05:30,87.5,88.28,85.55,86.72,93964
2011-09-12 00:00:00+05:30,82.91,87.36,82.52,85.55,63873
2011-09-13 00:00:00+05:30,86.77,87.31,85.94,86.92,98021
2011-09-14 00:00:00+05:30,86.92,87.21,85.45,86.53,78976
2011-09-15 00:00:00+05:30,87.26,87.31,85.99,86.28,60916
2011-09-16 00:00:00+05:30,87.26,89.55,86.62,87.36,180690
2011-09-19 00:00:00+05:30,87.89,87.89,85.84,87.16,28915
2011-09-20 00:00:00+05:30,87.89,87.89,84.72,87.36,83054
2011-09-21 00:00:00+05:30,86.92,87.8,86.33,87.31,32500
2011-09-22 00:00:00+05:30,85.45,86.67,83.01,83.69,47460
2011-09-23 00:00:00+05:30,81.25,84.13,81.25,82.57,78988
2011-09-26 00:00:00+05:30,84.96,91.17,83.55,84.72,1071876
2011-09-27 00:00:00+05:30,85.65,87.65,85.16,86.48,166187
2011-09-28 00:00:00+05:30,85.16,87.75,85.16,87.26,105248
2011-09-29 00:00:00+05:30,84.92,87.21,84.77,86.58,60930
2011-09-30 00:00:00+05:30,84.72,88.63,83.21,86.48,150898
2011-10-03 00:00:00+05:30,86.77,86.77,84.09,85.35,49354
2011-10-04 00:00:00+05:30,84.18,86.38,82.03,82.77,134139
2011-10-05 00:00:00+05:30,83.94,85.84,83.01,84.43,164295
2011-10-07 00:00:00+05:30,85.26,86.28,83.99,84.48,47440
2011-10-10 00:00:00+05:30,85.84,86.72,83.79,85.26,40712
2011-10-11 00:00:00+05:30,85.31,85.84,84.23,84.62,29902
2011-10-12 00:00:00+05:30,85.26,86.23,84.67,85.99,61632
2011-10-13 00:00:00+05:30,86.23,87.89,85.26,86.62,63562
2011-10-14 00:00:00+05:30,86.58,86.82,85.65,86.23,25363
2011-10-17 00:00:00+05:30,86.82,86.82,84.52,84.72,35694
2011-10-18 00:00:00+05:30,84.52,85.94,84.13,85.55,44378
2011-10-19 00:00:00+05:30,85.94,87.8,85.89,87.5,45785
2011-10-20 00:00:00+05:30,86.43,88.58,86.23,87.99,54192
2011-10-21 00:00:00+05:30,88.63,90.53,87.89,88.19,141494
2011-10-24 00:00:00+05:30,89.55,90.73,86.53,87.6,49949
2011-10-25 00:00:00+05:30,87.02,87.7,86.28,87.41,37408
2011-10-26 00:00:00+05:30,87.89,88.68,86.33,87.99,30392
2011-10-28 00:00:00+05:30,89.36,90.24,87.99,89.02,214616
2011-10-31 00:00:00+05:30,90.34,93.27,90.09,91.75,697225
2011-11-01 00:00:00+05:30,94.73,96.34,92.68,93.61,818129
2011-11-02 00:00:00+05:30,92.78,93.66,89.6,90.77,158770
2011-11-03 00:00:00+05:30,90.82,92.44,90.09,90.63,49107
2011-11-04 00:00:00+05:30,89.36,92.0,89.36,89.7,47132
2011-11-08 00:00:00+05:30,90.92,90.92,87.7,88.48,77243
2011-11-09 00:00:00+05:30,88.48,91.31,86.62,87.31,128787
2011-11-11 00:00:00+05:30,87.41,88.24,84.62,86.18,64211
2011-11-14 00:00:00+05:30,86.92,87.7,85.55,85.94,80622
2011-11-15 00:00:00+05:30,84.38,86.23,82.57,83.69,52766
2011-11-16 00:00:00+05:30,83.11,84.48,83.06,83.79,43932
2011-11-17 00:00:00+05:30,83.01,84.09,82.13,83.55,65149
2011-11-18 00:00:00+05:30,82.57,83.94,82.13,83.3,65413
2011-11-21 00:00:00+05:30,83.4,83.4,82.08,82.72,57853
2011-11-22 00:00:00+05:30,82.72,83.74,82.13,83.01,41498
2011-11-23 00:00:00+05:30,82.62,83.94,82.08,83.11,78638
2011-11-24 00:00:00+05:30,82.23,83.01,79.25,81.25,141156
2011-11-25 00:00:00+05:30,81.94,82.47,80.57,80.76,27378
2011-11-28 00:00:00+05:30,80.67,82.47,80.67,81.99,55581
2011-11-29 00:00:00+05:30,81.3,82.82,81.3,82.13,27500
2011-11-30 00:00:00+05:30,82.82,82.91,81.06,82.18,61915
2011-12-01 00:00:00+05:30,82.72,84.87,82.72,84.38,94650
2011-12-02 00:00:00+05:30,83.35,84.96,82.03,84.38,83776
2011-12-05 00:00:00+05:30,84.87,84.96,82.57,83.55,54951
2011-12-07 00:00:00+05:30,83.99,85.35,83.5,84.77,102275
2011-12-08 00:00:00+05:30,84.96,85.16,83.01,84.82,123902
2011-12-09 00:00:00+05:30,83.01,84.48,82.52,83.84,163117
2011-12-12 00:00:00+05:30,83.21,84.92,82.23,83.06,134177
2011-12-13 00:00:00+05:30,82.08,83.01,80.91,81.59,139772
2011-12-14 00:00:00+05:30,82.91,83.21,81.74,82.72,93223
2011-12-15 00:00:00+05:30,82.03,82.52,81.25,82.03,84241
2011-12-16 00:00:00+05:30,82.18,82.91,80.81,81.55,53127
2011-12-19 00:00:00+05:30,81.01,81.5,79.59,80.62,138797
2011-12-20 00:00:00+05:30,81.25,82.28,79.25,81.64,139941
2011-12-21 00:00:00+05:30,82.03,82.52,80.08,80.37,23758
2011-12-22 00:00:00+05:30,78.91,81.25,78.71,80.91,21957
2011-12-23 00:00:00+05:30,81.06,82.47,81.06,82.03,86591
2011-12-26 00:00:00+05:30,82.91,84.38,80.67,81.2,72361
2011-12-27 00:00:00+05:30,82.03,82.47,80.62,82.03,26094
2011-12-28 00:00:00+05:30,82.03,82.67,81.06,82.18,30429
2011-12-29 00:00:00+05:30,82.91,82.91,80.28,80.91,59139
2011-12-30 00:00:00+05:30,81.99,82.28,80.91,82.03,130467
2012-01-02 00:00:00+05:30,82.91,82.91,80.57,82.57,112052
2012-01-03 00:00:00+05:30,83.3,83.99,82.18,83.4,59278
2012-01-04 00:00:00+05:30,83.94,84.48,82.33,83.99,105591
2012-01-05 00:00:00+05:30,83.99,84.92,81.99,84.48,185132
2012-01-06 00:00:00+05:30,83.99,84.57,82.52,84.04,80457
2012-01-07 00:00:00+05:30,84.87,84.87,82.62,83.06,2780
2012-01-09 00:00:00+05:30,82.38,83.5,82.38,83.16,61921
2012-01-10 00:00:00+05:30,82.96,84.87,82.96,83.4,122715
2012-01-11 00:00:00+05:30,84.33,87.7,83.55,83.94,77574
2012-01-12 00:00:00+05:30,83.99,85.45,82.52,82.86,53623
2012-01-13 00:00:00+05:30,83.79,85.7,82.91,83.5,267916
2012-01-16 00:00:00+05:30,84.48,85.94,83.3,84.62,136742
2012-01-17 00:00:00+05:30,84.96,85.55,84.04,85.16,186030
2012-01-18 00:00:00+05:30,85.84,86.28,83.65,84.04,67489
2012-01-19 00:00:00+05:30,84.28,84.72,83.16,83.99,39836
2012-01-20 00:00:00+05:30,83.99,84.67,83.35,83.55,22625
2012-01-23 00:00:00+05:30,84.48,84.48,82.67,83.01,45810
2012-01-24 00:00:00+05:30,83.89,83.89,82.62,82.91,34272
2012-01-25 00:00:00+05:30,83.01,85.21,83.01,84.82,91741
2012-01-27 00:00:00+05:30,88.28,93.17,85.94,87.8,677485
2012-01-30 00:00:00+05:30,88.28,89.26,84.33,85.06,121188
2012-01-31 00:00:00+05:30,87.7,87.7,85.01,86.58,74339
2012-02-01 00:00:00+05:30,86.92,87.7,85.11,86.97,57755
2012-02-02 00:00:00+05:30,87.89,88.97,87.02,87.8,118647
2012-02-03 00:00:00+05:30,89.85,91.46,87.99,88.48,337149
2012-02-06 00:00:00+05:30,88.82,90.82,87.45,87.94,241008
2012-02-07 00:00:00+05:30,88.82,89.16,86.09,86.77,78622
2012-02-08 00:00:00+05:30,87.85,87.94,85.45,87.02,95324
2012-02-09 00:00:00+05:30,85.45,88.87,85.45,87.89,129850
2012-02-10 00:00:00+05:30,87.89,88.33,85.99,87.5,88758
2012-02-13 00:00:00+05:30,87.65,87.89,86.04,86.92,54597
2012-02-14 00:00:00+05:30,86.18,86.92,85.75,86.18,102995
2012-02-15 00:00:00+05:30,86.87,88.77,86.38,86.87,250758
2012-02-16 00:00:00+05:30,85.99,87.41,85.45,85.94,196282
2012-02-17 00:00:00+05:30,86.87,87.31,85.65,86.14,214049
2012-02-21 00:00:00+05:30,85.99,87.6,84.09,84.92,160849
2012-02-22 00:00:00+05:30,84.96,84.96,80.86,81.55,356149
2012-02-23 00:00:00+05:30,81.55,82.28,80.18,81.06,143893
2012-02-24 00:00:00+05:30,81.55,83.16,81.06,81.55,81177
2012-02-27 00:00:00+05:30,81.84,82.91,80.62,81.45,76893
2012-02-28 00:00:00+05:30,81.94,82.52,81.3,81.99,29411
2012-02-29 00:00:00+05:30,82.82,84.28,81.69,82.91,170400
2012-03-01 00:00:00+05:30,82.18,86.62,82.18,85.89,191481
2012-03-02 00:00:00+05:30,86.92,89.85,84.13,87.75,1307681
2012-03-03 00:00:00+05:30,89.94,100.79,88.53,96.2,5840612
2012-03-05 00:00:00+05:30,96.59,96.93,89.51,90.24,2001716
2012-03-06 00:00:00+05:30,90.24,92.58,88.04,88.48,1360585
2012-03-07 00:00:00+05:30,88.14,90.14,86.14,86.77,412269
2012-03-09 00:00:00+05:30,89.31,89.31,85.11,85.84,285454
2012-03-12 00:00:00+05:30,85.94,87.55,84.18,84.52,181482
2012-03-13 00:00:00+05:30,85.55,87.65,84.87,86.72,304500
2012-03-14 00:00:00+05:30,87.02,87.11,84.77,85.7,152586
2012-03-15 00:00:00+05:30,85.45,85.7,84.28,84.57,145831
2012-03-16 00:00:00+05:30,84.62,86.82,82.77,83.11,214278
2012-03-19 00:00:00+05:30,83.5,83.84,82.43,83.21,97691
2012-03-20 00:00:00+05:30,82.62,83.84,82.57,82.96,121501
2012-03-21 00:00:00+05:30,83.01,84.96,82.33,84.43,74220
2012-03-22 00:00:00+05:30,84.43,84.43,82.57,82.82,51189
2012-03-23 00:00:00+05:30,82.38,83.89,82.33,82.91,137225
2012-03-26 00:00:00+05:30,85.21,88.53,83.74,84.18,1083692
2012-03-27 00:00:00+05:30,84.96,85.45,82.52,83.21,180264
2012-03-28 00:00:00+05:30,84.48,84.48,81.84,82.28,165407
2012-03-29 00:00:00+05:30,83.01,83.45,81.69,82.47,99853
2012-03-30 00:00:00+05:30,82.08,83.89,82.08,83.55,66860
2012-04-02 00:00:00+05:30,83.5,84.43,83.26,83.99,45382
2012-04-03 00:00:00+05:30,84.13,86.09,83.21,84.82,150646
2012-04-04 00:00:00+05:30,84.13,84.67,83.11,84.04,54473
2012-04-09 00:00:00+05:30,83.84,84.43,83.16,83.6,36171
2012-04-10 00:00:00+05:30,83.35,86.92,82.77,83.01,47655
2012-04-11 00:00:00+05:30,82.82,83.55,82.08,82.28,45880
2012-04-12 00:00:00+05:30,82.57,84.18,82.52,83.01,56804
2012-04-13 00:00:00+05:30,83.11,84.18,82.57,82.82,59431
2012-04-16 00:00:00+05:30,82.67,83.5,82.52,83.01,32503
2012-04-17 00:00:00+05:30,82.72,83.21,82.57,83.01,22134
2012-04-18 00:00:00+05:30,84.57,84.57,82.62,82.86,29003
2012-04-19 00:00:00+05:30,83.11,83.3,82.03,82.33,32805
2012-04-20 00:00:00+05:30,82.33,83.5,82.13,82.47,60195
2012-04-23 00:00:00+05:30,82.28,83.79,81.64,81.89,75905
2012-04-24 00:00:00+05:30,82.03,82.62,81.55,82.33,47001
2012-04-25 00:00:00+05:30,82.13,82.91,81.79,82.13,43906
2012-04-26 00:00:00+05:30,82.03,82.43,81.45,81.79,30989
2012-04-27 00:00:00+05:30,82.28,82.28,81.06,81.2,40066
2012-04-28 00:00:00+05:30,81.59,81.59,81.06,81.11,7074
2012-04-30 00:00:00+05:30,81.11,82.43,81.06,81.74,41646
2012-05-02 00:00:00+05:30,81.55,82.28,81.16,81.64,15937
2012-05-03 00:00:00+05:30,81.59,81.64,81.11,81.45,18113
2012-05-04 00:00:00+05:30,81.11,81.4,79.59,80.42,60830
2012-05-07 00:00:00+05:30,80.08,80.57,78.91,80.13,99667
2012-05-08 00:00:00+05:30,80.52,80.86,79.1,79.25,35693
2012-05-09 00:00:00+05:30,79.1,79.59,78.13,78.27,65349
2012-05-10 00:00:00+05:30,78.18,79.74,77.69,77.98,85251
2012-05-11 00:00:00+05:30,77.49,78.23,76.17,77.69,61557
2012-05-14 00:00:00+05:30,77.15,78.37,73.24,75.44,56710
2012-05-15 00:00:00+05:30,75.34,78.23,74.27,77.15,40288
2012-05-16 00:00:00+05:30,76.22,77.84,75.74,76.81,44865
2012-05-17 00:00:00+05:30,77.1,77.88,76.76,77.1,35105
2012-05-18 00:00:00+05:30,75.25,77.1,73.98,76.76,32036
2012-05-21 00:00:00+05:30,77.1,78.13,76.76,77.15,19380
2012-05-22 00:00:00+05:30,77.25,77.79,76.17,76.32,11479
2012-05-23 00:00:00+05:30,76.17,77.15,74.71,75.1,40331
2012-05-24 00:00:00+05:30,74.71,76.08,74.03,75.0,29495
2012-05-25 00:00:00+05:30,74.37,76.66,74.37,76.42,29634
2012-05-28 00:00:00+05:30,75.69,76.52,74.71,75.3,69171
2012-05-29 00:00:00+05:30,76.37,78.81,74.95,75.69,197710
2012-05-30 00:00:00+05:30,75.98,76.57,75.2,75.39,31139
2012-05-31 00:00:00+05:30,75.1,76.17,74.37,75.54,43496
2012-06-01 00:00:00+05:30,75.25,75.54,74.61,75.3,40064
2012-06-04 00:00:00+05:30,74.27,76.08,73.93,74.37,33928
2012-06-05 00:00:00+05:30,74.42,76.76,73.83,76.22,34659
2012-06-06 00:00:00+05:30,76.22,76.66,75.74,76.27,18716
2012-06-07 00:00:00+05:30,76.66,78.08,76.37,77.15,35466
2012-06-08 00:00:00+05:30,76.22,77.49,75.59,76.76,22301
2012-06-11 00:00:00+05:30,77.15,78.13,76.32,77.05,19431
2012-06-12 00:00:00+05:30,76.91,77.49,75.98,77.2,25530
2012-06-13 00:00:00+05:30,78.13,78.13,75.49,75.78,58437
2012-06-14 00:00:00+05:30,75.69,76.08,74.71,74.81,33915
2012-06-15 00:00:00+05:30,75.05,75.69,74.47,74.66,47868
2012-06-18 00:00:00+05:30,75.1,75.93,75.1,75.64,36277
2012-06-19 00:00:00+05:30,74.86,75.69,74.71,74.86,41320
2012-06-20 00:00:00+05:30,74.37,77.54,74.37,75.83,59430
2012-06-21 00:00:00+05:30,76.08,77.05,74.91,76.86,36038
2012-06-22 00:00:00+05:30,76.42,76.66,75.49,76.47,24324
2012-06-25 00:00:00+05:30,76.66,77.69,75.78,76.13,44664
2012-06-26 00:00:00+05:30,76.17,76.76,75.83,76.37,25624
2012-06-27 00:00:00+05:30,75.69,76.57,75.69,76.22,13671
2012-06-28 00:00:00+05:30,76.22,77.15,76.22,76.81,16267
2012-06-29 00:00:00+05:30,76.66,78.62,76.61,78.32,50785
2012-07-02 00:00:00+05:30,78.08,79.98,76.17,78.42,44521
2012-07-03 00:00:00+05:30,79.06,79.06,77.15,78.62,18914
2012-07-04 00:00:00+05:30,78.67,79.35,77.79,78.18,32376
2012-07-05 00:00:00+05:30,77.84,82.38,77.74,80.33,92518
2012-07-06 00:00:00+05:30,80.08,80.47,79.1,79.35,27630
2012-07-09 00:00:00+05:30,79.69,79.69,78.32,78.47,15511
2012-07-10 00:00:00+05:30,78.91,83.01,78.52,82.52,136200
2012-07-11 00:00:00+05:30,84.09,88.33,83.3,84.09,1723841
2012-07-12 00:00:00+05:30,83.5,83.5,81.55,81.94,110074
2012-07-13 00:00:00+05:30,81.99,83.21,81.06,81.25,72400
2012-07-16 00:00:00+05:30,81.11,81.74,79.1,79.35,54548
2012-07-17 00:00:00+05:30,80.08,80.76,78.23,78.52,46849
2012-07-18 00:00:00+05:30,78.23,78.86,77.3,78.62,66336
2012-07-19 00:00:00+05:30,80.08,80.08,77.93,78.18,55072
2012-07-20 00:00:00+05:30,78.18,79.1,77.54,77.88,42923
2012-07-23 00:00:00+05:30,77.88,78.91,77.3,77.84,39919
2012-07-24 00:00:00+05:30,78.03,78.03,77.05,77.3,24438
2012-07-25 00:00:00+05:30,76.71,78.03,76.66,77.3,38967
2012-07-26 00:00:00+05:30,77.2,77.2,75.39,76.22,68060
2012-07-27 00:00:00+05:30,77.1,77.54,74.86,75.15,47927
2012-07-30 00:00:00+05:30,76.61,76.61,75.2,75.88,17812
2012-07-31 00:00:00+05:30,75.59,77.54,75.59,76.86,46821
2012-08-01 00:00:00+05:30,77.44,77.44,76.17,77.05,17883
2012-08-02 00:00:00+05:30,77.79,77.79,76.76,77.25,17183
2012-08-03 00:00:00+05:30,77.15,78.03,75.54,77.84,26779
2012-08-06 00:00:00+05:30,78.03,80.86,77.25,78.57,103274
2012-08-07 00:00:00+05:30,77.64,81.35,76.37,80.52,224894
2012-08-08 00:00:00+05:30,81.79,83.01,79.5,79.93,179174
2012-08-09 00:00:00+05:30,79.93,79.93,77.64,77.88,66286
2012-08-10 00:00:00+05:30,78.13,79.74,77.49,77.98,106274
2012-08-13 00:00:00+05:30,78.27,79.01,77.15,77.59,34815
2012-08-14 00:00:00+05:30,77.44,78.67,77.15,77.54,46434
2012-08-16 00:00:00+05:30,77.54,78.13,77.2,77.4,35364
2012-08-17 00:00:00+05:30,77.25,77.98,76.66,77.15,38064
2012-08-21 00:00:00+05:30,77.54,77.98,76.91,77.25,48965
2012-08-22 00:00:00+05:30,77.15,77.98,76.66,77.1,48883
2012-08-23 00:00:00+05:30,77.54,80.81,77.2,77.74,113058
2012-08-24 00:00:00+05:30,77.54,78.71,77.25,77.74,50764
2012-08-27 00:00:00+05:30,78.13,78.13,77.0,77.2,33390
2012-08-28 00:00:00+05:30,77.88,77.88,76.17,76.57,34253
2012-08-29 00:00:00+05:30,76.17,77.25,75.44,75.98,43313
2012-08-30 00:00:00+05:30,76.17,76.47,75.44,75.78,39545
2012-08-31 00:00:00+05:30,76.17,76.27,75.0,75.15,57541
2012-09-03 00:00:00+05:30,75.3,76.57,75.3,75.88,29409
2012-09-04 00:00:00+05:30,76.08,76.17,75.39,75.98,20033
2012-09-05 00:00:00+05:30,76.96,77.15,73.93,74.22,149568
2012-09-06 00:00:00+05:30,74.22,75.05,73.78,74.27,43859
2012-09-07 00:00:00+05:30,74.22,75.69,73.83,74.12,83377
2012-09-08 00:00:00+05:30,75.05,75.2,74.22,74.66,10716
2012-09-10 00:00:00+05:30,74.86,79.59,74.22,77.64,456467
2012-09-11 00:00:00+05:30,79.59,81.3,76.66,77.44,490179
2012-09-12 00:00:00+05:30,77.49,77.49,76.17,76.76,80653
2012-09-13 00:00:00+05:30,76.81,79.59,76.57,77.25,123198
2012-09-14 00:00:00+05:30,78.71,79.01,76.66,77.0,97574
2012-09-17 00:00:00+05:30,77.74,77.93,76.08,76.61,138713
2012-09-18 00:00:00+05:30,75.3,78.32,73.15,77.1,79966
2012-09-20 00:00:00+05:30,76.91,79.2,74.91,75.39,268544
2012-09-21 00:00:00+05:30,75.74,76.57,74.47,75.25,217656
2012-09-24 00:00:00+05:30,76.96,77.05,75.2,75.44,175828
2012-09-25 00:00:00+05:30,75.3,76.13,75.3,75.93,46967
2012-09-26 00:00:00+05:30,76.86,77.05,75.74,76.22,195914
2012-09-27 00:00:00+05:30,75.98,77.54,74.32,76.13,120874
2012-09-28 00:00:00+05:30,76.66,78.86,76.37,78.23,247129
2012-10-01 00:00:00+05:30,78.52,81.2,77.69,78.03,320062
2012-10-03 00:00:00+05:30,79.01,79.01,76.91,77.4,102418
2012-10-04 00:00:00+05:30,77.44,80.57,76.96,78.67,429707
2012-10-05 00:00:00+05:30,79.1,79.54,76.76,77.4,148740
2012-10-08 00:00:00+05:30,76.42,78.32,76.42,76.76,71983
2012-10-09 00:00:00+05:30,77.15,78.23,76.57,76.71,88185
2012-10-10 00:00:00+05:30,76.37,77.0,75.69,75.93,54533
2012-10-11 00:00:00+05:30,75.25,76.57,74.71,75.59,112457
2012-10-12 00:00:00+05:30,75.3,77.05,75.3,75.98,97407
2012-10-15 00:00:00+05:30,75.34,76.22,75.2,75.49,82952
2012-10-16 00:00:00+05:30,76.08,77.84,75.39,76.08,188653
2012-10-17 00:00:00+05:30,75.78,77.05,75.69,75.93,65516
2012-10-18 00:00:00+05:30,75.78,78.32,75.44,76.13,217542
2012-10-19 00:00:00+05:30,76.52,76.81,75.49,75.88,63146
2012-10-22 00:00:00+05:30,75.88,76.27,75.2,75.54,43266
2012-10-23 00:00:00+05:30,75.34,76.17,75.2,75.3,46996
2012-10-25 00:00:00+05:30,76.03,76.03,74.76,74.95,49184
2012-10-26 00:00:00+05:30,75.44,75.98,74.32,74.56,83215
2012-10-29 00:00:00+05:30,75.98,75.98,74.22,74.47,73775
2012-10-30 00:00:00+05:30,74.37,74.86,73.73,74.03,62499
2012-10-31 00:00:00+05:30,73.78,74.17,73.49,73.88,89664
2012-11-01 00:00:00+05:30,73.93,74.91,73.44,73.68,77872
2012-11-02 00:00:00+05:30,73.24,75.1,72.76,73.15,240239
2012-11-05 00:00:00+05:30,73.73,74.22,71.49,71.68,218393
2012-11-06 00:00:00+05:30,71.98,72.37,70.22,71.05,126112
2012-11-07 00:00:00+05:30,71.34,71.93,70.46,71.34,124287
2012-11-08 00:00:00+05:30,71.29,71.98,70.61,71.19,52104
2012-11-09 00:00:00+05:30,70.51,71.78,70.22,70.32,79310
2012-11-12 00:00:00+05:30,70.36,70.95,68.51,68.65,127503
2012-11-13 00:00:00+05:30,69.24,69.92,68.65,69.68,26727
2012-11-15 00:00:00+05:30,70.22,70.22,68.65,68.9,78118
2012-11-16 00:00:00+05:30,68.9,69.83,68.36,68.51,124491
2012-11-19 00:00:00+05:30,69.09,69.34,68.41,68.61,52198
2012-11-20 00:00:00+05:30,69.29,69.29,68.17,68.17,89798
2012-11-21 00:00:00+05:30,69.14,69.14,68.17,68.61,48160
2012-11-22 00:00:00+05:30,69.19,69.49,68.07,68.22,55503
2012-11-23 00:00:00+05:30,68.36,69.73,68.12,69.39,57381
2012-11-26 00:00:00+05:30,69.63,70.61,68.26,69.92,73169
2012-11-27 00:00:00+05:30,69.49,70.61,69.19,70.22,103791
2012-11-29 00:00:00+05:30,69.83,70.95,69.63,69.97,82680
2012-11-30 00:00:00+05:30,70.32,71.29,70.22,70.41,77455
2012-12-03 00:00:00+05:30,70.8,72.22,69.92,71.49,81194
2012-12-04 00:00:00+05:30,71.93,72.76,71.29,71.54,102102
2012-12-05 00:00:00+05:30,71.44,72.17,70.95,71.49,55352
2012-12-06 00:00:00+05:30,71.49,72.41,71.49,71.98,62528
2012-12-07 00:00:00+05:30,71.83,72.71,70.85,71.19,73180
2012-12-10 00:00:00+05:30,71.19,72.02,70.51,71.05,51989
2012-12-11 00:00:00+05:30,71.19,71.98,69.58,70.27,61318
2012-12-12 00:00:00+05:30,70.32,71.29,69.88,70.07,54250
2012-12-13 00:00:00+05:30,70.36,70.51,69.34,69.53,45478
2012-12-14 00:00:00+05:30,69.14,69.78,60.74,69.39,42887
2012-12-17 00:00:00+05:30,70.32,70.32,68.61,68.8,58305
2012-12-18 00:00:00+05:30,69.14,69.68,67.82,68.36,122331
2012-12-19 00:00:00+05:30,68.46,69.29,68.07,68.36,164647
2012-12-20 00:00:00+05:30,68.46,69.73,68.46,68.8,82897
2012-12-21 00:00:00+05:30,68.95,70.22,67.68,67.82,161690
2012-12-24 00:00:00+05:30,69.09,69.09,67.97,68.26,23441
2012-12-26 00:00:00+05:30,68.36,68.65,67.58,67.73,39124
2012-12-27 00:00:00+05:30,67.68,68.95,67.48,68.07,58705
2012-12-28 00:00:00+05:30,68.46,69.24,68.07,68.31,31845
2012-12-31 00:00:00+05:30,68.36,68.36,67.73,68.07,29853
2013-01-01 00:00:00+05:30,68.36,69.14,67.97,68.65,34851
2013-01-02 00:00:00+05:30,69.05,69.14,66.26,67.78,187785
2013-01-03 00:00:00+05:30,67.87,70.27,67.43,69.53,188256
2013-01-04 00:00:00+05:30,70.12,72.46,69.34,71.49,484000
2013-01-07 00:00:00+05:30,71.93,72.32,70.36,70.95,242033
2013-01-08 00:00:00+05:30,71.05,71.93,69.73,70.17,113941
2013-01-09 00:00:00+05:30,70.36,71.0,69.68,69.78,86841
2013-01-10 00:00:00+05:30,70.02,70.17,68.41,68.85,93783
2013-01-11 00:00:00+05:30,68.85,69.19,67.92,68.17,79903
2013-01-14 00:00:00+05:30,69.09,69.09,67.92,68.61,57544
2013-01-15 00:00:00+05:30,68.61,69.34,68.26,69.09,75088
2013-01-16 00:00:00+05:30,68.85,70.07,68.36,68.36,57283
2013-01-17 00:00:00+05:30,68.46,73.15,68.36,71.63,1005399
2013-01-18 00:00:00+05:30,71.83,71.83,70.32,71.1,120729
2013-01-21 00:00:00+05:30,71.54,73.1,70.41,71.54,285777
2013-01-22 00:00:00+05:30,72.27,72.76,70.32,70.41,110156
2013-01-23 00:00:00+05:30,70.17,71.19,69.34,69.92,64875
2013-01-24 00:00:00+05:30,69.97,69.97,68.51,68.61,62074
2013-01-25 00:00:00+05:30,68.46,70.07,68.07,69.83,102048
2013-01-28 00:00:00+05:30,69.44,70.22,69.24,69.88,27837
2013-01-29 00:00:00+05:30,69.53,70.02,68.75,69.24,36677
2013-01-30 00:00:00+05:30,70.27,70.27,68.65,68.8,31223
2013-01-31 00:00:00+05:30,68.85,68.85,67.19,67.92,105303
2013-02-01 00:00:00+05:30,68.31,69.44,67.87,68.02,42581
2013-02-04 00:00:00+05:30,68.02,68.75,67.39,68.41,88424
2013-02-05 00:00:00+05:30,67.73,69.34,67.58,67.68,44538
2013-02-06 00:00:00+05:30,67.82,69.34,67.39,67.73,94169
2013-02-07 00:00:00+05:30,67.63,68.07,66.41,66.46,104466
2013-02-08 00:00:00+05:30,66.46,66.85,65.92,66.07,21655
2013-02-11 00:00:00+05:30,66.12,66.7,65.63,66.02,42899
2013-02-12 00:00:00+05:30,65.82,69.53,65.63,68.95,146598
2013-02-13 00:00:00+05:30,69.44,70.32,67.24,67.73,435380
2013-02-14 00:00:00+05:30,67.87,67.87,65.43,65.53,64438
2013-02-15 00:00:00+05:30,65.48,66.41,64.02,64.21,105526
2013-02-18 00:00:00+05:30,64.7,65.33,64.06,64.46,53650
2013-02-19 00:00:00+05:30,64.6,66.26,64.55,65.43,47275
2013-02-20 00:00:00+05:30,65.68,66.12,64.7,65.73,33547
2013-02-21 00:00:00+05:30,65.43,65.73,64.55,64.85,21800
2013-02-22 00:00:00+05:30,64.6,65.04,63.92,64.75,49459
2013-02-25 00:00:00+05:30,65.38,66.41,64.21,64.6,68732
2013-02-26 00:00:00+05:30,64.21,64.65,63.28,63.82,101372
2013-02-27 00:00:00+05:30,63.58,64.94,62.99,63.77,54523
2013-02-28 00:00:00+05:30,64.65,64.65,61.72,62.26,62281
2013-03-01 00:00:00+05:30,62.06,62.31,60.84,61.09,49064
2013-03-04 00:00:00+05:30,61.09,61.53,58.6,59.52,84013
2013-03-05 00:00:00+05:30,59.62,61.53,59.62,61.14,39494
2013-03-06 00:00:00+05:30,61.38,62.5,61.33,61.72,17804
2013-03-07 00:00:00+05:30,62.4,63.09,61.53,62.94,34146
2013-03-08 00:00:00+05:30,62.5,63.23,62.11,62.45,22490
2013-03-11 00:00:00+05:30,62.45,62.5,61.38,61.77,37082
2013-03-12 00:00:00+05:30,61.62,62.06,60.7,61.04,50621
2013-03-13 00:00:00+05:30,60.65,61.82,60.26,60.65,46053
2013-03-14 00:00:00+05:30,60.65,61.23,59.57,60.94,28022
2013-03-15 00:00:00+05:30,60.94,61.04,59.96,60.16,19402
2013-03-18 00:00:00+05:30,60.11,60.31,59.08,59.33,37603
2013-03-19 00:00:00+05:30,59.18,59.28,57.91,58.3,48090
2013-03-20 00:00:00+05:30,57.86,58.4,56.69,56.94,82646
2013-03-21 00:00:00+05:30,57.62,57.62,55.76,56.89,58879
2013-03-22 00:00:00+05:30,56.64,56.79,54.93,55.23,73813
2013-03-25 00:00:00+05:30,55.23,55.67,54.25,54.49,105693
2013-03-26 00:00:00+05:30,54.45,55.62,53.37,54.1,53068
2013-03-28 00:00:00+05:30,53.76,54.69,53.71,53.86,118090
2013-04-01 00:00:00+05:30,54.64,55.08,53.91,54.69,50619
2013-04-02 00:00:00+05:30,53.81,56.89,53.81,56.59,37813
2013-04-03 00:00:00+05:30,56.59,58.94,55.67,56.35,75503
2013-04-04 00:00:00+05:30,56.35,56.35,54.49,54.64,56404
2013-04-05 00:00:00+05:30,55.32,55.62,53.71,54.35,56580
2013-04-08 00:00:00+05:30,55.67,55.67,54.3,54.74,16944
2013-04-09 00:00:00+05:30,55.32,55.32,54.01,54.25,25326
2013-04-10 00:00:00+05:30,54.35,54.93,53.71,54.15,64533
2013-04-11 00:00:00+05:30,53.52,55.13,53.52,54.4,34030
2013-04-12 00:00:00+05:30,54.54,54.93,53.42,54.2,33713
2013-04-15 00:00:00+05:30,54.49,55.47,53.86,54.69,22274
2013-04-16 00:00:00+05:30,55.23,55.32,54.3,54.59,18790
2013-04-17 00:00:00+05:30,54.59,55.57,54.2,54.59,29156
2013-04-18 00:00:00+05:30,54.69,54.93,54.05,54.64,29434
2013-04-22 00:00:00+05:30,53.71,56.89,53.71,56.4,110681
2013-04-23 00:00:00+05:30,57.62,57.86,56.3,57.47,42935
2013-04-25 00:00:00+05:30,58.45,58.6,57.13,58.35,58428
2013-04-26 00:00:00+05:30,58.4,59.47,57.91,58.6,96746
2013-04-29 00:00:00+05:30,58.6,59.18,57.62,58.74,33072
2013-04-30 00:00:00+05:30,58.74,60.4,58.69,59.82,76201
2013-05-02 00:00:00+05:30,60.01,60.01,58.35,59.13,34253
2013-05-03 00:00:00+05:30,57.62,59.47,57.62,58.6,18690
2013-05-06 00:00:00+05:30,59.08,59.18,57.86,58.64,33446
2013-05-07 00:00:00+05:30,58.25,59.67,58.11,58.6,62841
2013-05-08 00:00:00+05:30,58.6,63.48,58.16,63.04,288983
2013-05-09 00:00:00+05:30,63.87,64.16,60.65,61.53,540927
2013-05-10 00:00:00+05:30,61.28,62.26,60.65,60.99,70239
2013-05-11 00:00:00+05:30,61.53,62.99,61.53,61.82,11853
2013-05-13 00:00:00+05:30,61.53,61.67,60.11,60.26,40387
2013-05-14 00:00:00+05:30,60.26,60.45,59.08,59.52,29365
2013-05-15 00:00:00+05:30,59.62,60.55,59.18,59.43,42705
2013-05-16 00:00:00+05:30,59.38,59.96,58.69,58.89,35514
2013-05-17 00:00:00+05:30,61.28,61.28,58.69,58.84,35262
2013-05-20 00:00:00+05:30,59.38,59.77,58.6,59.04,53681
2013-05-21 00:00:00+05:30,60.35,60.35,58.79,59.04,44822
2013-05-22 00:00:00+05:30,58.6,59.47,58.25,58.6,68198
2013-05-23 00:00:00+05:30,57.81,58.6,56.79,57.42,51119
2013-05-24 00:00:00+05:30,57.08,57.62,56.79,57.03,23948
2013-05-27 00:00:00+05:30,56.64,57.38,56.64,56.94,22260
2013-05-28 00:00:00+05:30,56.74,57.38,56.59,56.89,37087
2013-05-29 00:00:00+05:30,56.94,57.42,56.64,56.89,38443
2013-05-30 00:00:00+05:30,56.64,58.6,56.64,56.69,24464
2013-05-31 00:00:00+05:30,56.64,57.42,54.69,55.13,70136
2013-06-03 00:00:00+05:30,55.42,55.62,53.81,54.79,30777
2013-06-04 00:00:00+05:30,54.4,55.91,54.01,55.03,48925
2013-06-05 00:00:00+05:30,54.88,55.52,54.84,55.28,16149
2013-06-06 00:00:00+05:30,55.08,56.01,54.84,55.18,90243
2013-06-07 00:00:00+05:30,55.08,55.52,54.69,54.88,86979
2013-06-10 00:00:00+05:30,54.69,55.52,53.13,53.66,44606
2013-06-11 00:00:00+05:30,52.83,53.52,51.56,51.91,73311
2013-06-12 00:00:00+05:30,51.76,52.74,51.66,51.86,44815
2013-06-13 00:00:00+05:30,51.76,52.64,51.32,51.76,16530
2013-06-14 00:00:00+05:30,51.76,52.35,51.52,52.15,23112
2013-06-17 00:00:00+05:30,51.76,52.39,51.47,52.2,29087
2013-06-18 00:00:00+05:30,51.81,52.54,51.81,52.25,25052
2013-06-19 00:00:00+05:30,52.05,53.62,52.0,53.37,34197
2013-06-20 00:00:00+05:30,52.74,52.74,51.47,51.96,46547
2013-06-21 00:00:00+05:30,51.76,52.59,50.93,51.17,67836
2013-06-24 00:00:00+05:30,50.83,52.69,49.95,50.29,34278
2013-06-25 00:00:00+05:30,49.86,50.49,49.81,49.9,18496
2013-06-26 00:00:00+05:30,49.81,52.2,48.88,51.08,52930
2013-06-27 00:00:00+05:30,50.78,52.74,49.56,50.1,52432
2013-06-28 00:00:00+05:30,50.05,52.1,50.05,50.59,37046
2013-07-01 00:00:00+05:30,50.78,52.59,50.29,51.66,98581
2013-07-02 00:00:00+05:30,50.88,52.25,50.88,51.42,42372
2013-07-03 00:00:00+05:30,50.78,51.71,50.78,51.47,24762
2013-07-04 00:00:00+05:30,50.78,51.76,50.78,51.42,20174
2013-07-05 00:00:00+05:30,50.93,51.71,50.54,51.27,43172
2013-07-08 00:00:00+05:30,50.83,51.37,50.78,51.17,25533
2013-07-09 00:00:00+05:30,51.08,51.76,50.88,51.71,20812
2013-07-10 00:00:00+05:30,51.71,52.15,51.32,51.61,39154
2013-07-11 00:00:00+05:30,51.03,52.0,51.03,51.52,35440
2013-07-12 00:00:00+05:30,51.76,51.91,51.17,51.71,30459
2013-07-15 00:00:00+05:30,51.91,52.25,50.88,51.66,47449
2013-07-16 00:00:00+05:30,51.86,53.22,51.17,51.81,67118
2013-07-17 00:00:00+05:30,51.91,52.44,51.08,51.37,22080
2013-07-18 00:00:00+05:30,51.56,51.56,50.98,51.32,25292
2013-07-19 00:00:00+05:30,51.37,52.1,51.17,51.42,27452
2013-07-22 00:00:00+05:30,51.37,51.66,50.93,51.27,31851
2013-07-23 00:00:00+05:30,51.32,51.37,50.59,51.03,44269
2013-07-24 00:00:00+05:30,50.78,50.78,50.05,50.29,35519
2013-07-25 00:00:00+05:30,50.73,50.73,49.32,49.37,27297
2013-07-26 00:00:00+05:30,50.78,50.78,49.42,49.76,25574
2013-07-29 00:00:00+05:30,48.83,49.76,47.85,48.05,79470
2013-07-30 00:00:00+05:30,48.24,48.24,45.17,45.66,107959
2013-07-31 00:00:00+05:30,45.56,46.83,43.21,45.8,193808
2013-08-01 00:00:00+05:30,45.12,46.58,44.92,45.31,40234
2013-08-02 00:00:00+05:30,44.97,45.9,43.56,43.85,100019
2013-08-05 00:00:00+05:30,43.95,44.83,43.02,44.0,38531
2013-08-06 00:00:00+05:30,44.04,44.87,42.97,43.17,63311
2013-08-07 00:00:00+05:30,43.02,45.61,42.48,45.27,78755
2013-08-08 00:00:00+05:30,45.31,50.78,45.17,49.37,758689
2013-08-12 00:00:00+05:30,48.98,49.61,46.88,47.22,94107
2013-08-13 00:00:00+05:30,46.88,47.85,46.88,47.46,45943
2013-08-14 00:00:00+05:30,47.17,48.59,46.97,48.29,59752
2013-08-16 00:00:00+05:30,48.73,48.73,46.83,47.17,167854
2013-08-19 00:00:00+05:30,47.85,47.85,45.95,46.44,41979
2013-08-20 00:00:00+05:30,46.44,46.88,45.51,46.68,26236
2013-08-21 00:00:00+05:30,47.37,47.85,45.9,46.24,52322
2013-08-22 00:00:00+05:30,46.1,46.88,45.9,46.63,35844
2013-08-23 00:00:00+05:30,46.49,48.2,46.34,47.71,39457
2013-08-26 00:00:00+05:30,47.85,48.63,46.78,47.85,41576
2013-08-27 00:00:00+05:30,48.34,48.34,46.58,47.27,32727
2013-08-28 00:00:00+05:30,47.27,47.85,45.46,47.51,45152
2013-08-29 00:00:00+05:30,47.66,48.78,47.02,47.95,78354
2013-08-30 00:00:00+05:30,47.85,49.81,47.12,49.07,106002
2013-09-02 00:00:00+05:30,49.07,50.1,48.83,49.81,43346
2013-09-03 00:00:00+05:30,50.39,50.39,48.98,49.86,112815
2013-09-04 00:00:00+05:30,49.81,53.08,49.81,52.44,54740
2013-09-05 00:00:00+05:30,52.1,52.93,50.88,51.47,49174
2013-09-06 00:00:00+05:30,51.37,53.03,51.03,51.66,69112
2013-09-10 00:00:00+05:30,51.27,52.74,51.27,52.2,31519
2013-09-11 00:00:00+05:30,52.54,55.28,52.25,54.84,106668
2013-09-12 00:00:00+05:30,54.74,57.18,54.74,56.5,130224
2013-09-13 00:00:00+05:30,55.67,56.98,55.67,56.69,59649
2013-09-16 00:00:00+05:30,56.64,57.96,56.64,57.38,78284
2013-09-17 00:00:00+05:30,57.08,58.55,56.74,58.06,37877
2013-09-18 00:00:00+05:30,58.6,58.6,55.86,56.06,52032
2013-09-19 00:00:00+05:30,56.59,57.38,54.35,55.08,97442
2013-09-20 00:00:00+05:30,55.13,56.45,54.79,55.08,45887
2013-09-23 00:00:00+05:30,55.67,56.5,53.71,53.76,26846
2013-09-24 00:00:00+05:30,52.79,54.25,52.74,53.03,18809
2013-09-25 00:00:00+05:30,52.98,53.57,52.88,53.42,20678
2013-09-26 00:00:00+05:30,53.08,54.2,52.74,53.66,48708
2013-09-27 00:00:00+05:30,52.74,53.71,52.74,53.52,23498
2013-09-30 00:00:00+05:30,53.08,53.22,52.44,52.54,15951
2013-10-01 00:00:00+05:30,52.15,53.13,52.15,52.64,10326
2013-10-03 00:00:00+05:30,52.3,53.37,51.96,52.98,26283
2013-10-04 00:00:00+05:30,52.54,53.22,52.35,52.64,20193
2013-10-07 00:00:00+05:30,53.52,54.05,52.93,53.81,23620
2013-10-08 00:00:00+05:30,53.86,54.59,53.22,53.27,15504
2013-10-09 00:00:00+05:30,53.71,53.71,52.54,52.74,21004
2013-10-10 00:00:00+05:30,53.52,53.91,52.74,53.37,28245
2013-10-11 00:00:00+05:30,53.57,56.06,52.88,55.62,59758
2013-10-14 00:00:00+05:30,54.69,56.15,53.76,53.91,37499
2013-10-15 00:00:00+05:30,54.69,56.15,52.74,53.22,105818
2013-10-17 00:00:00+05:30,53.27,54.2,52.79,53.32,66043
2013-10-18 00:00:00+05:30,53.42,54.69,52.74,54.25,94625
2013-10-21 00:00:00+05:30,54.69,55.37,53.96,55.03,64326
2013-10-22 00:00:00+05:30,54.79,55.52,54.69,54.93,40142
2013-10-23 00:00:00+05:30,55.13,55.52,54.1,54.69,32221
2013-10-24 00:00:00+05:30,55.28,55.57,53.32,53.57,81055
2013-10-25 00:00:00+05:30,53.22,53.91,52.39,52.98,28292
2013-10-28 00:00:00+05:30,52.98,53.37,52.0,52.15,23158
2013-10-29 00:00:00+05:30,51.81,53.62,51.81,52.93,42286
2013-10-30 00:00:00+05:30,53.42,54.69,52.83,54.4,113837
2013-10-31 00:00:00+05:30,54.98,55.57,53.32,53.62,81308
2013-11-01 00:00:00+05:30,53.71,55.67,53.52,55.42,200692
2013-11-03 00:00:00+05:30,55.67,56.98,55.67,56.45,55707
2013-11-05 00:00:00+05:30,56.64,57.42,54.88,56.84,157301
2013-11-06 00:00:00+05:30,58.6,59.52,57.42,58.4,651128
2013-11-07 00:00:00+05:30,57.67,58.4,56.69,56.79,72669
2013-11-08 00:00:00+05:30,56.94,56.98,55.86,55.96,39915
2013-11-11 00:00:00+05:30,55.96,57.08,54.49,54.84,52050
2013-11-12 00:00:00+05:30,54.69,54.93,52.74,52.83,80292
2013-11-13 00:00:00+05:30,52.79,53.86,52.74,53.71,44627
2013-11-14 00:00:00+05:30,54.45,54.69,53.22,53.27,17105
2013-11-18 00:00:00+05:30,53.71,53.86,52.83,53.03,26640
2013-11-19 00:00:00+05:30,53.27,53.71,52.35,52.74,62721
2013-11-20 00:00:00+05:30,52.88,53.37,52.15,52.49,104371
2013-11-21 00:00:00+05:30,52.64,53.03,52.35,52.69,20697
2013-11-22 00:00:00+05:30,52.83,53.13,52.0,52.35,29073
2013-11-25 00:00:00+05:30,52.49,53.13,51.96,52.49,33665
2013-11-26 00:00:00+05:30,52.3,54.69,52.3,53.37,159455
2013-11-27 00:00:00+05:30,53.37,53.47,51.56,52.15,147153
2013-11-28 00:00:00+05:30,52.49,52.59,51.76,52.1,49160
2013-11-29 00:00:00+05:30,52.64,52.64,51.86,52.05,31793
2013-12-02 00:00:00+05:30,52.1,52.49,51.76,51.81,173488
2013-12-03 00:00:00+05:30,52.35,53.08,51.76,52.44,88810
2013-12-04 00:00:00+05:30,52.39,53.42,52.3,52.83,119534
2013-12-05 00:00:00+05:30,52.98,53.57,52.35,52.88,79822
2013-12-06 00:00:00+05:30,53.18,53.18,52.0,52.64,54129
2013-12-09 00:00:00+05:30,53.66,53.66,52.35,52.74,133942
2013-12-10 00:00:00+05:30,52.83,53.42,52.3,53.13,136138
2013-12-11 00:00:00+05:30,53.71,55.28,52.74,52.93,268539
2013-12-12 00:00:00+05:30,52.98,53.37,52.39,52.64,49365
2013-12-13 00:00:00+05:30,52.54,53.18,51.96,52.2,136224
2013-12-16 00:00:00+05:30,52.3,53.47,52.0,52.98,85788
2013-12-17 00:00:00+05:30,53.03,54.54,52.35,52.59,307030
2013-12-18 00:00:00+05:30,53.13,53.71,52.83,53.42,65657
2013-12-19 00:00:00+05:30,53.71,53.91,52.74,52.83,51385
2013-12-20 00:00:00+05:30,52.93,53.57,52.25,52.49,75059
2013-12-23 00:00:00+05:30,52.93,54.59,52.3,54.2,212026
2013-12-24 00:00:00+05:30,54.64,55.08,53.81,54.64,143935
2013-12-26 00:00:00+05:30,53.81,57.62,53.81,54.69,428914
2013-12-27 00:00:00+05:30,55.03,60.16,53.96,58.6,709564
2013-12-30 00:00:00+05:30,59.52,60.31,57.62,59.04,407750
2013-12-31 00:00:00+05:30,59.08,61.82,58.4,61.28,515876
2014-01-01 00:00:00+05:30,61.72,61.72,58.21,58.6,307705
2014-01-02 00:00:00+05:30,59.08,60.01,55.18,56.15,427461
2014-01-03 00:00:00+05:30,55.72,56.89,54.88,55.62,129876
2014-01-06 00:00:00+05:30,56.5,57.13,55.76,56.64,126711
2014-01-07 00:00:00+05:30,57.13,57.57,54.74,55.18,357064
2014-01-08 00:00:00+05:30,55.28,55.91,55.03,55.72,128575
2014-01-09 00:00:00+05:30,55.32,55.91,55.08,55.47,136849
2014-01-10 00:00:00+05:30,55.32,56.55,55.23,55.96,159998
2014-01-13 00:00:00+05:30,56.25,57.13,55.72,56.4,100372
2014-01-14 00:00:00+05:30,55.76,61.18,55.76,56.79,223718
2014-01-15 00:00:00+05:30,55.96,57.38,55.96,56.79,44090
2014-01-16 00:00:00+05:30,56.69,57.28,56.15,56.55,75244
2014-01-17 00:00:00+05:30,56.3,56.79,55.96,56.15,103894
2014-01-20 00:00:00+05:30,55.96,56.64,55.62,56.4,60740
2014-01-21 00:00:00+05:30,55.76,57.03,55.76,56.3,75600
2014-01-22 00:00:00+05:30,56.01,56.45,55.47,55.76,89339
2014-01-23 00:00:00+05:30,55.76,56.35,55.42,55.86,67292
2014-01-24 00:00:00+05:30,55.23,56.15,54.93,55.28,61568
2014-01-27 00:00:00+05:30,54.69,54.93,54.3,54.59,129084
2014-01-28 00:00:00+05:30,53.76,54.88,53.62,54.64,147487
2014-01-29 00:00:00+05:30,54.45,55.57,54.1,54.64,73597
2014-01-30 00:00:00+05:30,53.71,54.3,53.03,53.91,242231
2014-01-31 00:00:00+05:30,55.13,55.96,54.45,55.32,88387
2014-02-03 00:00:00+05:30,55.86,55.86,54.69,54.93,45593
2014-02-04 00:00:00+05:30,54.49,55.13,53.22,53.81,305326
2014-02-05 00:00:00+05:30,54.4,55.23,53.52,54.79,55680
2014-02-06 00:00:00+05:30,55.28,55.47,54.3,54.93,38176
2014-02-07 00:00:00+05:30,54.79,55.47,54.79,55.18,47990
2014-02-10 00:00:00+05:30,54.74,55.86,54.2,55.72,67769
2014-02-11 00:00:00+05:30,55.67,58.01,55.28,57.18,107462
2014-02-12 00:00:00+05:30,57.23,58.01,56.15,57.38,88444
2014-02-13 00:00:00+05:30,56.64,58.6,56.4,58.01,184875
2014-02-14 00:00:00+05:30,56.64,58.3,56.64,57.57,69371
2014-02-17 00:00:00+05:30,56.64,57.52,55.47,56.15,37254
2014-02-18 00:00:00+05:30,54.79,56.64,54.79,55.72,35102
2014-02-19 00:00:00+05:30,55.67,56.25,55.42,55.91,44105
2014-02-20 00:00:00+05:30,55.18,60.4,55.18,58.74,688786
2014-02-21 00:00:00+05:30,58.84,60.45,57.33,57.81,563184
2014-02-24 00:00:00+05:30,57.03,60.5,57.03,59.91,251061
2014-02-25 00:00:00+05:30,60.06,61.82,59.08,59.77,149952
2014-02-26 00:00:00+05:30,59.62,61.62,59.62,60.74,167433
2014-02-28 00:00:00+05:30,60.74,63.87,60.06,63.33,259737
2014-03-03 00:00:00+05:30,62.99,64.11,61.23,61.48,126302
2014-03-04 00:00:00+05:30,62.01,62.5,60.35,61.18,186573
2014-03-05 00:00:00+05:30,60.6,63.28,60.11,62.75,211566
2014-03-06 00:00:00+05:30,62.36,62.84,61.43,61.97,83303
2014-03-07 00:00:00+05:30,62.01,62.65,60.6,61.38,99937
2014-03-10 00:00:00+05:30,61.04,63.33,60.7,61.72,125306
2014-03-11 00:00:00+05:30,61.72,62.11,60.79,61.48,124650
2014-03-12 00:00:00+05:30,60.55,63.48,60.55,62.89,326355
2014-03-13 00:00:00+05:30,62.16,63.28,61.53,61.87,100602
2014-03-14 00:00:00+05:30,61.82,62.5,60.55,61.97,93018
2014-03-18 00:00:00+05:30,61.97,62.65,61.14,62.01,81987
2014-03-19 00:00:00+05:30,62.01,62.8,61.77,62.21,228069
2014-03-20 00:00:00+05:30,62.4,63.28,60.6,60.99,134528
2014-03-21 00:00:00+05:30,60.55,62.06,60.55,61.33,64320
2014-03-22 00:00:00+05:30,61.53,62.4,60.65,62.21,58733
2014-03-24 00:00:00+05:30,61.62,63.19,61.62,62.5,202872
2014-03-25 00:00:00+05:30,61.92,65.63,61.92,65.14,431871
2014-03-26 00:00:00+05:30,65.63,69.63,65.58,69.09,648220
2014-03-27 00:00:00+05:30,70.07,72.27,69.0,71.44,550900
2014-03-28 00:00:00+05:30,70.32,73.15,70.32,72.56,207015
2014-03-31 00:00:00+05:30,72.27,73.24,69.92,71.24,473896
2014-04-01 00:00:00+05:30,70.8,72.07,68.51,69.83,192194
2014-04-02 00:00:00+05:30,69.83,71.24,69.44,69.92,118662
2014-04-03 00:00:00+05:30,71.24,71.24,67.48,67.92,163167
2014-04-04 00:00:00+05:30,69.24,69.73,67.68,68.8,156507
2014-04-07 00:00:00+05:30,68.46,71.0,68.36,70.66,154155
2014-04-09 00:00:00+05:30,70.36,73.1,70.32,72.02,395805
2014-04-10 00:00:00+05:30,71.78,72.56,71.29,71.68,199668
2014-04-11 00:00:00+05:30,71.34,73.93,70.75,72.71,415398
2014-04-15 00:00:00+05:30,72.27,74.22,71.88,73.24,253566
2014-04-16 00:00:00+05:30,73.24,76.61,72.76,75.25,354220
2014-04-17 00:00:00+05:30,75.0,76.08,74.27,75.88,160853
2014-04-21 00:00:00+05:30,76.17,79.84,75.25,79.15,396840
2014-04-22 00:00:00+05:30,78.18,79.4,77.49,78.57,165306
2014-04-23 00:00:00+05:30,77.79,78.52,76.42,77.1,90618
2014-04-25 00:00:00+05:30,76.32,77.2,75.74,76.22,182269
2014-04-28 00:00:00+05:30,76.42,76.52,75.25,75.74,97461
2014-04-29 00:00:00+05:30,75.74,76.03,74.71,75.2,59935
2014-04-30 00:00:00+05:30,74.37,75.98,73.24,73.68,93484
2014-05-02 00:00:00+05:30,73.29,75.1,73.24,74.37,101805
2014-05-05 00:00:00+05:30,73.64,74.76,73.44,74.32,145052
2014-05-06 00:00:00+05:30,73.59,74.51,72.95,73.15,36167
2014-05-07 00:00:00+05:30,72.51,74.03,72.51,72.81,68492
2014-05-08 00:00:00+05:30,72.51,74.22,72.51,73.2,88244
2014-05-09 00:00:00+05:30,72.66,73.73,72.27,72.71,112294
2014-05-12 00:00:00+05:30,73.24,74.03,71.83,72.61,122696
2014-05-13 00:00:00+05:30,72.95,74.86,72.95,74.51,180254
2014-05-14 00:00:00+05:30,74.22,75.2,73.54,74.37,56285
2014-05-15 00:00:00+05:30,74.22,76.96,73.98,75.49,157294
2014-05-16 00:00:00+05:30,74.37,76.17,74.22,75.74,267067
2014-05-19 00:00:00+05:30,76.17,81.06,75.69,80.33,327364
2014-05-20 00:00:00+05:30,81.06,87.6,80.08,85.11,372684
2014-05-21 00:00:00+05:30,85.94,89.65,84.23,84.82,382526
2014-05-22 00:00:00+05:30,85.89,88.28,83.01,84.38,354950
2014-05-23 00:00:00+05:30,85.75,85.75,83.16,84.77,155739
2014-05-26 00:00:00+05:30,84.04,87.41,82.03,83.16,208230
2014-05-27 00:00:00+05:30,83.5,83.74,80.67,81.3,97194
2014-05-28 00:00:00+05:30,80.08,83.01,80.08,81.74,71256
2014-05-29 00:00:00+05:30,81.25,84.28,79.15,79.89,208539
2014-05-30 00:00:00+05:30,79.15,81.64,77.84,78.57,267950
2014-06-02 00:00:00+05:30,79.25,82.82,78.62,82.23,166555
2014-06-03 00:00:00+05:30,82.43,87.41,81.35,86.58,460739
2014-06-04 00:00:00+05:30,87.02,91.7,85.94,88.19,761311
2014-06-05 00:00:00+05:30,88.38,91.95,87.7,90.92,632568
2014-06-06 00:00:00+05:30,92.29,97.07,91.7,96.24,906329
2014-06-09 00:00:00+05:30,96.68,96.68,93.75,95.61,498910
2014-06-10 00:00:00+05:30,96.59,100.05,93.75,97.46,807121
2014-06-11 00:00:00+05:30,98.64,103.32,96.68,97.81,1671659
2014-06-12 00:00:00+05:30,98.69,101.66,96.88,100.69,1208096
2014-06-13 00:00:00+05:30,101.08,102.4,97.46,99.76,857779
2014-06-16 00:00:00+05:30,100.1,100.1,96.2,97.37,261722
2015-12-28 00:00:00+05:30,120.07,123.54,119.15,123.15,255862
2015-12-29 00:00:00+05:30,123.54,127.3,123.44,126.67,535638
2015-12-30 00:00:00+05:30,127.64,127.93,123.54,124.81,173729
2015-12-31 00:00:00+05:30,124.32,127.93,123.54,127.01,161092
2016-01-01 00:00:00+05:30,127.25,134.28,125.0,131.6,472652
2016-01-04 00:00:00+05:30,130.57,131.84,124.61,127.45,196726
2016-01-05 00:00:00+05:30,128.42,131.55,126.27,127.84,304797
2016-01-06 00:00:00+05:30,128.37,129.69,126.18,127.5,172453
2016-01-07 00:00:00+05:30,126.47,126.52,118.32,119.83,131608
2016-01-08 00:00:00+05:30,119.15,123.83,119.15,121.73,73921
2016-01-11 00:00:00+05:30,120.61,121.88,119.63,121.1,116438
2016-01-12 00:00:00+05:30,121.73,123.54,119.88,120.51,330535
2016-01-13 00:00:00+05:30,121.83,122.32,111.72,117.73,178582
2016-01-14 00:00:00+05:30,117.68,120.12,114.02,119.39,89528
2016-01-15 00:00:00+05:30,118.71,119.54,113.04,113.58,58234
2016-01-18 00:00:00+05:30,113.19,113.58,108.89,111.58,88902
2016-01-19 00:00:00+05:30,110.99,114.26,109.87,113.82,70405
2016-01-20 00:00:00+05:30,112.31,115.48,110.84,113.68,113248
2016-01-21 00:00:00+05:30,114.16,114.75,110.36,110.89,65133
2016-01-22 00:00:00+05:30,111.82,114.99,110.65,112.89,87281
2016-01-25 00:00:00+05:30,113.29,118.22,113.19,117.19,132917
2016-01-27 00:00:00+05:30,116.22,121.34,116.22,117.48,287397
2016-01-28 00:00:00+05:30,118.61,119.15,115.24,115.58,52327
2016-01-29 00:00:00+05:30,117.63,117.63,113.09,113.82,123746
2016-02-01 00:00:00+05:30,113.82,113.87,108.89,110.36,144233
2016-02-02 00:00:00+05:30,109.62,112.8,109.62,110.99,56750
2016-02-03 00:00:00+05:30,110.36,111.33,108.89,109.18,48787
2016-02-04 00:00:00+05:30,110.36,110.36,107.43,108.01,60528
2016-02-05 00:00:00+05:30,107.52,108.7,107.43,107.77,15045
2016-02-08 00:00:00+05:30,107.91,109.38,107.47,108.55,19411
2016-02-09 00:00:00+05:30,107.91,110.11,106.94,109.62,59881
2016-02-10 00:00:00+05:30,108.4,110.16,106.94,107.33,27498
2016-02-11 00:00:00+05:30,106.94,107.47,103.03,105.33,176033
2016-02-12 00:00:00+05:30,103.03,104.5,99.27,102.79,140068
2016-02-15 00:00:00+05:30,103.52,105.96,101.81,102.84,32417
2016-02-16 00:00:00+05:30,102.54,104.5,100.98,103.13,36387
2016-02-17 00:00:00+05:30,104.45,104.45,99.66,102.79,44078
2016-02-18 00:00:00+05:30,101.86,104.5,101.86,103.08,17454
2016-02-19 00:00:00+05:30,102.54,102.54,98.34,99.81,182195
2016-02-22 00:00:00+05:30,97.76,102.49,97.76,101.32,31743
2016-02-23 00:00:00+05:30,101.08,104.01,100.3,102.98,34485
2016-02-24 00:00:00+05:30,103.91,105.91,101.57,104.98,33270
2016-02-25 00:00:00+05:30,104.15,107.23,103.08,105.96,36823
2016-02-26 00:00:00+05:30,105.47,105.96,103.23,105.42,106543
2016-02-29 00:00:00+05:30,105.86,105.96,101.57,104.79,47993
2016-03-01 00:00:00+05:30,104.55,105.86,104.5,105.47,135933
2016-03-02 00:00:00+05:30,105.96,105.96,103.52,104.06,30424
2016-03-03 00:00:00+05:30,103.08,105.33,102.54,103.08,43937
2016-03-04 00:00:00+05:30,103.57,104.01,101.57,101.76,45375
2016-03-08 00:00:00+05:30,105.96,106.16,103.03,103.62,68993
2016-03-09 00:00:00+05:30,103.03,104.74,101.76,104.5,47688
2016-03-10 00:00:00+05:30,104.5,104.98,102.54,102.88,21578
2016-03-11 00:00:00+05:30,102.84,105.08,101.81,104.55,87936
2016-03-14 00:00:00+05:30,105.47,105.96,102.25,102.64,36055
2016-03-15 00:00:00+05:30,102.54,102.93,100.1,101.96,73486
2016-03-16 00:00:00+05:30,101.37,102.54,101.37,101.71,16187
2016-03-17 00:00:00+05:30,102.25,102.79,101.08,101.57,21279
2016-03-18 00:00:00+05:30,101.57,102.54,100.88,101.76,27891
2016-03-21 00:00:00+05:30,102.98,102.98,101.57,102.25,26297
2016-03-22 00:00:00+05:30,100.69,103.28,100.69,101.76,36611
2016-03-23 00:00:00+05:30,101.71,102.3,101.37,101.71,218922
2016-03-28 00:00:00+05:30,102.93,102.93,100.79,101.08,16635
2016-03-29 00:00:00+05:30,101.37,102.35,100.3,101.76,54405
2016-03-30 00:00:00+05:30,101.57,102.98,101.22,102.01,16859
2016-03-31 00:00:00+05:30,102.49,103.03,101.57,101.86,26863
2016-04-01 00:00:00+05:30,101.86,102.54,101.08,101.32,43415
2016-04-04 00:00:00+05:30,102.79,103.42,101.08,102.84,38296
2016-04-05 00:00:00+05:30,102.15,103.71,101.81,102.93,26162
2016-04-06 00:00:00+05:30,104.4,104.4,102.05,103.13,20961
2016-04-07 00:00:00+05:30,103.28,103.57,102.05,103.42,19707
2016-04-08 00:00:00+05:30,103.37,103.91,102.1,102.69,14425
2016-04-11 00:00:00+05:30,104.4,105.67,103.03,103.76,60332
2016-04-12 00:00:00+05:30,103.08,108.89,103.08,107.77,106474
2016-04-13 00:00:00+05:30,110.36,112.16,105.03,106.01,267094
2016-04-18 00:00:00+05:30,104.59,107.23,104.06,104.64,281629
2016-04-20 00:00:00+05:30,104.25,105.42,103.32,103.91,60673
2016-04-21 00:00:00+05:30,103.91,105.28,103.52,104.01,183948
2016-04-22 00:00:00+05:30,103.18,104.89,103.18,103.91,32620
2016-04-25 00:00:00+05:30,105.23,105.23,102.05,102.45,102380
2016-04-26 00:00:00+05:30,102.49,103.23,102.05,102.25,76660
2016-04-27 00:00:00+05:30,102.54,103.03,101.81,102.4,31214
2016-04-28 00:00:00+05:30,102.79,103.52,100.15,100.59,191550
2016-04-29 00:00:00+05:30,100.59,101.13,99.08,100.39,68900
2016-05-02 00:00:00+05:30,101.37,101.37,99.52,100.44,27460
2016-05-03 00:00:00+05:30,99.61,101.57,99.61,100.35,214733
2016-05-04 00:00:00+05:30,100.54,101.32,99.08,99.47,106130
2016-05-05 00:00:00+05:30,99.71,100.49,99.32,99.66,168645
2016-05-06 00:00:00+05:30,99.61,100.05,97.95,98.1,148996
2016-05-09 00:00:00+05:30,99.56,102.4,98.64,101.22,57541
2016-05-10 00:00:00+05:30,101.08,101.96,99.12,99.86,76019
2016-05-11 00:00:00+05:30,98.73,102.54,98.64,101.76,45795
2016-05-12 00:00:00+05:30,102.35,104.89,101.27,104.06,84194
2016-05-13 00:00:00+05:30,103.08,106.35,103.03,105.77,84124
2016-05-16 00:00:00+05:30,106.45,106.94,103.23,105.52,83964
2016-05-17 00:00:00+05:30,105.91,112.11,105.13,110.21,273681
2016-05-18 00:00:00+05:30,109.38,109.38,105.77,107.72,291284
2016-05-19 00:00:00+05:30,108.45,108.89,106.45,107.23,70064
2016-05-20 00:00:00+05:30,107.43,107.47,103.03,106.55,103319
2016-05-23 00:00:00+05:30,106.55,107.91,104.2,107.47,66879
2016-05-24 00:00:00+05:30,106.45,108.11,105.57,107.28,106468
2016-05-25 00:00:00+05:30,107.43,109.82,105.03,106.45,143188
2016-05-26 00:00:00+05:30,106.64,107.28,104.59,105.33,98862
2016-05-27 00:00:00+05:30,104.98,104.98,103.52,104.15,48307
2016-05-30 00:00:00+05:30,103.52,105.96,103.03,103.28,37659
2016-05-31 00:00:00+05:30,103.52,105.23,102.15,103.67,96232
2016-06-01 00:00:00+05:30,104.01,104.01,102.88,103.23,38690
2016-06-02 00:00:00+05:30,103.08,107.23,103.03,105.52,104361
2016-06-03 00:00:00+05:30,105.52,107.13,102.74,103.08,46256
2016-06-06 00:00:00+05:30,104.25,105.33,102.54,103.86,22804
2016-06-07 00:00:00+05:30,104.3,105.47,103.23,104.11,47290
2016-06-08 00:00:00+05:30,105.28,107.43,104.2,104.69,121864
2016-06-09 00:00:00+05:30,105.28,105.47,103.52,103.86,60140
2016-06-10 00:00:00+05:30,104.25,105.38,103.18,103.76,49212
2016-06-13 00:00:00+05:30,103.76,104.3,102.59,103.42,27154
2016-06-14 00:00:00+05:30,102.93,104.2,102.74,103.71,31126
2016-06-15 00:00:00+05:30,104.2,109.53,103.37,108.06,192612
2016-06-16 00:00:00+05:30,108.89,110.5,107.47,108.89,84226
2016-06-17 00:00:00+05:30,109.92,112.31,108.89,110.21,133946
2016-06-20 00:00:00+05:30,109.38,113.29,108.94,110.94,85786
2016-06-21 00:00:00+05:30,110.84,112.21,108.94,109.33,31743
2016-06-22 00:00:00+05:30,109.38,111.14,107.47,107.91,35958
2016-06-23 00:00:00+05:30,107.72,109.87,107.47,109.09,28827
2016-06-24 00:00:00+05:30,106.45,108.21,104.5,107.52,76957
2016-06-27 00:00:00+05:30,107.43,111.28,106.99,109.87,74075
2016-06-28 00:00:00+05:30,109.43,111.19,108.99,110.21,237753
2016-06-29 00:00:00+05:30,110.06,110.36,105.96,108.65,85718
2016-06-30 00:00:00+05:30,110.36,111.14,108.84,110.31,57780
2016-07-01 00:00:00+05:30,111.77,111.77,108.99,109.87,84717
2016-07-04 00:00:00+05:30,109.87,112.11,109.87,110.4,75970
2016-07-05 00:00:00+05:30,111.14,111.14,107.96,108.79,70058
2016-07-07 00:00:00+05:30,107.67,110.26,106.69,107.57,77141
2016-07-08 00:00:00+05:30,107.43,109.53,107.04,108.74,66801
2016-07-11 00:00:00+05:30,110.26,110.36,107.47,109.28,81416
2016-07-12 00:00:00+05:30,108.5,109.38,107.67,108.4,48056
2016-07-13 00:00:00+05:30,107.91,109.38,106.94,108.79,176753
2016-07-14 00:00:00+05:30,109.14,112.31,109.14,110.89,219854
2016-07-15 00:00:00+05:30,110.65,123.54,110.6,114.41,772834
2016-07-18 00:00:00+05:30,114.31,116.22,111.92,112.41,114819
2016-07-19 00:00:00+05:30,113.29,116.22,110.5,111.77,140720
2016-07-20 00:00:00+05:30,111.82,112.8,110.36,111.09,39699
2016-07-21 00:00:00+05:30,111.58,115.73,110.94,113.73,115275
2016-07-22 00:00:00+05:30,113.87,113.87,110.36,111.14,66576
2016-07-25 00:00:00+05:30,112.02,114.65,111.14,114.02,110116
2016-07-26 00:00:00+05:30,113.92,115.43,113.29,114.31,69223
2016-07-27 00:00:00+05:30,113.53,115.39,112.8,114.95,79387
2016-07-28 00:00:00+05:30,115.73,115.78,111.87,112.26,87439
2016-07-29 00:00:00+05:30,113.68,116.22,113.14,115.09,100456
2016-08-01 00:00:00+05:30,116.07,116.22,114.26,115.87,54027
2016-08-02 00:00:00+05:30,116.22,117.14,111.82,113.68,97405
2016-08-03 00:00:00+05:30,111.04,111.04,108.4,109.09,226507
2016-08-04 00:00:00+05:30,108.21,109.97,107.57,108.11,133447
2016-08-05 00:00:00+05:30,108.5,109.38,107.13,108.4,102981
2016-08-08 00:00:00+05:30,109.33,109.38,107.72,108.35,80386
2016-08-09 00:00:00+05:30,107.47,109.18,107.38,107.62,125902
2016-08-10 00:00:00+05:30,106.99,108.06,106.99,107.57,15332
2016-08-11 00:00:00+05:30,106.99,108.89,106.55,107.13,48848
2016-08-12 00:00:00+05:30,107.43,111.33,106.06,110.45,174297
2016-08-16 00:00:00+05:30,110.31,111.33,109.43,111.04,22788
2016-08-17 00:00:00+05:30,111.09,111.77,107.57,107.72,157033
2016-08-18 00:00:00+05:30,108.84,110.16,106.94,107.62,131002
2016-08-19 00:00:00+05:30,106.69,111.72,106.69,109.92,112563
2016-08-22 00:00:00+05:30,111.19,111.33,109.04,110.6,39443
2016-08-23 00:00:00+05:30,110.5,114.75,110.36,112.31,188903
2016-08-24 00:00:00+05:30,111.38,112.46,110.11,111.87,36915
2016-08-25 00:00:00+05:30,112.26,112.31,109.38,111.28,33707
2016-08-26 00:00:00+05:30,111.33,111.53,109.67,109.97,25121
2016-08-29 00:00:00+05:30,108.94,111.33,108.94,110.5,31804
2016-08-30 00:00:00+05:30,111.72,111.77,109.09,109.53,42574
2016-08-31 00:00:00+05:30,109.48,110.26,106.69,107.43,122819
2016-09-01 00:00:00+05:30,107.43,108.7,105.96,106.4,83478
2016-09-02 00:00:00+05:30,106.4,106.89,105.62,105.96,18998
2016-09-06 00:00:00+05:30,106.4,112.06,105.47,111.72,284474
2016-09-07 00:00:00+05:30,111.38,112.7,109.53,112.26,146182
2016-09-08 00:00:00+05:30,112.94,112.94,108.89,109.23,66529
2016-09-09 00:00:00+05:30,109.38,111.92,108.5,110.16,65152
2016-09-12 00:00:00+05:30,110.06,110.06,107.43,108.79,87886
2016-09-14 00:00:00+05:30,108.74,109.38,107.96,108.74,29122
2016-09-15 00:00:00+05:30,109.87,109.87,107.04,107.47,43716
2016-09-16 00:00:00+05:30,108.16,108.84,105.77,106.01,60407
2016-09-19 00:00:00+05:30,106.94,108.3,106.01,106.3,46197
2016-09-20 00:00:00+05:30,106.11,107.13,104.5,105.96,61749
2016-09-21 00:00:00+05:30,105.47,107.33,105.47,106.06,29662
2016-09-22 00:00:00+05:30,106.55,107.72,105.62,106.3,37467
2016-09-23 00:00:00+05:30,107.04,109.77,105.67,109.38,169627
2016-09-26 00:00:00+05:30,109.38,110.01,106.25,106.94,65423
2016-09-27 00:00:00+05:30,106.69,108.4,105.96,106.3,18001
2016-09-28 00:00:00+05:30,107.18,111.33,106.55,108.84,87397
2016-09-29 00:00:00+05:30,107.52,109.77,104.59,105.62,59742
2016-09-30 00:00:00+05:30,104.5,107.91,104.06,107.57,70010
2016-10-03 00:00:00+05:30,107.57,109.62,106.74,108.79,84520
2016-10-04 00:00:00+05:30,107.91,110.01,106.79,108.35,59818
2016-10-05 00:00:00+05:30,108.89,108.89,107.28,107.77,27894
2016-10-06 00:00:00+05:30,107.43,108.79,107.43,108.3,16180
2016-10-07 00:00:00+05:30,106.84,108.7,106.84,108.16,18345
2016-10-10 00:00:00+05:30,107.67,108.84,106.55,106.69,31276
2016-10-13 00:00:00+05:30,107.04,108.3,105.47,106.01,116549
2016-10-14 00:00:00+05:30,107.04,107.87,105.13,107.43,26981
2016-10-17 00:00:00+05:30,106.74,108.35,105.13,105.81,21892
2016-10-18 00:00:00+05:30,106.79,106.79,105.03,105.62,37276
2016-10-19 00:00:00+05:30,105.86,107.43,105.28,106.11,44209
2016-10-20 00:00:00+05:30,106.55,107.96,106.06,106.74,36206
2016-10-21 00:00:00+05:30,106.06,107.43,105.52,106.64,29944
2016-10-24 00:00:00+05:30,107.04,107.62,106.16,106.99,46221
2016-10-25 00:00:00+05:30,106.89,107.33,106.45,106.84,13946
2016-10-26 00:00:00+05:30,107.04,117.78,107.04,111.09,2527604
2016-10-27 00:00:00+05:30,110.26,111.58,107.18,109.18,149788
2016-10-28 00:00:00+05:30,109.04,110.5,107.72,108.55,71224
2016-10-30 00:00:00+05:30,107.87,110.26,107.38,108.84,36828
2016-11-01 00:00:00+05:30,109.33,111.33,108.06,108.6,53331
2016-11-02 00:00:00+05:30,107.43,108.4,105.96,106.5,73950
2016-11-03 00:00:00+05:30,106.45,108.21,105.08,105.57,45939
2016-11-04 00:00:00+05:30,104.5,107.38,101.57,105.38,116171
2016-11-07 00:00:00+05:30,105.38,106.94,104.5,105.52,34804
2016-11-08 00:00:00+05:30,105.47,106.06,104.59,105.28,31051
2016-11-09 00:00:00+05:30,97.66,105.23,89.11,104.5,230207
2016-11-10 00:00:00+05:30,104.06,105.91,102.15,102.84,47288
2016-11-11 00:00:00+05:30,101.57,103.47,101.57,102.93,109910
2016-11-15 00:00:00+05:30,101.57,103.52,97.66,102.45,149479
2016-11-16 00:00:00+05:30,104.4,104.4,97.95,102.25,79445
2016-11-17 00:00:00+05:30,102.49,102.49,98.64,98.93,26915
2016-11-18 00:00:00+05:30,99.61,101.57,98.64,101.37,35795
2016-11-21 00:00:00+05:30,100.59,101.57,95.76,98.34,153952
2016-11-22 00:00:00+05:30,97.66,100.1,96.68,99.76,58848
2016-11-23 00:00:00+05:30,100.05,100.1,98.64,99.17,10392
2016-11-24 00:00:00+05:30,99.86,99.91,98.2,98.69,10056
2016-11-25 00:00:00+05:30,99.52,99.61,97.66,98.69,45644
2016-11-28 00:00:00+05:30,98.15,99.47,97.76,98.59,12394
2016-11-29 00:00:00+05:30,97.95,99.76,95.71,96.63,50389
2016-11-30 00:00:00+05:30,97.56,101.27,97.07,100.1,73954
2016-12-01 00:00:00+05:30,100.1,100.59,98.83,99.66,14104
2016-12-02 00:00:00+05:30,98.88,99.86,97.81,99.61,44103
2016-12-05 00:00:00+05:30,99.61,99.61,97.17,97.71,79439
2016-12-06 00:00:00+05:30,98.59,98.64,97.27,97.86,13716
2016-12-07 00:00:00+05:30,98.39,98.59,97.27,97.46,26722
2016-12-08 00:00:00+05:30,97.32,98.05,97.22,97.46,37274
2016-12-09 00:00:00+05:30,97.46,98.49,96.29,96.88,41451
2016-12-12 00:00:00+05:30,97.66,97.66,95.95,96.73,20054
2016-12-13 00:00:00+05:30,96.68,98.05,96.68,97.66,13434
2016-12-14 00:00:00+05:30,97.37,100.39,97.32,97.71,53783
2016-12-15 00:00:00+05:30,96.73,100.1,96.73,98.29,33460
2016-12-16 00:00:00+05:30,98.64,99.03,97.76,98.25,36888
2016-12-19 00:00:00+05:30,98.44,98.49,96.68,97.66,194459
2016-12-20 00:00:00+05:30,96.98,97.9,95.02,95.66,25562
2016-12-21 00:00:00+05:30,95.71,96.0,93.85,94.1,21953
2016-12-22 00:00:00+05:30,95.07,95.07,93.12,93.7,26256
2016-12-23 00:00:00+05:30,93.07,94.68,92.09,92.73,17154
2016-12-26 00:00:00+05:30,91.8,92.58,89.85,90.19,42197
2016-12-27 00:00:00+05:30,90.19,92.58,89.11,91.61,29226
2016-12-28 00:00:00+05:30,92.29,92.68,90.73,91.07,24774
2016-12-29 00:00:00+05:30,91.75,91.75,90.34,90.87,25513
2016-12-30 00:00:00+05:30,91.75,93.22,91.07,92.83,20589
2017-01-02 00:00:00+05:30,93.7,95.71,92.29,94.93,16372
2017-01-03 00:00:00+05:30,94.34,95.71,93.46,94.68,49502
2017-01-04 00:00:00+05:30,95.61,95.61,92.78,93.61,40095
2017-01-05 00:00:00+05:30,93.75,94.73,93.56,93.95,35664
2017-01-06 00:00:00+05:30,94.63,94.93,93.75,94.34,31363
2017-01-09 00:00:00+05:30,95.17,95.22,94.24,94.83,11274
2017-01-10 00:00:00+05:30,95.17,98.25,93.95,96.44,117562
2017-01-11 00:00:00+05:30,96.59,97.37,94.73,95.17,21067
2017-01-12 00:00:00+05:30,94.73,95.71,94.34,94.88,32555
2017-01-13 00:00:00+05:30,94.73,95.51,92.87,94.0,53521
2017-01-16 00:00:00+05:30,94.0,94.44,92.87,94.1,14740
2017-01-17 00:00:00+05:30,93.12,94.58,93.12,94.19,16002
2017-01-18 00:00:00+05:30,94.68,96.93,94.05,96.59,32327
2017-01-19 00:00:00+05:30,97.12,97.42,96.0,97.17,15092
2017-01-20 00:00:00+05:30,97.61,98.05,96.2,96.39,24067
2017-01-23 00:00:00+05:30,97.12,97.66,93.95,97.17,43645
2017-01-24 00:00:00+05:30,96.83,98.15,96.29,96.98,64307
2017-01-25 00:00:00+05:30,97.17,98.64,95.8,96.73,41505
2017-01-27 00:00:00+05:30,96.29,98.39,96.29,97.46,42002
2017-01-30 00:00:00+05:30,97.66,98.64,97.17,97.95,66834
2017-01-31 00:00:00+05:30,98.54,98.54,96.44,97.12,40220
2017-02-01 00:00:00+05:30,96.73,99.12,96.68,98.44,34605
2017-02-02 00:00:00+05:30,98.73,99.52,97.32,97.9,43784
2017-02-03 00:00:00+05:30,98.49,101.47,97.66,101.03,144276
2017-02-06 00:00:00+05:30,101.57,105.47,101.57,102.54,121439
2017-02-07 00:00:00+05:30,102.59,103.03,101.66,102.01,56243
2017-02-08 00:00:00+05:30,102.01,103.52,101.81,102.1,34692
2017-02-09 00:00:00+05:30,102.2,105.81,101.76,102.1,135447
2017-02-10 00:00:00+05:30,102.84,104.35,102.25,102.69,459280
2017-02-13 00:00:00+05:30,102.15,103.03,101.81,102.79,86886
2017-02-14 00:00:00+05:30,103.71,105.47,101.81,102.54,382823
2017-02-15 00:00:00+05:30,102.1,102.88,100.1,100.49,44856
2017-02-16 00:00:00+05:30,100.44,100.83,98.98,99.86,114451
2017-02-17 00:00:00+05:30,101.57,102.25,99.71,100.3,268821
2017-02-20 00:00:00+05:30,99.86,100.35,98.83,99.27,53642
2017-02-21 00:00:00+05:30,100.05,100.93,99.12,99.42,43773
2017-02-22 00:00:00+05:30,99.32,101.03,99.32,99.86,64249
2017-02-23 00:00:00+05:30,99.66,101.91,99.61,100.64,91951
2017-02-27 00:00:00+05:30,100.25,101.66,99.61,100.59,108353
2017-02-28 00:00:00+05:30,100.2,100.69,99.61,100.05,181425
2017-03-01 00:00:00+05:30,101.22,104.89,100.64,103.57,277753
2017-03-02 00:00:00+05:30,104.35,105.38,101.81,104.55,149667
2017-03-03 00:00:00+05:30,104.5,107.91,103.52,107.33,160751
2017-03-06 00:00:00+05:30,107.33,108.84,102.54,102.64,309863
2017-03-07 00:00:00+05:30,104.01,104.98,103.52,104.15,25722
2017-03-08 00:00:00+05:30,104.15,104.5,101.37,103.71,226929
2017-03-09 00:00:00+05:30,103.47,108.11,102.98,104.2,208369
2017-03-10 00:00:00+05:30,104.5,105.08,102.05,102.79,85797
2017-03-14 00:00:00+05:30,104.5,109.28,103.91,108.45,296587
2017-03-15 00:00:00+05:30,108.45,108.45,106.01,106.4,56383
2017-03-16 00:00:00+05:30,105.96,107.28,105.33,105.96,50349
2017-03-17 00:00:00+05:30,106.5,107.43,103.76,105.28,119945
2017-03-20 00:00:00+05:30,105.96,105.96,103.13,103.67,99989
2017-03-21 00:00:00+05:30,104.01,105.47,103.08,103.52,90053
2017-03-22 00:00:00+05:30,103.08,104.5,101.27,101.86,111385
2017-03-23 00:00:00+05:30,102.05,106.45,101.71,105.86,343728
2017-03-24 00:00:00+05:30,105.72,109.97,105.72,108.6,172437
2017-03-27 00:00:00+05:30,108.4,108.89,107.43,107.96,45521
2017-03-28 00:00:00+05:30,107.52,111.82,107.08,110.94,132064
2017-03-29 00:00:00+05:30,111.33,115.14,111.33,113.97,269853
2017-03-30 00:00:00+05:30,114.75,118.17,114.51,117.73,335911
2017-03-31 00:00:00+05:30,117.73,118.9,116.22,117.63,76904
2017-04-03 00:00:00+05:30,118.17,119.54,115.58,116.22,157049
2017-04-05 00:00:00+05:30,116.46,119.58,116.22,117.68,257300
2017-04-06 00:00:00+05:30,118.51,119.05,114.75,116.22,153120
2017-04-07 00:00:00+05:30,115.43,119.15,115.24,118.8,97882
2017-04-10 00:00:00+05:30,120.12,120.61,117.73,119.24,87354
2017-04-11 00:00:00+05:30,120.07,122.42,119.83,121.93,278169
2017-04-12 00:00:00+05:30,122.07,122.56,119.29,121.54,99647
2017-04-13 00:00:00+05:30,121.54,123.59,119.44,121.24,125137
2017-04-17 00:00:00+05:30,121.98,122.03,119.93,121.54,97918
2017-04-18 00:00:00+05:30,122.07,127.06,121.93,125.98,512990
2017-04-19 00:00:00+05:30,128.42,132.57,126.96,129.35,817283
2017-04-20 00:00:00+05:30,130.33,131.6,128.57,129.5,336468
2017-04-21 00:00:00+05:30,130.62,130.62,128.47,129.01,123654
2017-04-24 00:00:00+05:30,128.96,129.89,125.0,125.98,108502
2017-04-25 00:00:00+05:30,125.98,130.23,124.81,127.64,517130
2017-04-26 00:00:00+05:30,130.28,131.74,127.69,129.89,379997
2017-04-27 00:00:00+05:30,131.26,133.06,128.42,129.35,235369
2017-04-28 00:00:00+05:30,130.38,131.4,128.47,128.91,103079
2017-05-02 00:00:00+05:30,128.42,130.52,126.47,128.47,159893
2017-05-03 00:00:00+05:30,127.59,132.33,127.59,131.6,136060
2017-05-04 00:00:00+05:30,131.35,132.23,128.47,129.45,109568
2017-05-05 00:00:00+05:30,130.86,131.6,128.47,130.62,161704
2017-05-08 00:00:00+05:30,131.74,131.74,127.45,128.96,86737
2017-05-09 00:00:00+05:30,129.84,135.26,128.67,132.77,836323
2017-05-10 00:00:00+05:30,133.5,134.28,132.13,133.35,102185
2017-05-11 00:00:00+05:30,133.7,134.28,130.86,131.74,84352
2017-05-12 00:00:00+05:30,132.52,132.82,128.52,129.5,78519
2017-05-15 00:00:00+05:30,129.59,133.16,129.59,132.67,185172
2017-05-16 00:00:00+05:30,131.16,137.6,131.16,136.43,480020
2017-05-17 00:00:00+05:30,136.97,141.9,135.85,140.58,775953
2017-05-18 00:00:00+05:30,140.09,140.14,136.82,137.9,161005
2017-05-19 00:00:00+05:30,139.46,141.41,136.24,140.92,275418
2017-05-22 00:00:00+05:30,141.75,144.93,139.7,140.63,244666
2017-05-23 00:00:00+05:30,140.63,141.46,133.79,137.11,133786
2017-05-24 00:00:00+05:30,137.21,139.6,134.43,136.97,150186
2017-05-25 00:00:00+05:30,134.28,140.14,134.28,139.36,391301
2017-05-26 00:00:00+05:30,138.24,141.31,138.14,139.21,110098
2017-05-29 00:00:00+05:30,139.21,139.95,133.11,134.18,188913
2017-05-30 00:00:00+05:30,132.92,137.11,132.33,134.67,210469
2017-05-31 00:00:00+05:30,132.82,134.67,130.38,132.96,205904
2017-06-01 00:00:00+05:30,134.23,134.77,131.65,131.94,140943
2017-06-02 00:00:00+05:30,132.23,133.75,130.86,131.21,84566
2017-06-05 00:00:00+05:30,131.84,133.6,126.37,128.42,198633
2017-06-06 00:00:00+05:30,129.59,129.59,126.96,127.59,38923
2017-06-07 00:00:00+05:30,127.64,130.38,127.5,129.06,83643
2017-06-08 00:00:00+05:30,129.06,132.23,129.06,130.42,1184203
2017-06-09 00:00:00+05:30,129.99,131.35,128.96,129.59,83680
2017-06-12 00:00:00+05:30,130.77,130.77,127.2,127.64,42103
2017-06-13 00:00:00+05:30,129.74,129.79,127.4,129.25,77859
2017-06-14 00:00:00+05:30,130.38,134.28,129.74,131.74,585261
2017-06-15 00:00:00+05:30,131.84,132.52,128.62,128.91,33218
2017-06-16 00:00:00+05:30,131.5,131.5,125.54,126.42,63761
2017-06-19 00:00:00+05:30,128.33,128.91,123.74,126.81,93597
2017-06-20 00:00:00+05:30,127.25,130.28,126.47,129.11,65336
2017-06-21 00:00:00+05:30,129.01,139.17,127.93,134.48,431501
2017-06-22 00:00:00+05:30,133.89,138.19,131.94,132.96,378228
2017-06-23 00:00:00+05:30,132.82,136.24,128.23,134.14,177823
2017-06-27 00:00:00+05:30,134.14,136.24,129.01,133.75,122919
2017-06-28 00:00:00+05:30,133.31,134.58,130.47,133.65,66197
2017-06-29 00:00:00+05:30,133.65,135.26,132.92,134.62,43705
2017-06-30 00:00:00+05:30,135.16,135.16,132.23,133.06,44670
2017-07-03 00:00:00+05:30,134.09,134.23,131.11,131.94,61439
2017-07-04 00:00:00+05:30,130.96,132.82,130.38,130.82,32287
2017-07-05 00:00:00+05:30,131.06,134.28,130.57,133.84,71955
2017-07-06 00:00:00+05:30,134.28,134.28,131.84,132.43,32493
2017-07-07 00:00:00+05:30,134.28,137.7,132.96,136.04,157675
2017-07-10 00:00:00+05:30,136.72,137.9,132.87,134.92,31429
2017-07-11 00:00:00+05:30,136.19,137.16,133.99,135.75,241268
2017-07-12 00:00:00+05:30,136.53,138.14,132.82,134.87,99958
2017-07-13 00:00:00+05:30,135.65,138.68,134.23,137.65,74774
2017-07-14 00:00:00+05:30,137.11,140.63,134.04,137.26,138719
2017-07-17 00:00:00+05:30,139.51,139.51,132.96,135.55,84468
2017-07-18 00:00:00+05:30,134.28,136.19,130.13,130.91,112724
2017-07-19 00:00:00+05:30,132.13,137.7,127.54,136.43,638900
2017-07-20 00:00:00+05:30,137.7,138.68,133.94,136.77,90945
2017-07-21 00:00:00+05:30,136.28,138.19,134.04,136.19,65220
2017-07-24 00:00:00+05:30,136.19,136.28,133.79,134.62,50564
2017-07-25 00:00:00+05:30,134.09,135.75,133.31,134.77,52944
2017-07-26 00:00:00+05:30,134.97,136.24,131.35,132.13,51664
2017-07-27 00:00:00+05:30,132.13,141.31,131.84,135.5,351406
2017-07-28 00:00:00+05:30,134.33,135.94,133.31,133.94,30388
2017-07-31 00:00:00+05:30,136.04,136.92,133.79,135.5,129292
2017-08-01 00:00:00+05:30,134.77,136.92,128.03,128.76,167241
2017-08-02 00:00:00+05:30,130.62,134.58,130.38,131.26,255813
2017-08-03 00:00:00+05:30,131.84,133.31,127.06,129.79,75398
2017-08-04 00:00:00+05:30,130.38,132.72,128.03,129.2,65270
2017-08-07 00:00:00+05:30,129.2,130.57,125.0,127.98,64139
2017-08-08 00:00:00+05:30,128.76,130.38,126.96,129.84,51716
2017-08-09 00:00:00+05:30,129.79,129.79,127.01,128.23,39137
2017-08-10 00:00:00+05:30,127.89,128.86,125.79,128.18,98407
2017-08-11 00:00:00+05:30,126.47,128.76,123.69,128.28,83793
2017-08-14 00:00:00+05:30,128.91,129.3,126.57,127.25,24386
2017-08-16 00:00:00+05:30,126.96,128.47,126.96,127.74,43913
2017-08-17 00:00:00+05:30,127.45,130.82,127.45,128.52,46895
2017-08-18 00:00:00+05:30,128.18,132.72,127.2,132.04,106352
2017-08-21 00:00:00+05:30,132.82,135.5,132.82,134.92,98540
2017-08-22 00:00:00+05:30,136.24,136.24,129.01,130.38,133875
2017-08-23 00:00:00+05:30,129.69,131.4,128.62,129.06,94201
2017-08-24 00:00:00+05:30,129.84,131.01,127.5,128.28,96761
2017-08-28 00:00:00+05:30,127.59,130.38,127.59,130.03,69450
2017-08-29 00:00:00+05:30,128.42,131.3,128.42,130.52,311430
2017-08-30 00:00:00+05:30,129.55,131.94,129.55,130.86,53382
2017-08-31 00:00:00+05:30,131.5,132.33,130.72,131.35,202206
2017-09-01 00:00:00+05:30,131.5,133.5,131.01,132.87,41998
2017-09-04 00:00:00+05:30,131.84,134.77,131.3,132.87,46429
2017-09-05 00:00:00+05:30,132.38,134.14,132.38,132.87,26174
2017-09-06 00:00:00+05:30,132.43,132.43,130.42,131.84,46206
2017-09-07 00:00:00+05:30,130.91,132.72,130.91,131.84,33473
2017-09-08 00:00:00+05:30,133.11,134.28,131.6,133.26,81672
2017-09-11 00:00:00+05:30,134.23,134.23,132.87,133.79,32412
2017-09-12 00:00:00+05:30,134.28,143.17,133.45,139.6,272789
2017-09-13 00:00:00+05:30,139.6,144.44,139.07,140.39,164250
2017-09-14 00:00:00+05:30,141.75,142.29,139.56,139.8,87747
2017-09-15 00:00:00+05:30,139.75,146.0,138.63,144.0,194651
2017-09-18 00:00:00+05:30,143.56,145.51,139.7,140.48,77769
2017-09-19 00:00:00+05:30,141.46,142.44,137.07,141.56,71304
2017-09-20 00:00:00+05:30,141.66,142.29,138.24,138.63,38736
2017-09-21 00:00:00+05:30,138.63,141.61,137.02,138.24,99283
2017-09-22 00:00:00+05:30,136.82,141.02,134.77,138.82,89586
2017-09-25 00:00:00+05:30,138.68,138.68,130.86,136.28,128136
2017-09-26 00:00:00+05:30,136.72,137.51,132.82,133.21,39114
2017-09-27 00:00:00+05:30,135.55,135.55,130.96,134.72,92048
2017-09-28 00:00:00+05:30,136.04,136.04,130.86,131.6,72779
2017-09-29 00:00:00+05:30,132.92,132.92,130.86,131.94,42287
2017-10-03 00:00:00+05:30,134.23,134.23,130.42,132.23,33975
2017-10-04 00:00:00+05:30,131.01,133.55,129.01,130.13,24392
2017-10-05 00:00:00+05:30,129.2,134.23,129.2,131.94,64592
2017-10-06 00:00:00+05:30,133.45,133.45,131.45,132.38,49540
2017-10-09 00:00:00+05:30,133.01,134.72,131.21,132.67,43991
2017-10-10 00:00:00+05:30,133.5,133.79,130.86,131.35,42904
2017-10-11 00:00:00+05:30,132.48,132.72,130.38,131.11,45518
2017-10-12 00:00:00+05:30,131.11,132.67,128.42,131.89,98716
2017-10-13 00:00:00+05:30,132.72,134.28,131.6,132.87,64982
2017-10-16 00:00:00+05:30,133.65,133.7,132.33,132.87,40040
2017-10-17 00:00:00+05:30,132.82,135.55,130.38,134.77,79139
2017-10-18 00:00:00+05:30,134.62,135.75,130.96,134.04,87957
2017-10-19 00:00:00+05:30,135.7,135.7,132.38,133.4,16682
2017-10-23 00:00:00+05:30,133.79,135.5,130.86,134.77,95675
2017-10-24 00:00:00+05:30,133.4,138.68,133.4,137.85,89366
2017-10-25 00:00:00+05:30,139.26,146.0,137.02,144.39,250653
2017-10-26 00:00:00+05:30,142.14,144.05,138.24,140.83,94913
2017-10-27 00:00:00+05:30,142.58,146.39,141.27,145.86,134479
2017-10-30 00:00:00+05:30,149.42,154.21,148.79,151.57,810751
2017-10-31 00:00:00+05:30,151.86,152.74,142.58,150.4,504851
2017-11-01 00:00:00+05:30,150.4,153.81,146.49,146.64,184517
2017-11-02 00:00:00+05:30,147.81,149.91,147.81,148.44,107913
2017-11-03 00:00:00+05:30,149.76,149.86,148.44,148.44,42942
2017-11-06 00:00:00+05:30,149.86,149.86,146.2,147.47,45245
2017-11-07 00:00:00+05:30,147.47,147.95,144.05,147.47,119704
2017-11-08 00:00:00+05:30,147.47,149.91,146.49,147.32,76692
2017-11-09 00:00:00+05:30,148.44,148.44,146.0,146.54,38676
2017-11-10 00:00:00+05:30,147.47,149.47,145.27,147.71,106391
2017-11-13 00:00:00+05:30,146.49,149.91,145.95,146.49,36541
2017-11-14 00:00:00+05:30,146.49,153.03,146.49,146.73,225723
2017-11-15 00:00:00+05:30,147.47,151.32,146.0,148.83,273765
2017-11-16 00:00:00+05:30,147.12,152.2,147.12,151.47,228894
2017-11-17 00:00:00+05:30,153.28,153.42,150.59,151.37,214726
2017-11-20 00:00:00+05:30,151.37,153.33,151.37,152.2,71705
2017-11-21 00:00:00+05:30,153.23,153.23,150.88,151.86,118055
2017-11-22 00:00:00+05:30,152.35,152.84,147.95,149.62,108093
2017-11-23 00:00:00+05:30,149.27,151.86,148.44,148.74,59166
2017-11-24 00:00:00+05:30,150.15,158.21,148.54,150.35,296534
2017-11-27 00:00:00+05:30,150.74,154.21,149.03,151.13,139643
2017-11-28 00:00:00+05:30,151.28,152.84,146.0,148.1,116125
2017-11-29 00:00:00+05:30,148.44,149.37,146.49,147.12,114318
2017-11-30 00:00:00+05:30,147.47,149.32,145.22,146.59,152054
2017-12-01 00:00:00+05:30,148.98,149.91,142.14,143.22,113451
2017-12-04 00:00:00+05:30,144.63,144.98,140.14,142.83,133639
2017-12-05 00:00:00+05:30,144.24,144.24,140.63,142.1,123355
2017-12-06 00:00:00+05:30,142.34,143.51,139.65,142.0,71989
2017-12-07 00:00:00+05:30,143.56,145.42,139.65,140.97,2135574
2017-12-08 00:00:00+05:30,141.7,146.0,140.0,140.53,128827
2017-12-11 00:00:00+05:30,142.1,142.68,140.58,141.07,44334
2017-12-12 00:00:00+05:30,144.05,151.08,140.87,141.51,580161
2017-12-13 00:00:00+05:30,142.39,144.49,140.83,141.51,866782
2017-12-14 00:00:00+05:30,143.02,143.07,140.73,142.49,437628
2017-12-15 00:00:00+05:30,144.05,145.51,142.63,144.59,311208
2017-12-18 00:00:00+05:30,145.51,145.51,141.12,141.7,77063
2017-12-19 00:00:00+05:30,142.39,143.85,141.61,141.7,155937
2017-12-20 00:00:00+05:30,142.53,145.51,141.75,141.95,122140
2017-12-21 00:00:00+05:30,142.93,145.51,141.7,144.15,247000
2017-12-22 00:00:00+05:30,145.51,148.35,142.68,144.1,296593
2017-12-26 00:00:00+05:30,145.37,148.3,144.05,144.54,114939
2017-12-27 00:00:00+05:30,144.83,145.9,141.61,141.85,184546
2017-12-28 00:00:00+05:30,142.05,143.56,141.9,143.27,52375
2017-12-29 00:00:00+05:30,143.46,146.34,141.56,141.7,305825
2018-01-01 00:00:00+05:30,142.83,144.39,142.29,143.61,130910
2018-01-02 00:00:00+05:30,145.42,145.9,142.19,142.97,89254
2018-01-03 00:00:00+05:30,144.29,146.39,143.61,145.71,188458
2018-01-04 00:00:00+05:30,145.56,149.42,145.56,147.81,211136
2018-01-05 00:00:00+05:30,149.03,151.28,148.49,150.4,166309
2018-01-08 00:00:00+05:30,156.26,180.48,152.35,179.79,2007942
2018-01-09 00:00:00+05:30,183.31,186.04,169.44,171.59,1187135
2018-01-10 00:00:00+05:30,171.88,177.55,171.34,176.86,414298
2018-01-11 00:00:00+05:30,177.59,183.6,175.06,181.06,400301
2018-01-12 00:00:00+05:30,182.33,188.19,177.25,187.56,477582
2018-01-15 00:00:00+05:30,188.97,190.44,186.04,188.48,428584
2018-01-16 00:00:00+05:30,188.48,226.18,183.11,211.09,2213244
2018-01-17 00:00:00+05:30,209.77,209.87,196.83,200.74,388638
2018-01-18 00:00:00+05:30,202.55,212.56,195.61,197.86,713719
2018-01-19 00:00:00+05:30,199.32,202.16,187.85,194.1,240662
2018-01-22 00:00:00+05:30,192.05,209.97,191.9,198.79,313072
2018-01-23 00:00:00+05:30,200.2,208.89,193.71,196.1,301921
2018-01-24 00:00:00+05:30,195.17,200.2,191.61,192.93,149031
2018-01-25 00:00:00+05:30,194.34,197.81,191.66,192.54,173800
2018-01-29 00:00:00+05:30,193.37,203.13,189.46,190.73,277465
2018-01-30 00:00:00+05:30,190.44,201.86,189.46,194.25,375560
2018-01-31 00:00:00+05:30,194.54,194.54,183.11,186.82,276335
2018-02-01 00:00:00+05:30,184.04,193.27,183.65,185.6,357896
2018-02-02 00:00:00+05:30,185.02,185.07,177.74,177.74,210786
2018-02-05 00:00:00+05:30,177.25,178.72,171.15,172.42,196824
2018-02-06 00:00:00+05:30,168.46,168.76,161.63,164.9,154110
2018-02-07 00:00:00+05:30,168.46,172.86,168.12,170.71,80786
2018-02-08 00:00:00+05:30,173.64,180.18,169.0,175.84,109001
2018-02-09 00:00:00+05:30,174.32,181.45,171.88,176.86,235429
2018-02-12 00:00:00+05:30,179.5,181.4,174.81,175.74,79372
2018-02-14 00:00:00+05:30,178.42,180.18,175.79,178.62,69030
2018-02-15 00:00:00+05:30,179.16,182.04,174.32,175.79,49440
2018-02-16 00:00:00+05:30,177.25,177.25,167.78,173.0,71234
2018-02-19 00:00:00+05:30,172.86,174.08,166.17,168.46,81636
2018-02-20 00:00:00+05:30,170.07,174.32,167.0,167.83,121596
2018-02-21 00:00:00+05:30,170.66,177.25,167.0,168.76,247458
2018-02-22 00:00:00+05:30,167.98,175.79,164.36,165.48,344715
2018-02-23 00:00:00+05:30,167.05,169.93,164.26,164.85,144845
2018-02-26 00:00:00+05:30,166.02,167.15,161.68,163.19,173140
2018-02-27 00:00:00+05:30,164.07,167.0,163.34,165.97,127637
2018-02-28 00:00:00+05:30,164.07,174.23,163.78,169.73,533192
2018-03-01 00:00:00+05:30,168.37,169.88,164.56,165.78,170204
2018-03-05 00:00:00+05:30,165.78,167.0,164.07,164.12,152488
2018-03-06 00:00:00+05:30,166.02,166.95,161.14,161.29,93789
2018-03-07 00:00:00+05:30,162.7,163.53,160.16,162.12,103779
2018-03-08 00:00:00+05:30,162.6,172.86,160.16,167.93,158124
2018-03-09 00:00:00+05:30,170.9,171.39,166.95,169.88,145563
2018-03-12 00:00:00+05:30,171.39,171.39,163.68,164.75,69295
2018-03-13 00:00:00+05:30,164.31,169.78,164.31,165.29,89409
2018-03-14 00:00:00+05:30,165.29,167.24,163.09,163.53,41331
2018-03-15 00:00:00+05:30,164.75,166.71,163.19,164.36,377896
2018-03-16 00:00:00+05:30,165.92,165.92,163.09,163.24,130047
2018-03-19 00:00:00+05:30,165.05,165.05,160.8,162.16,173465
2018-03-20 00:00:00+05:30,162.16,167.98,152.64,163.29,375678
2018-03-21 00:00:00+05:30,167.98,167.98,159.77,161.14,2520275
2018-03-22 00:00:00+05:30,162.7,162.7,159.72,160.5,50960
2018-03-23 00:00:00+05:30,159.38,159.67,153.96,156.55,147926
2018-03-26 00:00:00+05:30,154.35,157.09,152.54,154.11,177370
2018-03-27 00:00:00+05:30,157.18,157.72,153.42,156.35,592911
2018-03-28 00:00:00+05:30,154.11,157.72,152.35,155.38,358331
2018-04-02 00:00:00+05:30,156.89,159.09,155.77,157.53,336883
2018-04-03 00:00:00+05:30,156.55,159.28,156.55,157.13,698255
2018-04-04 00:00:00+05:30,158.6,164.95,157.23,158.11,139267
2018-04-05 00:00:00+05:30,159.67,167.44,158.84,162.75,1120523
2018-04-06 00:00:00+05:30,163.53,165.53,160.46,161.48,90162
2018-04-09 00:00:00+05:30,163.48,164.46,159.43,159.77,102217
2018-04-10 00:00:00+05:30,161.14,163.78,159.72,161.58,1045464
2018-04-11 00:00:00+05:30,162.99,163.58,161.14,161.77,719425
2018-04-12 00:00:00+05:30,162.56,165.05,161.48,164.22,98488
2018-04-13 00:00:00+05:30,164.95,173.83,164.56,169.98,316117
2018-04-16 00:00:00+05:30,169.68,171.83,166.71,167.98,187639
2018-04-17 00:00:00+05:30,169.59,201.57,167.1,196.78,3752278
2018-04-18 00:00:00+05:30,197.66,208.26,191.9,193.61,3102609
2018-04-19 00:00:00+05:30,193.37,195.32,186.53,191.56,1073976
2018-04-20 00:00:00+05:30,192.83,200.2,186.63,188.97,406723
2018-04-23 00:00:00+05:30,188.48,191.9,186.43,187.17,576569
2018-04-24 00:00:00+05:30,188.29,190.83,181.31,186.82,1383294
2018-04-25 00:00:00+05:30,186.24,186.24,174.32,176.33,263559
2018-04-26 00:00:00+05:30,177.55,180.67,169.2,170.47,399374
2018-04-27 00:00:00+05:30,170.51,173.74,167.19,168.07,412887
2018-04-30 00:00:00+05:30,170.42,175.59,167.24,171.98,229070
2018-05-02 00:00:00+05:30,172.13,187.51,172.13,185.16,757547
2018-05-03 00:00:00+05:30,184.38,188.29,180.67,186.29,316875
2018-05-04 00:00:00+05:30,183.65,187.17,180.77,181.26,92962
2018-05-07 00:00:00+05:30,180.67,185.55,178.72,179.84,488048
2018-05-08 00:00:00+05:30,181.11,185.99,177.06,179.69,301784
2018-05-09 00:00:00+05:30,182.87,182.87,175.1,176.47,226178
2018-05-10 00:00:00+05:30,177.25,177.74,169.49,174.37,180906
2018-05-11 00:00:00+05:30,174.32,175.1,165.14,167.0,289164
2018-05-14 00:00:00+05:30,168.37,169.88,165.53,168.66,130694
2018-05-15 00:00:00+05:30,168.66,171.39,164.17,166.61,200401
2018-05-16 00:00:00+05:30,166.75,168.46,162.41,167.78,66685
2018-05-17 00:00:00+05:30,168.46,170.71,164.12,166.22,148885
2018-05-18 00:00:00+05:30,166.75,167.24,162.36,163.63,86891
2018-05-21 00:00:00+05:30,163.09,163.39,157.33,158.06,137177
2018-05-22 00:00:00+05:30,158.21,162.8,156.45,161.77,139255
2018-05-23 00:00:00+05:30,162.12,164.61,160.26,163.14,62550
2018-05-24 00:00:00+05:30,165.05,165.05,160.26,164.02,161101
2018-05-25 00:00:00+05:30,164.65,165.78,162.6,164.12,145219
2018-05-28 00:00:00+05:30,164.95,169.49,163.58,167.44,184543
2018-05-29 00:00:00+05:30,167.83,174.62,166.27,173.49,233790
2018-05-30 00:00:00+05:30,172.03,177.25,170.47,171.39,251526
2018-05-31 00:00:00+05:30,172.66,175.45,167.19,172.61,482428
2018-06-01 00:00:00+05:30,172.61,173.49,168.51,170.12,309261
2018-06-04 00:00:00+05:30,173.1,173.1,169.0,170.12,346396
2018-06-05 00:00:00+05:30,173.35,173.35,163.09,164.7,181887
2018-06-06 00:00:00+05:30,164.8,170.56,164.12,165.0,117635
2018-06-07 00:00:00+05:30,164.7,171.78,164.7,166.22,160105
2018-06-08 00:00:00+05:30,165.63,175.69,165.63,170.22,471007
2018-06-11 00:00:00+05:30,169.93,174.32,168.27,173.0,377024
2018-06-12 00:00:00+05:30,173.83,178.23,171.3,175.69,401356
2018-06-13 00:00:00+05:30,176.72,180.18,175.79,175.98,486481
2018-06-14 00:00:00+05:30,176.47,176.47,172.42,174.42,91756
2018-06-15 00:00:00+05:30,174.32,176.72,166.17,169.98,184965
2018-06-18 00:00:00+05:30,169.2,170.56,165.53,166.17,48430
2018-06-19 00:00:00+05:30,166.17,167.54,158.55,160.7,203246
2018-06-20 00:00:00+05:30,161.63,163.53,158.31,160.21,249020
2018-06-21 00:00:00+05:30,161.53,161.53,157.87,159.09,168581
2018-06-22 00:00:00+05:30,158.7,162.26,156.84,158.99,129275
2018-06-25 00:00:00+05:30,158.89,159.63,156.99,158.06,130194
2018-06-26 00:00:00+05:30,158.06,159.67,155.77,157.23,102500
2018-06-27 00:00:00+05:30,156.65,157.23,149.96,154.06,173865
2018-06-28 00:00:00+05:30,154.25,155.77,148.64,153.23,286490
2018-06-29 00:00:00+05:30,151.86,167.0,150.15,165.83,296874
2018-07-02 00:00:00+05:30,165.44,165.44,158.6,159.28,232874
2018-07-03 00:00:00+05:30,160.16,161.63,156.35,157.09,75923
2018-07-04 00:00:00+05:30,157.72,163.58,156.45,161.92,173232
2018-07-05 00:00:00+05:30,162.31,162.31,158.7,159.33,462827
2018-07-06 00:00:00+05:30,160.65,161.43,156.45,157.04,230406
2018-07-09 00:00:00+05:30,157.48,158.7,156.79,157.18,73108
2018-07-10 00:00:00+05:30,157.18,160.65,156.35,157.09,102378
2018-07-11 00:00:00+05:30,156.35,162.99,156.35,159.92,199531
2018-07-12 00:00:00+05:30,161.14,162.02,158.45,159.72,227336
2018-07-13 00:00:00+05:30,159.19,160.75,155.77,158.06,91100
2018-07-16 00:00:00+05:30,158.99,158.99,153.81,157.09,102710
2018-07-17 00:00:00+05:30,155.91,158.55,154.6,156.74,37163
2018-07-18 00:00:00+05:30,156.79,158.01,154.3,154.94,36663
2018-07-19 00:00:00+05:30,155.91,155.91,151.86,152.5,23462
2018-07-20 00:00:00+05:30,153.23,157.72,151.86,155.04,81464
2018-07-23 00:00:00+05:30,156.26,159.04,154.35,158.16,35353
2018-07-24 00:00:00+05:30,157.23,161.04,157.23,158.55,2596960
2018-07-25 00:00:00+05:30,158.21,160.16,157.72,158.11,101133
2018-07-26 00:00:00+05:30,157.87,159.38,154.64,155.87,104774
2018-07-27 00:00:00+05:30,157.33,157.72,155.52,156.6,38157
2018-07-30 00:00:00+05:30,156.74,163.97,156.01,161.09,221927
2018-07-31 00:00:00+05:30,162.02,165.53,161.63,164.7,114494
2018-08-01 00:00:00+05:30,161.63,161.63,157.97,160.06,129386
2018-08-02 00:00:00+05:30,158.5,159.97,156.5,157.23,61494
2018-08-03 00:00:00+05:30,156.55,159.58,156.55,158.94,119704
2018-08-06 00:00:00+05:30,159.53,161.63,158.31,160.85,82580
2018-08-07 00:00:00+05:30,160.8,161.14,157.72,159.19,139848
2018-08-08 00:00:00+05:30,161.14,169.83,160.41,166.27,927813
2018-08-09 00:00:00+05:30,166.46,168.46,162.31,166.31,326442
2018-08-10 00:00:00+05:30,166.31,167.49,165.73,166.95,90527
2018-08-13 00:00:00+05:30,166.02,182.62,165.53,178.03,415862
2018-08-14 00:00:00+05:30,179.69,180.67,173.44,175.64,354221
2018-08-16 00:00:00+05:30,175.69,175.69,168.95,169.98,81298
2018-08-17 00:00:00+05:30,170.9,173.25,168.56,171.69,73745
2018-08-20 00:00:00+05:30,173.35,177.25,169.54,174.71,52355
2018-08-21 00:00:00+05:30,174.32,175.5,170.9,173.64,67131
2018-08-23 00:00:00+05:30,172.81,173.83,170.27,172.17,63352
2018-08-24 00:00:00+05:30,170.51,173.54,168.76,170.03,34941
2018-08-27 00:00:00+05:30,170.9,171.83,166.51,169.2,42571
2018-08-28 00:00:00+05:30,169.78,172.66,165.53,170.9,75218
2018-08-29 00:00:00+05:30,170.9,171.39,168.41,170.27,59892
2018-08-30 00:00:00+05:30,170.9,176.76,168.61,173.64,102729
2018-08-31 00:00:00+05:30,175.15,175.84,171.88,175.4,62427
2018-09-03 00:00:00+05:30,173.44,176.76,171.98,174.08,48863
2018-09-04 00:00:00+05:30,175.74,177.16,173.64,175.54,250921
2018-09-05 00:00:00+05:30,173.05,175.25,168.02,170.56,65771
2018-09-06 00:00:00+05:30,169.93,173.83,168.66,172.42,64474
2018-09-07 00:00:00+05:30,170.95,172.27,169.15,170.12,51542
2018-09-10 00:00:00+05:30,168.56,170.27,167.39,169.24,55877
2018-09-11 00:00:00+05:30,168.66,173.1,165.73,169.05,152847
2018-09-12 00:00:00+05:30,168.61,170.66,161.82,163.39,97963
2018-09-14 00:00:00+05:30,163.68,165.48,162.07,162.85,48649
2018-09-17 00:00:00+05:30,163.48,163.48,158.75,159.77,69403
2018-09-18 00:00:00+05:30,159.23,160.94,157.43,158.06,564540
2018-09-19 00:00:00+05:30,159.63,159.63,151.62,154.99,125499
2018-09-21 00:00:00+05:30,154.99,157.18,150.35,151.23,186138
2018-09-24 00:00:00+05:30,153.81,153.81,144.63,150.59,531786
2018-09-25 00:00:00+05:30,149.96,151.71,144.59,151.08,159925
2018-09-26 00:00:00+05:30,148.93,152.15,146.0,146.64,819881
2018-09-27 00:00:00+05:30,147.03,147.27,145.51,146.39,73200
2018-09-28 00:00:00+05:30,146.54,146.98,140.24,144.49,157760
2018-10-01 00:00:00+05:30,144.54,146.93,140.14,146.29,428739
2018-10-03 00:00:00+05:30,146.1,146.1,142.68,143.66,34931
2018-10-04 00:00:00+05:30,143.51,147.32,140.19,146.34,146602
2018-10-05 00:00:00+05:30,146.83,146.83,134.33,145.37,368805
2018-10-08 00:00:00+05:30,145.46,145.46,138.19,140.19,71994
2018-10-09 00:00:00+05:30,139.85,142.0,137.02,139.41,41874
2018-10-10 00:00:00+05:30,139.21,144.54,138.73,144.05,45858
2018-10-11 00:00:00+05:30,142.1,144.05,140.34,143.17,18183
2018-10-12 00:00:00+05:30,144.05,148.74,141.66,146.29,49248
2018-10-15 00:00:00+05:30,145.51,147.95,144.15,146.34,148254
2018-10-16 00:00:00+05:30,147.47,155.72,145.03,154.16,150417
2018-10-17 00:00:00+05:30,155.18,155.77,148.39,151.47,112218
2018-10-19 00:00:00+05:30,149.91,155.13,149.91,153.23,96613
2018-10-22 00:00:00+05:30,151.96,155.23,150.45,153.67,43672
2018-10-23 00:00:00+05:30,152.35,154.94,150.49,153.18,133820
2018-10-24 00:00:00+05:30,152.84,157.72,152.84,156.84,197990
2018-10-25 00:00:00+05:30,156.01,157.62,153.81,154.6,141199
2018-10-26 00:00:00+05:30,155.67,156.26,152.35,154.69,21692
2018-10-29 00:00:00+05:30,157.13,162.75,153.13,161.63,277896
2018-10-30 00:00:00+05:30,161.38,163.04,158.89,161.87,71936
2018-10-31 00:00:00+05:30,163.58,163.58,155.77,158.11,578936
2018-11-01 00:00:00+05:30,158.7,161.09,157.53,159.92,38260
2018-11-02 00:00:00+05:30,159.19,162.12,158.45,161.53,120259
2018-11-05 00:00:00+05:30,162.99,164.56,159.87,163.82,44789
2018-11-06 00:00:00+05:30,165.48,168.95,162.41,167.49,65660
2018-11-07 00:00:00+05:30,169.73,169.93,166.31,167.44,12055
2018-11-09 00:00:00+05:30,168.07,168.85,165.53,167.58,28296
2018-11-12 00:00:00+05:30,165.68,168.41,163.14,164.46,140895
2018-11-13 00:00:00+05:30,165.39,165.39,159.67,163.48,247615
2018-11-14 00:00:00+05:30,161.63,164.12,158.45,160.26,174443
2018-11-15 00:00:00+05:30,158.75,161.87,157.82,160.21,65725
2018-11-16 00:00:00+05:30,162.07,162.9,160.11,160.26,272429
2018-11-19 00:00:00+05:30,159.82,161.48,159.82,160.65,30864
2018-11-20 00:00:00+05:30,161.04,165.53,160.21,164.31,109948
2018-11-21 00:00:00+05:30,163.53,164.02,161.68,163.68,32516
2018-11-22 00:00:00+05:30,165.53,170.71,164.31,166.27,162341
2018-11-26 00:00:00+05:30,169.83,171.39,165.53,169.15,73911
2018-11-27 00:00:00+05:30,170.76,187.26,166.02,179.21,489307
2018-11-28 00:00:00+05:30,183.89,184.58,177.94,182.67,216769
2018-11-29 00:00:00+05:30,181.26,186.53,181.26,182.72,137296
2018-11-30 00:00:00+05:30,185.65,191.32,181.55,190.44,773899
2018-12-03 00:00:00+05:30,188.78,191.85,185.07,186.29,110586
2018-12-04 00:00:00+05:30,183.7,187.17,183.7,186.29,86485
2018-12-05 00:00:00+05:30,183.65,184.53,180.28,181.01,71536
2018-12-06 00:00:00+05:30,180.18,181.55,178.03,179.79,64595
2018-12-07 00:00:00+05:30,177.99,179.16,174.91,178.18,38212
2018-12-10 00:00:00+05:30,176.03,176.76,173.83,175.89,152969
2018-12-11 00:00:00+05:30,173.3,198.25,171.69,184.48,238182
2018-12-12 00:00:00+05:30,192.29,205.96,183.65,197.57,486050
2018-12-13 00:00:00+05:30,197.13,199.96,191.9,195.12,515111
2018-12-14 00:00:00+05:30,194.34,199.08,192.0,195.32,323052
2018-12-17 00:00:00+05:30,195.32,196.98,187.65,191.32,511920
2018-12-18 00:00:00+05:30,191.12,192.88,187.8,190.58,318622
2018-12-19 00:00:00+05:30,191.36,193.81,187.7,189.41,193727
2018-12-20 00:00:00+05:30,187.51,195.32,184.68,192.83,189327
2018-12-21 00:00:00+05:30,191.95,192.0,187.7,187.85,89348
2018-12-24 00:00:00+05:30,189.17,190.24,184.92,187.9,68691
2018-12-26 00:00:00+05:30,186.73,194.83,184.38,190.05,104323
2018-12-27 00:00:00+05:30,189.41,192.83,188.97,190.0,133451
2018-12-28 00:00:00+05:30,191.36,199.71,187.65,193.71,403756
2018-12-31 00:00:00+05:30,195.32,195.86,190.97,193.32,205611
2019-01-01 00:00:00+05:30,192.0,194.29,189.02,191.02,92737
2019-01-02 00:00:00+05:30,189.66,189.85,181.35,184.14,111520
2019-01-03 00:00:00+05:30,183.89,184.48,178.91,181.16,362216
2019-01-04 00:00:00+05:30,179.69,185.99,179.69,183.75,308603
2019-01-07 00:00:00+05:30,182.97,188.0,181.16,182.87,531944
2019-01-08 00:00:00+05:30,180.48,185.51,180.48,183.6,64908
2019-01-09 00:00:00+05:30,183.41,187.36,183.41,185.6,108130
2019-01-10 00:00:00+05:30,185.55,185.55,181.06,182.72,51230
2019-01-11 00:00:00+05:30,181.94,182.87,177.25,179.99,39918
2019-01-14 00:00:00+05:30,178.77,179.99,175.89,177.84,50124
2019-01-15 00:00:00+05:30,178.52,179.6,177.2,178.72,65054
2019-01-16 00:00:00+05:30,178.72,179.69,176.42,177.35,64159
2019-01-17 00:00:00+05:30,175.98,178.62,175.84,177.84,35429
2019-01-18 00:00:00+05:30,175.89,177.25,174.32,176.03,34519
2019-01-21 00:00:00+05:30,175.79,177.74,174.86,176.28,186072
2019-01-22 00:00:00+05:30,179.4,179.4,175.79,176.13,23053
2019-01-23 00:00:00+05:30,176.08,178.72,174.42,175.3,33946
2019-01-24 00:00:00+05:30,174.32,176.81,174.32,175.69,28348
2019-01-25 00:00:00+05:30,174.32,179.21,174.27,177.06,66463
2019-01-28 00:00:00+05:30,174.47,179.69,169.49,177.01,129327
2019-01-29 00:00:00+05:30,175.79,179.11,172.27,176.37,198122
2019-01-30 00:00:00+05:30,177.64,177.64,173.93,175.98,66725
2019-01-31 00:00:00+05:30,181.84,204.11,180.77,197.13,3552443
2019-02-01 00:00:00+05:30,200.15,201.47,188.97,190.0,299787
2019-02-04 00:00:00+05:30,188.97,191.9,186.04,188.87,84505
2019-02-05 00:00:00+05:30,186.19,193.61,186.04,190.93,256756
2019-02-06 00:00:00+05:30,190.44,193.81,186.63,189.27,95331
2019-02-07 00:00:00+05:30,187.02,190.44,183.55,185.36,111224
2019-02-08 00:00:00+05:30,184.48,188.48,183.11,185.94,105592
2019-02-11 00:00:00+05:30,184.48,188.87,181.75,183.5,140862
2019-02-12 00:00:00+05:30,184.92,187.51,182.67,185.75,97496
2019-02-13 00:00:00+05:30,186.53,192.15,185.65,188.34,568024
2019-02-14 00:00:00+05:30,188.92,190.93,183.26,185.11,342177
2019-02-15 00:00:00+05:30,185.99,188.97,183.11,183.84,228265
2019-02-18 00:00:00+05:30,183.16,187.21,181.35,183.6,370296
2019-02-19 00:00:00+05:30,182.04,185.26,179.06,179.89,135075
2019-02-20 00:00:00+05:30,179.89,181.84,178.86,180.92,219963
2019-02-21 00:00:00+05:30,178.77,183.7,178.77,180.96,93957
2019-02-22 00:00:00+05:30,182.53,184.43,180.43,181.26,111445
2019-02-25 00:00:00+05:30,181.16,183.84,178.96,180.38,97765
2019-02-26 00:00:00+05:30,179.69,181.4,178.86,180.38,186872
2019-02-27 00:00:00+05:30,179.69,183.06,179.69,181.6,373837
2019-02-28 00:00:00+05:30,180.48,184.72,179.84,181.21,531660
2019-03-01 00:00:00+05:30,182.58,186.04,180.23,181.35,333794
2019-03-05 00:00:00+05:30,182.53,189.46,181.4,184.38,559014
2019-03-06 00:00:00+05:30,184.58,188.78,183.36,183.75,334512
2019-03-07 00:00:00+05:30,185.46,188.0,183.31,186.04,452676
2019-03-08 00:00:00+05:30,184.58,196.39,184.58,193.37,881151
2019-03-11 00:00:00+05:30,196.1,200.11,195.32,196.3,521088
2019-03-12 00:00:00+05:30,197.76,203.13,197.18,197.57,634224
2019-03-13 00:00:00+05:30,198.25,203.72,195.66,198.01,322364
2019-03-14 00:00:00+05:30,199.13,209.77,198.25,200.15,797721
2019-03-15 00:00:00+05:30,198.49,202.16,190.63,195.22,2584681
2019-03-18 00:00:00+05:30,193.07,196.25,190.19,194.83,544890
2019-03-19 00:00:00+05:30,195.32,196.69,190.83,191.8,86220
2019-03-20 00:00:00+05:30,189.51,192.34,183.84,185.02,234681
2019-03-22 00:00:00+05:30,185.02,187.75,183.6,184.53,108154
2019-03-25 00:00:00+05:30,183.16,185.21,182.28,182.97,87869
2019-03-26 00:00:00+05:30,181.79,200.11,180.18,187.75,429990
2019-03-27 00:00:00+05:30,189.27,192.88,184.77,189.95,718615
2019-03-28 00:00:00+05:30,189.95,200.11,188.48,196.98,501309
2019-03-29 00:00:00+05:30,197.27,206.06,194.88,201.13,385647
2019-04-01 00:00:00+05:30,203.38,208.99,196.3,200.45,353609
2019-04-02 00:00:00+05:30,202.64,204.84,198.3,201.42,228394
2019-04-03 00:00:00+05:30,200.2,201.86,195.42,196.98,150280
2019-04-04 00:00:00+05:30,194.64,199.03,192.44,193.81,218591
2019-04-05 00:00:00+05:30,193.42,195.32,190.78,192.44,298367
2019-04-08 00:00:00+05:30,194.05,194.64,190.24,191.27,43722
2019-04-09 00:00:00+05:30,192.88,193.46,189.02,190.44,52574
2019-04-10 00:00:00+05:30,191.41,194.25,185.65,188.53,356321
2019-04-11 00:00:00+05:30,187.07,188.24,184.82,186.97,102113
2019-04-12 00:00:00+05:30,187.12,189.36,185.75,186.97,67836
2019-04-15 00:00:00+05:30,186.09,190.29,185.7,189.51,58288
2019-04-16 00:00:00+05:30,189.51,192.78,187.8,190.78,203376
2019-04-18 00:00:00+05:30,189.12,191.02,186.04,188.73,136756
2019-04-22 00:00:00+05:30,189.46,191.17,185.6,187.12,119891
2019-04-23 00:00:00+05:30,186.92,188.58,185.85,187.56,54597
2019-04-24 00:00:00+05:30,188.87,189.95,186.82,188.19,161779
2019-04-25 00:00:00+05:30,189.8,189.8,186.14,187.31,43795
2019-04-26 00:00:00+05:30,187.51,188.92,184.92,186.58,144843
2019-04-30 00:00:00+05:30,186.53,186.53,181.99,184.43,273144
2019-05-02 00:00:00+05:30,185.55,187.75,182.38,185.26,875345
2019-05-03 00:00:00+05:30,183.84,185.99,181.75,183.41,196417
2019-05-06 00:00:00+05:30,183.41,184.38,177.3,178.72,58569
2019-05-07 00:00:00+05:30,178.72,178.77,174.08,175.1,279777
2019-05-08 00:00:00+05:30,177.25,177.25,169.44,171.34,48074
2019-05-09 00:00:00+05:30,170.61,171.2,169.2,170.56,50527
2019-05-10 00:00:00+05:30,171.88,171.88,169.0,169.88,69956
2019-05-13 00:00:00+05:30,168.46,169.83,159.67,162.9,96789
2019-05-14 00:00:00+05:30,161.77,168.46,160.65,166.17,730541
2019-05-15 00:00:00+05:30,165.09,174.32,163.58,171.98,117037
2019-05-16 00:00:00+05:30,173.69,183.11,168.51,179.4,104828
2019-05-17 00:00:00+05:30,180.87,184.53,173.88,176.86,124844
2019-05-20 00:00:00+05:30,179.69,180.18,175.45,177.59,255865
2019-05-21 00:00:00+05:30,180.04,180.04,173.88,176.37,249089
2019-05-22 00:00:00+05:30,174.62,176.37,171.44,172.08,107072
2019-05-23 00:00:00+05:30,173.83,174.27,168.51,170.07,77601
2019-05-24 00:00:00+05:30,173.64,173.64,169.15,170.27,186529
2019-05-27 00:00:00+05:30,172.37,196.3,170.42,188.78,223284
2019-05-28 00:00:00+05:30,191.9,203.13,187.07,191.71,711938
2019-05-29 00:00:00+05:30,189.12,193.86,189.07,192.93,175461
2019-05-30 00:00:00+05:30,190.73,195.81,190.44,193.22,245055
2019-05-31 00:00:00+05:30,188.97,189.41,178.03,180.28,386207
2019-06-03 00:00:00+05:30,179.69,179.69,173.49,174.91,128097
2019-06-04 00:00:00+05:30,174.18,179.16,173.64,175.74,117339
2019-06-06 00:00:00+05:30,176.72,176.72,171.39,171.78,56248
2019-06-07 00:00:00+05:30,171.44,174.23,170.42,171.59,36739
2019-06-10 00:00:00+05:30,171.39,173.15,169.78,170.47,35144
2019-06-11 00:00:00+05:30,170.47,173.44,168.07,169.88,477081
2019-06-12 00:00:00+05:30,168.95,170.37,164.07,164.65,109034
2019-06-13 00:00:00+05:30,164.07,167.0,159.63,165.05,179289
2019-06-14 00:00:00+05:30,166.22,166.27,160.5,165.14,142723
2019-06-17 00:00:00+05:30,165.14,166.02,161.77,165.05,152693
2019-06-18 00:00:00+05:30,165.48,167.0,161.63,162.36,190533
2019-06-19 00:00:00+05:30,163.29,165.39,162.51,164.12,285533
2019-06-20 00:00:00+05:30,162.41,165.63,162.41,164.7,232671
2019-06-21 00:00:00+05:30,165.44,167.88,163.58,166.51,66931
2019-06-24 00:00:00+05:30,167.49,168.46,164.46,167.29,240853
2019-06-25 00:00:00+05:30,167.93,171.3,166.02,169.68,132855
2019-06-26 00:00:00+05:30,168.95,173.35,168.95,170.81,99677
2019-06-27 00:00:00+05:30,169.93,178.67,169.93,175.69,135875
2019-06-28 00:00:00+05:30,174.81,180.18,174.81,178.67,104699
2019-07-01 00:00:00+05:30,178.72,181.11,175.89,177.3,77260
2019-07-02 00:00:00+05:30,178.72,178.72,174.86,175.93,44867
2019-07-03 00:00:00+05:30,176.72,177.2,174.32,176.03,32891
2019-07-04 00:00:00+05:30,177.2,177.2,174.47,176.42,45906
2019-07-05 00:00:00+05:30,177.2,177.2,174.37,175.79,104451
2019-07-08 00:00:00+05:30,175.79,175.79,170.56,173.88,60807
2019-07-09 00:00:00+05:30,174.27,174.32,171.93,172.66,28646
2019-07-10 00:00:00+05:30,172.66,173.2,168.46,170.81,50591
2019-07-11 00:00:00+05:30,169.93,170.9,167.19,169.05,75861
2019-07-12 00:00:00+05:30,170.9,170.9,165.53,167.78,47610
2019-07-15 00:00:00+05:30,168.41,168.41,163.58,164.41,29433
2019-07-16 00:00:00+05:30,164.7,165.05,163.58,164.17,221350
2019-07-17 00:00:00+05:30,164.07,165.53,164.02,164.22,34780
2019-07-18 00:00:00+05:30,165.34,165.39,163.58,163.87,35011
2019-07-19 00:00:00+05:30,165.44,167.78,161.72,164.56,122551
2019-07-22 00:00:00+05:30,164.85,164.85,158.11,159.38,50035
2019-07-23 00:00:00+05:30,161.63,163.09,157.72,160.94,159794
2019-07-24 00:00:00+05:30,161.87,163.58,156.26,158.4,277406
2019-07-25 00:00:00+05:30,159.19,161.14,158.06,159.67,50859
2019-07-26 00:00:00+05:30,161.48,161.63,158.5,160.89,34971
2019-07-29 00:00:00+05:30,159.72,161.58,159.72,161.29,26055
2019-07-30 00:00:00+05:30,159.72,161.82,159.72,161.09,60171
2019-07-31 00:00:00+05:30,162.95,163.58,158.55,161.77,101334
2019-08-01 00:00:00+05:30,163.43,163.43,151.91,153.47,75143
2019-08-02 00:00:00+05:30,153.33,153.33,142.1,149.18,129345
2019-08-05 00:00:00+05:30,148.25,161.04,144.05,156.06,168106
2019-08-06 00:00:00+05:30,157.33,158.75,153.81,155.96,1461563
2019-08-07 00:00:00+05:30,154.01,159.67,153.72,157.04,60561
2019-08-08 00:00:00+05:30,157.72,157.77,153.81,154.74,39783
2019-08-09 00:00:00+05:30,153.96,159.14,153.96,157.97,41253
2019-08-13 00:00:00+05:30,157.97,157.97,151.86,152.5,50894
2019-08-14 00:00:00+05:30,151.86,159.67,147.95,155.47,204520
2019-08-16 00:00:00+05:30,155.77,156.21,150.4,151.81,59326
2019-08-19 00:00:00+05:30,153.67,153.77,147.47,149.76,151036
2019-08-20 00:00:00+05:30,148.64,149.81,143.27,146.0,121614
2019-08-21 00:00:00+05:30,147.86,149.91,141.61,149.37,120862
2019-08-22 00:00:00+05:30,147.95,151.37,142.1,147.17,142580
2019-08-23 00:00:00+05:30,147.86,157.67,143.12,153.96,296352
2019-08-26 00:00:00+05:30,155.72,158.21,149.03,155.52,216996
2019-08-27 00:00:00+05:30,156.16,163.04,151.86,158.5,158769
2019-08-28 00:00:00+05:30,159.63,160.5,156.3,158.26,116566
2019-08-29 00:00:00+05:30,157.72,159.82,154.35,155.77,62220
2019-08-30 00:00:00+05:30,153.86,160.06,150.59,157.13,215361
2019-09-03 00:00:00+05:30,157.13,157.13,152.06,155.47,114665
2019-09-04 00:00:00+05:30,154.3,155.67,152.54,153.91,47203
2019-09-05 00:00:00+05:30,152.54,155.08,152.01,153.77,49586
2019-09-06 00:00:00+05:30,152.01,154.5,151.86,152.74,46179
2019-09-09 00:00:00+05:30,152.45,153.72,150.98,152.15,75764
2019-09-11 00:00:00+05:30,151.03,156.26,151.03,155.67,127539
2019-09-12 00:00:00+05:30,156.11,158.55,153.81,157.09,135121
2019-09-13 00:00:00+05:30,157.23,159.63,154.79,156.74,99758
2019-09-16 00:00:00+05:30,156.26,159.19,155.77,156.45,96030
2019-09-17 00:00:00+05:30,155.87,157.72,149.52,154.21,226055
2019-09-18 00:00:00+05:30,157.72,159.67,152.54,153.23,181764
2019-09-19 00:00:00+05:30,153.72,161.19,151.18,156.84,212839
2019-09-20 00:00:00+05:30,161.72,178.72,154.5,163.73,897215
2019-09-23 00:00:00+05:30,168.46,181.16,168.22,179.06,1033146
2019-09-24 00:00:00+05:30,174.81,181.16,172.17,178.52,164432
2019-09-25 00:00:00+05:30,178.96,179.6,169.54,172.86,137819
2019-09-26 00:00:00+05:30,172.96,174.76,170.71,172.76,126110
2019-09-27 00:00:00+05:30,172.71,178.62,167.58,172.91,210753
2019-09-30 00:00:00+05:30,175.79,183.5,169.98,178.57,216204
2019-10-01 00:00:00+05:30,179.21,180.67,170.9,173.69,68705
2019-10-03 00:00:00+05:30,171.88,173.83,169.49,172.13,35656
2019-10-04 00:00:00+05:30,171.49,172.08,166.27,168.61,44185
2019-10-07 00:00:00+05:30,167.98,168.76,162.8,163.63,51151
2019-10-09 00:00:00+05:30,161.77,165.39,161.77,163.87,28896
2019-10-10 00:00:00+05:30,163.48,170.51,162.12,167.93,85459
2019-10-11 00:00:00+05:30,167.88,170.86,165.58,168.71,57445
2019-10-14 00:00:00+05:30,170.61,175.69,165.53,169.29,110575
2019-10-15 00:00:00+05:30,171.0,172.13,165.53,166.56,141627
2019-10-16 00:00:00+05:30,166.9,167.54,164.26,165.53,55398
2019-10-17 00:00:00+05:30,165.05,169.44,162.16,167.98,111626
2019-10-18 00:00:00+05:30,168.85,179.21,166.8,176.67,352504
2019-10-22 00:00:00+05:30,177.35,177.35,170.42,173.93,64421
2019-10-23 00:00:00+05:30,172.52,174.27,170.27,171.69,41824
2019-10-24 00:00:00+05:30,170.37,175.2,169.49,170.66,52303
2019-10-25 00:00:00+05:30,170.9,171.15,165.53,166.75,59293
2019-10-27 00:00:00+05:30,168.9,169.83,166.85,168.02,12789
2019-10-29 00:00:00+05:30,168.66,168.66,164.41,167.05,86327
2019-10-30 00:00:00+05:30,166.27,168.41,164.65,165.83,101380
2019-10-31 00:00:00+05:30,167.0,167.0,162.31,163.63,84897
2019-11-01 00:00:00+05:30,162.36,165.53,161.63,163.04,132330
2019-11-04 00:00:00+05:30,162.26,163.34,157.82,158.6,114142
2019-11-05 00:00:00+05:30,161.14,161.63,155.77,157.04,731210
2019-11-06 00:00:00+05:30,155.38,161.04,152.11,155.96,672065
2019-11-07 00:00:00+05:30,157.72,157.72,153.81,154.3,133182
2019-11-08 00:00:00+05:30,155.08,155.28,152.45,153.38,53465
2019-11-11 00:00:00+05:30,153.81,155.67,148.44,150.84,161611
2019-11-13 00:00:00+05:30,151.18,151.62,146.88,148.05,197169
2019-11-14 00:00:00+05:30,148.05,148.74,144.78,147.37,310637
2019-11-15 00:00:00+05:30,147.95,147.95,144.05,144.54,73636
2019-11-18 00:00:00+05:30,144.93,149.86,142.78,147.86,157843
2019-11-19 00:00:00+05:30,147.61,148.3,144.19,146.2,95662
2019-11-20 00:00:00+05:30,146.39,147.12,145.03,145.9,109859
2019-11-21 00:00:00+05:30,146.1,146.1,143.61,144.44,107380
2019-11-22 00:00:00+05:30,144.49,147.37,142.83,146.1,177183
2019-11-25 00:00:00+05:30,144.63,147.47,144.63,146.59,89921
2019-11-26 00:00:00+05:30,147.76,153.81,144.83,152.4,221145
2019-11-27 00:00:00+05:30,151.96,152.15,148.64,151.37,99294
2019-11-28 00:00:00+05:30,149.96,151.13,148.88,150.64,60255
2019-11-29 00:00:00+05:30,149.81,157.28,148.35,156.79,206317
2019-12-02 00:00:00+05:30,157.57,157.57,151.57,152.59,93373
2019-12-03 00:00:00+05:30,153.13,157.87,150.64,156.21,129354
2019-12-04 00:00:00+05:30,154.64,155.23,150.79,151.76,108578
2019-12-05 00:00:00+05:30,151.81,153.03,147.95,148.64,118373
2019-12-06 00:00:00+05:30,148.64,151.23,144.83,149.66,159666
2019-12-09 00:00:00+05:30,148.93,149.91,146.78,147.76,109029
2019-12-10 00:00:00+05:30,146.49,148.3,142.1,143.12,113230
2019-12-11 00:00:00+05:30,143.02,144.0,136.72,140.73,206664
2019-12-12 00:00:00+05:30,140.04,141.07,138.58,139.7,45056
2019-12-13 00:00:00+05:30,140.48,141.61,138.82,140.09,65144
2019-12-16 00:00:00+05:30,139.65,142.05,137.26,138.34,98434
2019-12-17 00:00:00+05:30,138.29,140.63,137.6,139.56,100452
2019-12-18 00:00:00+05:30,139.65,140.44,138.19,138.87,36069
2019-12-19 00:00:00+05:30,138.68,139.36,138.24,138.48,35623
2019-12-20 00:00:00+05:30,138.63,140.14,137.94,138.38,71644
2019-12-23 00:00:00+05:30,137.75,139.9,137.75,138.34,67436
2019-12-24 00:00:00+05:30,138.29,139.51,137.7,137.85,65563
2019-12-26 00:00:00+05:30,138.38,138.73,132.33,133.35,206303
2019-12-27 00:00:00+05:30,134.28,138.09,132.87,137.07,157676
2019-12-30 00:00:00+05:30,137.65,140.14,135.41,138.63,169097
2019-12-31 00:00:00+05:30,137.99,139.75,136.72,139.31,1737478
2020-01-01 00:00:00+05:30,140.09,142.1,139.31,140.19,91648
2020-01-02 00:00:00+05:30,141.61,142.1,139.31,141.56,58268
2020-01-03 00:00:00+05:30,141.51,141.85,138.77,140.14,59367
2020-01-06 00:00:00+05:30,138.73,140.0,137.8,138.19,504571
2020-01-07 00:00:00+05:30,137.75,139.65,137.55,138.43,45462
2020-01-08 00:00:00+05:30,138.09,138.43,136.33,136.63,27720
2020-01-09 00:00:00+05:30,138.68,144.44,138.19,143.76,143086
2020-01-10 00:00:00+05:30,143.56,145.03,142.1,142.53,63493
2020-01-13 00:00:00+05:30,143.46,143.9,140.14,141.46,52124
2020-01-14 00:00:00+05:30,141.56,145.86,141.12,144.0,634190
2020-01-15 00:00:00+05:30,145.27,146.78,144.05,145.37,124260
2020-01-16 00:00:00+05:30,146.2,146.2,143.61,143.8,39156
2020-01-17 00:00:00+05:30,143.66,145.42,143.36,143.66,22572
2020-01-20 00:00:00+05:30,142.97,144.54,141.66,142.73,550615
2020-01-21 00:00:00+05:30,140.19,144.05,140.19,143.41,45656
2020-01-22 00:00:00+05:30,144.05,145.9,143.56,145.07,69879
2020-01-23 00:00:00+05:30,145.81,145.81,142.63,144.15,48094
2020-01-24 00:00:00+05:30,144.83,145.51,143.27,143.76,42872
2020-01-27 00:00:00+05:30,144.49,149.42,144.24,145.27,366381
2020-01-28 00:00:00+05:30,144.78,147.52,142.78,143.85,450702
2020-01-29 00:00:00+05:30,143.56,143.95,141.75,143.02,576683
2020-01-30 00:00:00+05:30,143.02,143.56,138.09,138.77,75393
2020-01-31 00:00:00+05:30,139.41,139.65,136.24,136.82,72489
2020-02-01 00:00:00+05:30,136.33,137.51,130.96,131.99,70118
2020-02-03 00:00:00+05:30,131.89,134.67,128.91,131.89,95908
2020-02-04 00:00:00+05:30,132.43,133.89,129.4,130.62,49897
2020-02-05 00:00:00+05:30,130.57,134.28,129.35,133.01,39524
2020-02-06 00:00:00+05:30,133.5,135.55,132.38,133.16,38028
2020-02-07 00:00:00+05:30,133.79,142.0,132.92,139.65,171399
2020-02-10 00:00:00+05:30,140.34,146.2,138.24,144.83,211331
2020-02-11 00:00:00+05:30,145.03,147.95,139.21,141.51,128660
2020-02-12 00:00:00+05:30,141.36,141.36,138.68,139.8,27648
2020-02-13 00:00:00+05:30,140.34,140.34,135.26,136.33,34894
2020-02-14 00:00:00+05:30,136.33,137.02,134.77,135.16,37212
2020-02-17 00:00:00+05:30,134.53,137.9,127.45,134.77,271343
2020-02-18 00:00:00+05:30,133.79,134.77,130.23,131.89,58962
2020-02-19 00:00:00+05:30,133.79,140.04,131.74,137.07,112699
2020-02-20 00:00:00+05:30,136.28,142.05,136.24,141.27,194409
2020-02-24 00:00:00+05:30,140.63,140.63,136.28,136.92,37377
2020-02-25 00:00:00+05:30,136.28,138.53,134.38,135.11,37485
2020-02-26 00:00:00+05:30,132.13,134.87,131.45,132.18,32994
2020-02-27 00:00:00+05:30,133.26,133.26,128.03,129.01,67858
2020-02-28 00:00:00+05:30,126.96,129.4,122.07,128.76,157001
2020-03-02 00:00:00+05:30,127.93,130.72,124.22,125.79,119851
2020-03-03 00:00:00+05:30,125.98,126.91,118.27,125.05,55472
2020-03-04 00:00:00+05:30,125.88,126.76,121.1,121.88,57346
2020-03-05 00:00:00+05:30,121.88,124.27,118.36,121.2,69751
2020-03-06 00:00:00+05:30,118.17,122.86,117.29,120.46,46653
2020-03-09 00:00:00+05:30,118.9,118.9,111.33,116.17,70536
2020-03-11 00:00:00+05:30,114.26,119.98,107.47,115.97,116429
2020-03-12 00:00:00+05:30,104.3,109.38,94.78,95.46,344645
2020-03-13 00:00:00+05:30,85.94,109.28,79.4,98.73,377402
2020-03-16 00:00:00+05:30,98.64,98.64,85.01,87.45,189953
2020-03-17 00:00:00+05:30,89.85,89.85,78.32,78.86,120063
2020-03-18 00:00:00+05:30,81.74,81.74,66.31,72.56,262118
2020-03-19 00:00:00+05:30,69.39,76.32,65.33,65.43,590871
2020-03-20 00:00:00+05:30,67.97,71.98,61.43,71.54,390629
2020-03-23 00:00:00+05:30,68.31,68.31,64.41,64.46,66701
2020-03-24 00:00:00+05:30,64.65,68.26,59.13,59.87,68408
2020-03-25 00:00:00+05:30,59.87,65.82,53.91,63.23,193391
2020-03-26 00:00:00+05:30,65.33,69.53,62.26,65.04,155054
2020-03-27 00:00:00+05:30,69.63,69.63,63.58,65.14,97578
2020-03-30 00:00:00+05:30,67.34,67.34,63.19,64.16,67199
2020-03-31 00:00:00+05:30,63.92,66.36,60.55,64.26,126769
2020-04-01 00:00:00+05:30,66.31,66.41,61.43,64.21,52665
2020-04-03 00:00:00+05:30,65.24,65.82,63.48,63.77,49940
2020-04-07 00:00:00+05:30,68.07,70.12,64.6,69.29,1068257
2020-04-08 00:00:00+05:30,71.78,75.2,68.56,73.15,96047
2020-04-09 00:00:00+05:30,74.22,75.98,73.29,74.08,65206
2020-04-13 00:00:00+05:30,74.08,74.08,70.56,71.0,54258
2020-04-15 00:00:00+05:30,71.29,75.54,70.56,74.17,244069
2020-04-16 00:00:00+05:30,74.22,75.05,71.83,73.24,269928
2020-04-17 00:00:00+05:30,75.78,77.98,73.44,77.05,184506
2020-04-20 00:00:00+05:30,80.76,80.76,70.56,77.59,103495
2020-04-21 00:00:00+05:30,76.17,76.17,72.61,73.68,69196
2020-04-22 00:00:00+05:30,72.46,74.71,72.46,73.44,185008
2020-04-23 00:00:00+05:30,74.22,76.91,73.44,75.98,113586
2020-04-24 00:00:00+05:30,75.2,76.03,73.64,73.68,75208
2020-04-27 00:00:00+05:30,74.22,75.2,72.95,73.2,40394
2020-04-28 00:00:00+05:30,74.08,74.08,72.22,72.9,71656
2020-04-29 00:00:00+05:30,73.93,73.93,72.07,72.22,55194
2020-04-30 00:00:00+05:30,73.93,75.0,72.51,73.78,745021
2020-05-04 00:00:00+05:30,74.22,74.22,69.63,70.51,81226
2020-05-05 00:00:00+05:30,70.51,72.07,70.51,70.9,38498
2020-05-06 00:00:00+05:30,72.12,72.12,69.0,69.19,112181
2020-05-07 00:00:00+05:30,69.34,70.71,67.97,68.36,76610
2020-05-08 00:00:00+05:30,68.95,69.34,64.21,65.09,96251
2020-05-11 00:00:00+05:30,66.02,66.02,61.04,62.5,226040
2020-05-12 00:00:00+05:30,61.53,62.21,60.26,60.45,103721
2020-05-13 00:00:00+05:30,65.38,65.38,60.26,60.45,366442
2020-05-14 00:00:00+05:30,59.96,60.35,57.62,58.11,365079
2020-05-15 00:00:00+05:30,58.94,59.57,57.13,57.77,497194
2020-05-18 00:00:00+05:30,56.45,57.42,53.71,53.91,282579
2020-05-19 00:00:00+05:30,54.4,55.62,53.47,54.93,291514
2020-05-20 00:00:00+05:30,56.11,56.11,53.62,53.71,155727
2020-05-21 00:00:00+05:30,53.76,59.08,53.76,57.86,1165969
2020-05-22 00:00:00+05:30,57.03,60.94,56.25,57.38,365813
2020-05-26 00:00:00+05:30,57.42,58.89,54.1,56.4,159393
2020-05-27 00:00:00+05:30,57.13,61.53,56.74,57.42,489305
2020-05-28 00:00:00+05:30,60.35,63.14,60.31,63.14,344032
2020-05-29 00:00:00+05:30,65.92,68.36,63.23,64.8,1103920
2020-06-01 00:00:00+05:30,68.36,71.24,67.04,69.29,1303516
2020-06-02 00:00:00+05:30,70.32,73.2,69.39,71.58,898224
2020-06-03 00:00:00+05:30,74.81,74.81,72.02,72.81,565592
2020-06-04 00:00:00+05:30,72.81,73.1,69.34,70.8,348288
2020-06-05 00:00:00+05:30,72.27,77.64,71.88,76.17,3114901
2020-06-08 00:00:00+05:30,78.62,79.59,75.2,75.83,1441851
2020-06-09 00:00:00+05:30,78.62,78.62,69.92,70.27,1238918
2020-06-10 00:00:00+05:30,71.05,71.24,68.41,69.68,830687
2020-06-11 00:00:00+05:30,70.27,70.71,67.48,67.73,356312
2020-06-12 00:00:00+05:30,62.26,66.99,60.99,66.16,1144119
2020-06-15 00:00:00+05:30,66.6,68.31,64.7,65.29,410301
2020-06-16 00:00:00+05:30,66.41,67.58,61.72,63.67,289093
2020-06-17 00:00:00+05:30,62.7,68.07,62.16,64.55,540613
2020-06-18 00:00:00+05:30,65.19,67.97,64.55,66.6,315907
2020-06-19 00:00:00+05:30,66.6,67.78,65.43,66.12,317912
2020-06-22 00:00:00+05:30,67.97,69.29,66.9,68.31,443771
2020-06-23 00:00:00+05:30,69.14,73.15,67.53,71.88,887289
2020-06-24 00:00:00+05:30,72.27,72.71,66.9,67.24,1105151
2020-06-25 00:00:00+05:30,66.9,66.9,64.94,65.24,694413
2020-06-26 00:00:00+05:30,65.68,66.65,63.92,64.36,672470
2020-06-29 00:00:00+05:30,66.31,66.7,62.6,63.14,1360477
2020-06-30 00:00:00+05:30,63.28,64.16,61.57,62.06,377185
2020-07-01 00:00:00+05:30,61.92,63.28,61.53,62.65,413782
2020-07-02 00:00:00+05:30,62.99,65.82,62.4,64.41,993187
2020-07-03 00:00:00+05:30,64.94,65.24,63.48,63.63,579630
2020-07-06 00:00:00+05:30,64.85,65.63,63.48,64.46,762947
2020-07-07 00:00:00+05:30,66.41,67.14,65.43,66.21,1607061
2020-07-08 00:00:00+05:30,66.7,68.85,64.94,65.58,2763439
2020-07-09 00:00:00+05:30,65.92,66.21,64.65,64.8,507018
2020-07-10 00:00:00+05:30,64.46,65.09,62.99,64.8,849464
2020-07-13 00:00:00+05:30,64.21,65.29,63.67,63.77,607306
2020-07-14 00:00:00+05:30,63.77,63.77,61.53,61.62,459384
2020-07-15 00:00:00+05:30,62.01,62.8,60.79,60.94,464752
2020-07-16 00:00:00+05:30,61.04,61.77,60.55,60.89,453739
2020-07-17 00:00:00+05:30,60.89,61.38,59.87,60.06,814449
2020-07-20 00:00:00+05:30,61.28,61.28,58.35,58.79,1477536
2020-07-21 00:00:00+05:30,60.35,61.43,59.57,60.01,1471329
2020-07-22 00:00:00+05:30,59.67,61.92,59.13,61.18,704267
2020-07-23 00:00:00+05:30,60.6,61.82,60.6,61.23,678783
2020-07-24 00:00:00+05:30,61.43,61.43,59.43,59.52,900607
2020-07-27 00:00:00+05:30,59.57,60.06,58.69,58.94,582870
2020-07-28 00:00:00+05:30,59.08,59.28,58.45,58.64,1027418
2020-07-29 00:00:00+05:30,59.38,59.77,58.11,58.3,2208495
2020-07-30 00:00:00+05:30,58.5,64.11,57.91,63.97,5211833
2020-07-31 00:00:00+05:30,64.8,65.77,62.65,63.33,1816752
2020-08-03 00:00:00+05:30,62.8,67.09,62.5,63.87,1641509
2020-08-04 00:00:00+05:30,64.26,65.29,63.23,63.48,701048
2020-08-05 00:00:00+05:30,64.02,64.36,62.5,63.14,672178
2020-08-06 00:00:00+05:30,65.19,67.19,64.6,65.92,1899002
2020-08-07 00:00:00+05:30,66.41,68.36,66.26,67.14,1603143
2020-08-10 00:00:00+05:30,67.87,69.34,65.92,66.51,1280014
2020-08-11 00:00:00+05:30,67.34,68.12,65.14,65.43,1214383
2020-08-12 00:00:00+05:30,65.58,67.68,65.53,66.65,3093136
2020-08-13 00:00:00+05:30,66.41,75.39,66.02,74.37,6274452
2020-08-14 00:00:00+05:30,76.17,78.52,70.8,73.44,3809842
2020-08-17 00:00:00+05:30,77.15,79.35,75.44,77.05,3115472
2020-08-18 00:00:00+05:30,78.03,82.52,77.1,79.93,4440523
2020-08-19 00:00:00+05:30,77.64,80.52,77.44,78.86,2364219
2020-08-20 00:00:00+05:30,78.13,87.85,78.13,86.04,7228169
2020-08-21 00:00:00+05:30,89.65,94.05,87.26,90.14,7120982
2020-08-24 00:00:00+05:30,91.12,92.48,86.09,89.26,2972903
2020-08-25 00:00:00+05:30,90.68,91.17,86.97,87.7,1594612
2020-08-26 00:00:00+05:30,88.28,88.63,85.5,87.31,1257039
2020-08-27 00:00:00+05:30,88.09,91.75,85.65,89.65,3601343
2020-08-28 00:00:00+05:30,90.43,92.68,89.94,91.31,2947205
2020-08-31 00:00:00+05:30,93.85,93.85,83.99,85.65,2832992
2020-09-01 00:00:00+05:30,86.92,89.99,84.43,86.67,1344557
2020-09-02 00:00:00+05:30,87.89,87.89,83.6,84.52,1054220
2020-09-03 00:00:00+05:30,85.65,85.99,83.74,83.99,861816
2020-09-04 00:00:00+05:30,82.91,86.77,81.3,85.6,1279605
2020-09-07 00:00:00+05:30,86.43,86.43,81.35,82.38,666879
2020-09-08 00:00:00+05:30,83.99,84.72,81.79,82.67,679118
2020-09-09 00:00:00+05:30,80.23,81.99,77.35,79.25,1926457
2020-09-10 00:00:00+05:30,80.86,83.4,80.33,81.74,1080653
2020-09-11 00:00:00+05:30,81.55,84.67,81.55,83.21,1619329
2020-09-14 00:00:00+05:30,83.89,88.24,83.3,86.87,1893569
2020-09-15 00:00:00+05:30,88.14,89.65,84.48,85.06,3197437
2020-09-16 00:00:00+05:30,85.45,87.6,84.04,86.33,724278
2020-09-17 00:00:00+05:30,85.75,86.43,84.09,84.33,453659
2020-09-18 00:00:00+05:30,85.21,87.7,83.5,84.57,2145546
2020-09-21 00:00:00+05:30,86.35,86.95,69.3,83.65,1673621
2020-09-22 00:00:00+05:30,81.5,81.85,76.0,78.3,1619066
2020-09-23 00:00:00+05:30,79.65,80.9,76.1,79.0,1139657
2020-09-24 00:00:00+05:30,77.8,78.5,74.6,74.85,832284
2020-09-25 00:00:00+05:30,75.3,79.0,75.1,78.3,658276
2020-09-28 00:00:00+05:30,78.9,84.0,78.75,82.65,793673
2020-09-29 00:00:00+05:30,83.0,84.7,81.0,81.85,496833
2020-09-30 00:00:00+05:30,81.85,83.15,80.2,80.6,460637
2020-10-01 00:00:00+05:30,83.0,84.5,82.0,83.6,685008
2020-10-05 00:00:00+05:30,83.9,83.9,81.0,81.5,516630
2020-10-06 00:00:00+05:30,82.25,82.25,79.55,79.8,584139
2020-10-07 00:00:00+05:30,79.95,79.95,78.5,78.8,319667
2020-10-08 00:00:00+05:30,78.05,79.0,77.0,77.45,456938
2020-10-09 00:00:00+05:30,77.7,79.65,77.6,78.2,358752
2020-10-12 00:00:00+05:30,79.0,79.45,75.0,75.6,627248
2020-10-13 00:00:00+05:30,75.3,76.45,74.0,76.2,494061
2020-10-14 00:00:00+05:30,76.2,78.65,75.55,77.8,689737
2020-10-15 00:00:00+05:30,77.55,78.3,75.0,75.25,333432
2020-10-16 00:00:00+05:30,75.6,77.2,75.0,76.8,287776
2020-10-19 00:00:00+05:30,77.0,78.0,75.3,76.65,233656
2020-10-20 00:00:00+05:30,77.65,77.65,74.65,75.35,291330
2020-10-21 00:00:00+05:30,76.5,76.95,75.45,76.35,261073
2020-10-22 00:00:00+05:30,75.75,77.95,75.75,77.2,209413
2020-10-23 00:00:00+05:30,78.95,80.35,78.3,78.9,807451
2020-10-26 00:00:00+05:30,80.0,80.0,76.6,77.1,249728
2020-10-27 00:00:00+05:30,76.5,77.5,76.1,77.15,189761
2020-10-28 00:00:00+05:30,77.15,77.15,75.6,76.15,377115
2020-10-29 00:00:00+05:30,75.9,75.9,74.55,75.05,248993
2020-10-30 00:00:00+05:30,75.05,75.75,74.75,75.1,166822
2020-11-02 00:00:00+05:30,75.1,75.65,73.0,73.75,245686
2020-11-03 00:00:00+05:30,74.0,75.0,71.9,74.45,252344
2020-11-04 00:00:00+05:30,74.55,75.25,73.7,74.1,121123
2020-11-05 00:00:00+05:30,75.0,75.1,73.7,74.25,331307
2020-11-06 00:00:00+05:30,74.6,79.6,74.55,76.15,1487367
2020-11-09 00:00:00+05:30,77.0,77.9,76.0,76.9,813323
2020-11-10 00:00:00+05:30,80.0,83.9,78.45,82.95,3486993
2020-11-11 00:00:00+05:30,83.1,83.3,80.3,80.8,1035309
2020-11-12 00:00:00+05:30,81.0,83.0,80.8,81.35,835702
2020-11-13 00:00:00+05:30,81.75,82.4,80.0,81.6,472529
2020-11-17 00:00:00+05:30,85.6,89.95,83.35,88.4,2995066
2020-11-18 00:00:00+05:30,88.55,89.4,82.0,87.5,1141924
2020-11-19 00:00:00+05:30,86.0,90.0,85.65,88.65,1011452
2020-11-20 00:00:00+05:30,88.6,90.4,86.4,89.0,1944269
2020-11-23 00:00:00+05:30,89.85,89.85,86.35,86.6,618206
2020-11-24 00:00:00+05:30,87.2,89.6,86.6,86.85,519407
2020-11-25 00:00:00+05:30,87.65,87.65,85.75,86.2,508643
2020-11-26 00:00:00+05:30,86.25,91.5,85.1,89.45,995164
2020-11-27 00:00:00+05:30,89.45,91.25,88.15,89.85,1295660
2020-12-01 00:00:00+05:30,90.1,94.9,88.6,91.7,2228975
2020-12-02 00:00:00+05:30,96.0,97.0,92.05,94.05,2241467
2020-12-03 00:00:00+05:30,94.85,99.8,94.0,99.05,2841814
2020-12-04 00:00:00+05:30,100.05,100.6,96.5,98.3,975522
2020-12-07 00:00:00+05:30,100.25,103.75,99.0,101.55,1593175
2020-12-08 00:00:00+05:30,102.0,105.0,98.8,101.25,1617034
2020-12-09 00:00:00+05:30,104.0,104.3,99.75,102.8,1122190
2020-12-10 00:00:00+05:30,102.0,102.0,99.0,100.2,772602
2020-12-11 00:00:00+05:30,100.0,103.0,100.0,100.4,501427
2020-12-14 00:00:00+05:30,100.55,102.55,99.5,101.65,901225
2020-12-15 00:00:00+05:30,102.0,102.85,100.45,100.9,628049
2020-12-16 00:00:00+05:30,101.8,102.75,99.55,100.45,927390
2020-12-17 00:00:00+05:30,100.85,100.95,99.05,99.6,364926
2020-12-18 00:00:00+05:30,99.6,100.0,95.3,96.55,1302499
2020-12-21 00:00:00+05:30,98.5,98.5,85.3,90.65,1395631
2020-12-22 00:00:00+05:30,88.0,90.35,85.8,89.65,1274280
2020-12-23 00:00:00+05:30,90.0,93.0,89.25,92.3,947111
2020-12-24 00:00:00+05:30,93.3,95.5,90.6,91.15,519399
2020-12-28 00:00:00+05:30,91.65,92.8,89.6,90.0,1777038
2020-12-29 00:00:00+05:30,90.4,91.5,87.0,89.05,1288188
2020-12-30 00:00:00+05:30,89.5,90.95,88.15,90.6,408926
2020-12-31 00:00:00+05:30,90.6,91.65,89.75,90.05,1014736
2021-01-01 00:00:00+05:30,90.85,93.9,90.35,93.4,901943
2021-01-04 00:00:00+05:30,96.0,97.15,94.3,96.2,1222407
2021-01-05 00:00:00+05:30,94.2,95.65,93.15,95.65,729700
2021-01-06 00:00:00+05:30,96.85,98.45,95.25,96.45,823757
2021-01-07 00:00:00+05:30,96.95,98.6,96.15,97.55,776845
2021-01-08 00:00:00+05:30,97.7,99.55,97.0,97.95,900807
2021-01-11 00:00:00+05:30,98.85,99.35,94.5,97.05,466593
2021-01-12 00:00:00+05:30,96.25,97.45,95.65,97.2,373312
2021-01-13 00:00:00+05:30,97.25,101.0,96.0,96.7,1040640
2021-01-14 00:00:00+05:30,96.7,99.9,96.7,97.15,706010
2021-01-15 00:00:00+05:30,97.4,98.7,94.5,96.75,849987
2021-01-18 00:00:00+05:30,97.0,97.25,92.55,92.85,1472928
2021-01-19 00:00:00+05:30,93.95,95.5,93.7,94.65,297480
2021-01-20 00:00:00+05:30,95.0,96.35,94.5,95.0,320664
2021-01-21 00:00:00+05:30,96.4,96.4,94.9,95.35,439485
2021-01-22 00:00:00+05:30,95.2,95.65,92.7,93.25,517460
2021-01-25 00:00:00+05:30,93.7,94.55,90.5,92.45,515045
2021-01-27 00:00:00+05:30,92.55,93.85,91.15,92.65,925963
2021-01-28 00:00:00+05:30,91.75,94.5,90.95,94.1,1002512
2021-01-29 00:00:00+05:30,94.7,94.9,92.05,93.0,261299
2021-02-01 00:00:00+05:30,93.0,93.8,90.1,91.2,634467
2021-02-02 00:00:00+05:30,91.5,93.65,91.5,92.2,929820
2021-02-03 00:00:00+05:30,92.3,95.4,91.85,94.2,592035
2021-02-04 00:00:00+05:30,93.0,95.0,92.6,93.75,1593234
2021-02-05 00:00:00+05:30,94.5,97.0,94.5,96.25,1044658
2021-02-08 00:00:00+05:30,97.0,99.7,96.55,99.0,1514186
2021-02-09 00:00:00+05:30,100.0,101.35,94.1,95.8,1789779
2021-02-10 00:00:00+05:30,97.25,98.0,95.5,97.4,1496804
2021-02-11 00:00:00+05:30,97.5,99.6,97.1,97.8,898109
2021-02-12 00:00:00+05:30,98.8,99.45,97.55,98.55,1227232
2021-02-15 00:00:00+05:30,99.5,99.95,98.2,99.35,631953
2021-02-16 00:00:00+05:30,99.6,101.25,98.1,99.5,842889
2021-02-17 00:00:00+05:30,99.0,99.4,95.9,97.8,945965
2021-02-18 00:00:00+05:30,97.65,98.95,96.5,98.3,727728
2021-02-19 00:00:00+05:30,98.5,99.8,96.55,97.15,811223
2021-02-22 00:00:00+05:30,97.25,97.5,96.0,97.0,690344
2021-02-23 00:00:00+05:30,96.95,98.05,96.35,96.95,713972
2021-02-24 00:00:00+05:30,97.4,98.15,96.55,98.0,217351
2021-02-25 00:00:00+05:30,98.25,99.1,97.0,97.3,691293
2021-02-26 00:00:00+05:30,94.5,98.25,94.5,96.7,407893
2021-03-01 00:00:00+05:30,97.5,97.75,96.05,96.6,435719
2021-03-02 00:00:00+05:30,97.1,97.5,96.45,97.05,271015
2021-03-03 00:00:00+05:30,97.45,104.7,96.4,103.65,2140182
2021-03-04 00:00:00+05:30,103.95,110.9,103.65,108.8,4176402
2021-03-05 00:00:00+05:30,108.05,111.3,108.0,109.2,1784624
2021-03-08 00:00:00+05:30,112.0,113.0,107.5,108.5,1023001
2021-03-09 00:00:00+05:30,108.5,110.25,105.4,107.8,912749
2021-03-10 00:00:00+05:30,108.9,109.4,106.8,107.9,332854
2021-03-12 00:00:00+05:30,109.45,109.45,105.1,106.6,684191
2021-03-15 00:00:00+05:30,106.6,107.05,101.25,102.75,1105276
2021-03-16 00:00:00+05:30,102.6,104.6,102.25,102.95,650551
2021-03-17 00:00:00+05:30,103.4,104.85,99.65,100.3,610083
2021-03-18 00:00:00+05:30,100.6,103.15,98.55,99.3,633000
2021-03-19 00:00:00+05:30,99.0,99.95,95.5,98.2,1295443
2021-03-22 00:00:00+05:30,97.9,98.8,95.55,98.3,628856
2021-03-23 00:00:00+05:30,98.8,100.0,96.95,99.85,686103
2021-03-24 00:00:00+05:30,99.85,99.85,98.1,98.85,391711
2021-03-25 00:00:00+05:30,98.8,98.8,93.6,96.05,905380
2021-03-26 00:00:00+05:30,97.0,98.2,95.2,95.7,214536
2021-03-30 00:00:00+05:30,96.2,96.55,90.45,93.65,724154
2021-03-31 00:00:00+05:30,93.25,96.3,92.3,92.5,574193
2021-04-01 00:00:00+05:30,93.2,97.4,93.2,95.9,456497
2021-04-05 00:00:00+05:30,94.4,94.5,91.5,92.55,1704142
2021-04-06 00:00:00+05:30,91.65,92.4,90.1,91.55,590592
2021-04-07 00:00:00+05:30,91.6,94.35,91.55,93.55,263876
2021-04-08 00:00:00+05:30,93.95,94.35,92.5,92.9,226378
2021-04-09 00:00:00+05:30,92.9,93.35,91.4,91.95,740762
2021-04-12 00:00:00+05:30,90.0,90.95,87.0,87.25,985756
2021-04-13 00:00:00+05:30,87.1,90.15,87.1,89.05,414315
2021-04-15 00:00:00+05:30,89.0,89.0,86.5,87.95,491575
2021-04-16 00:00:00+05:30,86.85,88.9,86.55,87.0,226141
2021-04-19 00:00:00+05:30,85.8,85.8,82.0,83.45,768372
2021-04-20 00:00:00+05:30,83.7,86.4,83.45,83.8,423424
2021-04-22 00:00:00+05:30,83.5,85.8,82.1,83.5,871484
2021-04-23 00:00:00+05:30,83.1,87.0,83.0,85.2,1851947
2021-04-26 00:00:00+05:30,87.0,88.85,85.2,88.5,625360
2021-04-27 00:00:00+05:30,88.25,89.55,87.6,89.0,362768
2021-04-28 00:00:00+05:30,89.85,90.8,87.55,88.35,455761
2021-04-29 00:00:00+05:30,87.75,88.9,86.8,87.65,472870
2021-04-30 00:00:00+05:30,87.0,87.9,86.15,86.7,326547
2021-05-03 00:00:00+05:30,86.55,87.35,85.7,87.05,122077
2021-05-04 00:00:00+05:30,88.0,91.0,86.55,87.55,663606
2021-05-05 00:00:00+05:30,88.8,89.35,87.5,88.7,202940
2021-05-06 00:00:00+05:30,88.75,90.3,87.7,90.0,377426
2021-05-07 00:00:00+05:30,90.0,91.3,88.75,89.95,245138
2021-05-10 00:00:00+05:30,89.3,91.35,88.0,89.2,471593
2021-05-11 00:00:00+05:30,88.5,93.4,88.2,91.55,835664
2021-05-12 00:00:00+05:30,92.3,94.0,91.55,92.75,491280
2021-05-14 00:00:00+05:30,94.0,94.0,92.05,92.15,414738
2021-05-17 00:00:00+05:30,93.4,93.75,92.5,92.9,1067261
2021-05-18 00:00:00+05:30,94.0,99.45,93.8,97.1,1408512
2021-05-19 00:00:00+05:30,97.0,100.2,96.1,98.75,1231453
2021-05-20 00:00:00+05:30,99.75,100.0,96.75,97.2,345014
2021-05-21 00:00:00+05:30,97.2,101.7,97.2,99.85,1124410
2021-05-24 00:00:00+05:30,101.5,106.5,101.25,105.8,2069440
2021-05-25 00:00:00+05:30,106.5,113.0,106.5,109.25,3133038
2021-05-26 00:00:00+05:30,110.5,111.0,106.15,107.15,1098028
2021-05-27 00:00:00+05:30,107.2,114.5,107.2,113.15,2316328
2021-05-28 00:00:00+05:30,113.75,114.4,109.55,110.5,1172876
2021-05-31 00:00:00+05:30,110.9,112.8,109.0,109.45,1044609
2021-06-01 00:00:00+05:30,110.1,111.8,109.15,109.7,895695
2021-06-02 00:00:00+05:30,110.0,110.8,106.95,108.05,810347
2021-06-03 00:00:00+05:30,109.25,111.2,108.8,110.55,803501
2021-06-04 00:00:00+05:30,113.4,121.25,111.85,116.65,6565010
2021-06-07 00:00:00+05:30,118.05,120.65,118.0,118.55,1580099
2021-06-08 00:00:00+05:30,117.2,118.45,114.15,115.7,846502
2021-06-09 00:00:00+05:30,116.35,118.5,113.25,113.9,907424
2021-06-10 00:00:00+05:30,115.2,118.15,113.65,117.15,659038
2021-06-11 00:00:00+05:30,117.9,118.4,114.3,114.85,493483
2021-06-14 00:00:00+05:30,113.55,119.75,112.1,117.3,1488991
2021-06-15 00:00:00+05:30,118.2,119.45,117.45,118.0,557058
2021-06-17 00:00:00+05:30,114.9,116.9,113.1,113.6,321993
2021-06-18 00:00:00+05:30,114.4,114.95,108.3,110.7,1665268
2021-06-21 00:00:00+05:30,108.45,111.3,107.1,110.65,628845
2021-06-22 00:00:00+05:30,113.0,116.65,111.85,113.9,1078295
2021-06-23 00:00:00+05:30,114.9,115.9,114.1,114.65,348139
2021-06-24 00:00:00+05:30,115.45,115.45,110.8,111.8,386148
2021-06-25 00:00:00+05:30,112.9,115.9,111.7,113.85,1196225
2021-06-28 00:00:00+05:30,114.6,114.95,113.1,113.45,829301
2021-06-29 00:00:00+05:30,113.85,115.7,111.2,111.7,393827
2021-06-30 00:00:00+05:30,112.55,112.55,111.45,111.95,154013
2021-07-01 00:00:00+05:30,112.5,112.5,110.5,111.15,173733
2021-07-02 00:00:00+05:30,111.75,113.0,110.25,112.0,201602
2021-07-05 00:00:00+05:30,112.85,114.05,111.55,113.15,484814
2021-07-06 00:00:00+05:30,113.5,119.65,113.2,117.8,3428562
2021-07-07 00:00:00+05:30,119.45,122.8,115.6,117.45,2690705
2021-07-08 00:00:00+05:30,117.0,119.6,115.65,117.35,718893
2021-07-09 00:00:00+05:30,117.0,118.45,115.9,117.8,373404
2021-07-12 00:00:00+05:30,118.5,119.5,116.45,117.1,422559
2021-07-13 00:00:00+05:30,117.9,119.05,116.3,116.8,357551
2021-07-14 00:00:00+05:30,117.0,118.4,116.1,116.65,273492
2021-07-15 00:00:00+05:30,116.75,121.0,116.0,117.0,3647970
2021-07-16 00:00:00+05:30,117.6,118.3,115.5,115.9,631666
2021-07-19 00:00:00+05:30,114.6,116.7,113.2,113.9,691572
2021-07-20 00:00:00+05:30,113.05,113.3,108.7,110.15,641874
2021-07-22 00:00:00+05:30,112.0,113.2,110.7,112.3,467870
2021-07-23 00:00:00+05:30,111.3,114.0,107.9,112.85,529509
2021-07-26 00:00:00+05:30,113.9,115.5,111.35,112.85,275483
2021-07-27 00:00:00+05:30,114.75,114.75,112.0,112.45,428025
2021-07-28 00:00:00+05:30,112.45,113.25,109.75,111.45,304425
2021-07-29 00:00:00+05:30,112.5,114.45,111.25,112.7,287986
2021-07-30 00:00:00+05:30,111.7,113.9,111.05,111.25,301296
2021-08-02 00:00:00+05:30,113.95,113.95,111.0,111.25,291661
2021-08-03 00:00:00+05:30,112.5,112.5,108.9,109.5,549464
2021-08-04 00:00:00+05:30,110.5,111.9,107.1,108.1,498862
2021-08-05 00:00:00+05:30,107.0,109.4,105.5,108.4,287927
2021-08-06 00:00:00+05:30,108.4,109.9,108.1,108.25,133804
2021-08-09 00:00:00+05:30,108.25,109.45,106.2,106.7,182638
2021-08-10 00:00:00+05:30,106.0,107.7,103.0,104.05,499660
2021-08-11 00:00:00+05:30,103.5,105.05,100.0,102.85,306425
2021-08-12 00:00:00+05:30,103.8,106.0,103.7,105.15,299311
2021-08-13 00:00:00+05:30,106.0,107.1,104.6,105.1,189003
2021-08-16 00:00:00+05:30,108.0,108.0,103.0,103.55,197804
2021-08-17 00:00:00+05:30,102.2,103.95,101.6,103.4,235263
2021-08-18 00:00:00+05:30,103.25,104.25,102.9,103.65,140160
2021-08-20 00:00:00+05:30,102.95,103.55,101.5,102.6,241628
2021-08-23 00:00:00+05:30,103.0,104.3,100.0,100.8,249179
2021-08-24 00:00:00+05:30,101.5,105.5,101.0,104.8,184283
2021-08-25 00:00:00+05:30,105.9,106.8,104.8,105.7,166850
2021-08-26 00:00:00+05:30,105.7,105.7,103.35,104.1,134295
2021-08-27 00:00:00+05:30,105.0,106.0,104.0,104.6,114690
2021-08-30 00:00:00+05:30,104.6,106.65,102.9,103.2,308314
2021-08-31 00:00:00+05:30,103.25,106.0,102.1,102.4,265369
2021-09-01 00:00:00+05:30,102.4,104.35,101.8,103.0,394478
2021-09-02 00:00:00+05:30,103.45,109.8,103.15,107.0,1072545
2021-09-03 00:00:00+05:30,107.9,109.6,105.35,106.2,397563
2021-09-06 00:00:00+05:30,107.1,108.65,105.8,106.35,403535
2021-09-07 00:00:00+05:30,106.2,108.5,104.0,106.15,450095
2021-09-08 00:00:00+05:30,106.0,108.25,104.95,106.05,516894
2021-09-09 00:00:00+05:30,105.95,108.4,105.2,107.05,898046
2021-09-13 00:00:00+05:30,107.4,111.0,106.45,109.75,965558
2021-09-14 00:00:00+05:30,110.6,111.6,108.6,109.75,482131
2021-09-15 00:00:00+05:30,110.65,111.9,110.0,110.75,455440
2021-09-16 00:00:00+05:30,111.25,112.5,109.4,109.8,442585
2021-09-17 00:00:00+05:30,110.6,112.0,107.0,107.45,608816
2021-09-20 00:00:00+05:30,108.4,121.25,107.65,110.8,4897695
2021-09-21 00:00:00+05:30,111.2,113.0,109.0,112.05,990271
2021-09-22 00:00:00+05:30,112.25,117.45,112.1,115.35,2002753
2021-09-23 00:00:00+05:30,116.7,124.15,116.25,123.4,4917674
2021-09-24 00:00:00+05:30,124.4,126.45,121.1,125.8,3062767
2021-09-27 00:00:00+05:30,126.0,150.95,121.25,140.95,14516683
2021-09-28 00:00:00+05:30,143.0,145.0,126.15,127.7,7975641
2021-09-29 00:00:00+05:30,127.3,135.0,126.1,128.95,1930227
2021-09-30 00:00:00+05:30,130.3,132.15,126.0,129.35,855276
2021-10-01 00:00:00+05:30,128.9,131.5,127.0,128.15,582746
2021-10-04 00:00:00+05:30,128.35,134.8,128.05,130.6,865463
2021-10-05 00:00:00+05:30,130.4,132.3,128.55,132.0,622721
2021-10-06 00:00:00+05:30,132.05,137.25,130.0,132.25,1417100
2021-10-07 00:00:00+05:30,134.75,137.5,132.95,136.75,1195341
2021-10-08 00:00:00+05:30,139.0,147.45,137.5,138.35,3626808
2021-10-11 00:00:00+05:30,138.85,147.8,136.3,141.6,2072862
2021-10-12 00:00:00+05:30,141.65,146.3,140.5,141.45,1318421
2021-10-13 00:00:00+05:30,142.95,144.0,139.9,140.95,1023079
2021-10-14 00:00:00+05:30,143.0,143.55,140.1,141.85,779062
2021-10-18 00:00:00+05:30,144.0,146.0,141.6,143.8,1095070
2021-10-19 00:00:00+05:30,145.0,149.0,136.15,139.4,1264637
2021-10-20 00:00:00+05:30,140.45,143.7,135.2,141.85,1347488
2021-10-21 00:00:00+05:30,142.5,142.55,136.25,138.1,720188
2021-10-22 00:00:00+05:30,138.8,143.25,136.3,138.2,792708
2021-10-25 00:00:00+05:30,139.0,140.95,131.5,140.15,1355218
2021-10-26 00:00:00+05:30,140.0,144.5,139.05,139.9,721393
2021-10-27 00:00:00+05:30,140.3,143.5,140.25,141.45,505215
2021-10-28 00:00:00+05:30,141.15,143.5,136.6,137.5,643982
2021-10-29 00:00:00+05:30,138.3,140.95,135.75,138.75,498138
2021-11-01 00:00:00+05:30,139.25,141.5,137.15,140.65,352493
2021-11-02 00:00:00+05:30,141.15,144.0,140.0,141.2,553001
2021-11-03 00:00:00+05:30,141.6,142.6,138.95,140.0,308300
2021-11-04 00:00:00+05:30,141.0,142.5,140.2,141.5,107950
2021-11-08 00:00:00+05:30,141.6,152.9,141.25,151.9,3126830
2021-11-09 00:00:00+05:30,152.2,155.0,150.6,152.8,1317916
2021-11-10 00:00:00+05:30,152.4,155.0,150.75,152.6,532252
2021-11-11 00:00:00+05:30,152.35,152.35,145.1,146.8,466316
2021-11-12 00:00:00+05:30,146.5,148.85,141.5,142.5,424589
2021-11-15 00:00:00+05:30,142.5,146.8,140.0,145.35,629207
2021-11-16 00:00:00+05:30,144.5,147.7,142.05,143.25,431727
2021-11-17 00:00:00+05:30,143.9,145.9,143.3,143.95,258465
2021-11-18 00:00:00+05:30,144.8,145.5,141.4,141.7,160818
2021-11-22 00:00:00+05:30,142.4,143.65,132.5,136.4,433526
2021-11-23 00:00:00+05:30,136.0,139.0,133.65,136.1,255659
2021-11-24 00:00:00+05:30,138.0,139.6,137.15,137.8,237584
2021-11-25 00:00:00+05:30,138.0,138.8,136.8,137.55,397104
2021-11-26 00:00:00+05:30,134.95,135.55,127.0,127.3,674100
2021-11-29 00:00:00+05:30,123.5,128.5,116.65,126.05,1335344
2021-11-30 00:00:00+05:30,126.6,130.0,118.55,120.4,749705
2021-12-01 00:00:00+05:30,122.5,124.9,120.0,120.5,455500
2021-12-02 00:00:00+05:30,121.1,125.0,120.65,123.6,300689
2021-12-03 00:00:00+05:30,124.0,127.5,123.5,124.8,525736
2021-12-06 00:00:00+05:30,125.8,125.8,120.3,121.45,345961
2021-12-07 00:00:00+05:30,122.5,129.9,122.5,127.85,898568
2021-12-08 00:00:00+05:30,128.65,128.9,126.8,127.95,645934
2021-12-09 00:00:00+05:30,128.7,129.65,127.0,127.15,248463
2021-12-10 00:00:00+05:30,127.0,131.0,127.0,130.35,280628
2021-12-13 00:00:00+05:30,131.0,134.15,130.8,133.55,493014
2021-12-14 00:00:00+05:30,133.5,135.25,132.1,133.55,471221
2021-12-15 00:00:00+05:30,135.0,144.5,135.0,138.25,3605876
2021-12-16 00:00:00+05:30,138.95,139.2,135.4,137.15,573874
2021-12-17 00:00:00+05:30,137.15,137.6,132.15,133.4,387262
2021-12-20 00:00:00+05:30,131.05,131.85,122.2,125.75,429182
2021-12-21 00:00:00+05:30,126.4,129.9,121.45,122.8,422683
2021-12-22 00:00:00+05:30,123.4,125.95,119.5,120.8,608586
2021-12-23 00:00:00+05:30,124.5,125.9,123.0,124.85,411757
2021-12-24 00:00:00+05:30,126.0,126.0,119.2,120.5,455455
2021-12-27 00:00:00+05:30,118.5,121.5,117.45,120.45,299698
2021-12-28 00:00:00+05:30,121.5,125.15,121.5,123.45,333941
2021-12-29 00:00:00+05:30,125.0,125.9,123.05,124.05,189960
2021-12-30 00:00:00+05:30,124.6,125.15,122.4,123.85,265156
2021-12-31 00:00:00+05:30,124.5,125.45,123.85,124.5,154702
2022-01-03 00:00:00+05:30,124.5,125.65,123.4,125.15,216980
2022-01-04 00:00:00+05:30,126.0,128.3,125.55,127.05,286339
2022-01-05 00:00:00+05:30,126.1,127.7,124.6,127.15,242351
2022-01-06 00:00:00+05:30,125.0,128.0,125.0,127.4,165497
2022-01-07 00:00:00+05:30,126.25,128.5,125.9,127.95,201166
2022-01-10 00:00:00+05:30,126.1,133.5,126.1,132.4,520935
2022-01-11 00:00:00+05:30,133.1,134.5,130.25,131.0,307620
2022-01-12 00:00:00+05:30,132.0,138.0,131.1,135.1,670109
2022-01-13 00:00:00+05:30,136.5,136.6,133.1,134.1,134448
2022-01-14 00:00:00+05:30,133.05,138.95,132.15,134.65,363755
2022-01-17 00:00:00+05:30,133.4,145.6,133.4,143.6,793442
2022-01-18 00:00:00+05:30,145.0,147.6,138.0,139.2,462741
2022-01-19 00:00:00+05:30,138.0,140.75,135.65,139.25,203250
2022-01-20 00:00:00+05:30,138.9,141.45,136.05,137.9,201103
2022-01-21 00:00:00+05:30,136.05,141.0,133.0,139.3,385576
2022-01-24 00:00:00+05:30,140.9,141.0,128.75,131.05,324472
2022-01-25 00:00:00+05:30,130.0,134.5,127.65,133.7,239515
2022-01-27 00:00:00+05:30,132.45,136.0,130.65,135.3,187367
2022-01-28 00:00:00+05:30,136.0,140.05,134.8,136.35,412912
2022-01-31 00:00:00+05:30,140.9,147.5,137.05,140.55,1185653
2022-02-01 00:00:00+05:30,142.05,143.8,139.3,140.15,369847
2022-02-02 00:00:00+05:30,141.5,144.0,138.4,142.4,563448
2022-02-03 00:00:00+05:30,143.3,148.35,140.2,147.4,1044681
2022-02-04 00:00:00+05:30,147.9,147.9,139.3,140.65,1191572
2022-02-07 00:00:00+05:30,141.05,146.65,141.05,142.15,453764
2022-02-08 00:00:00+05:30,142.8,142.85,137.6,138.95,184136
2022-02-09 00:00:00+05:30,139.65,140.65,134.85,137.35,283209
2022-02-10 00:00:00+05:30,137.65,139.7,136.05,136.5,178352
2022-02-11 00:00:00+05:30,136.0,136.6,132.0,134.15,468066
2022-02-14 00:00:00+05:30,133.05,136.0,131.0,132.65,375388
2022-02-15 00:00:00+05:30,133.0,140.5,130.0,138.35,294480
2022-02-16 00:00:00+05:30,140.8,140.8,136.05,137.15,301150
2022-02-17 00:00:00+05:30,137.8,140.6,137.5,139.7,304185
2022-02-18 00:00:00+05:30,140.4,141.0,137.0,139.4,229628
2022-02-21 00:00:00+05:30,138.95,142.35,136.0,137.05,823113
2022-02-22 00:00:00+05:30,134.5,139.0,126.65,130.65,1139094
2022-02-23 00:00:00+05:30,131.9,134.9,131.0,131.45,577061
2022-02-24 00:00:00+05:30,129.8,129.8,125.0,125.3,487278
2022-02-25 00:00:00+05:30,126.8,130.7,126.8,129.65,206476
2022-02-28 00:00:00+05:30,129.0,130.2,126.35,129.8,165519
2022-03-02 00:00:00+05:30,130.45,131.0,127.25,128.65,199021
2022-03-03 00:00:00+05:30,130.0,134.4,130.0,132.85,393475
2022-03-04 00:00:00+05:30,131.55,132.3,126.0,127.05,403744
2022-03-07 00:00:00+05:30,125.0,126.75,123.0,124.75,468025
2022-03-08 00:00:00+05:30,124.95,128.0,122.25,125.35,518785
2022-03-09 00:00:00+05:30,126.0,130.9,124.3,125.75,1411317
2022-03-10 00:00:00+05:30,128.8,129.95,123.2,124.95,1042728
2022-03-11 00:00:00+05:30,125.3,127.3,122.6,123.45,490690
2022-03-14 00:00:00+05:30,124.85,126.4,121.7,124.55,600749
2022-03-15 00:00:00+05:30,124.7,125.3,122.45,123.75,588343
2022-03-16 00:00:00+05:30,124.4,129.2,123.75,128.4,926252
2022-03-17 00:00:00+05:30,130.5,142.0,129.6,139.25,1725696
2022-03-21 00:00:00+05:30,139.9,140.2,134.6,138.9,481519
2022-03-22 00:00:00+05:30,139.0,140.4,136.2,137.5,423271
2022-03-23 00:00:00+05:30,138.45,143.85,137.2,138.35,893529
2022-03-24 00:00:00+05:30,138.3,139.95,136.2,138.7,281707
2022-03-25 00:00:00+05:30,139.4,150.0,138.85,149.0,3716867
2022-03-28 00:00:00+05:30,152.5,161.7,152.5,158.5,6304727
2022-03-29 00:00:00+05:30,159.0,160.4,152.7,158.0,1414791
2022-03-30 00:00:00+05:30,159.5,162.7,152.0,154.05,1159238
2022-03-31 00:00:00+05:30,154.45,157.0,152.1,154.65,602075
2022-04-01 00:00:00+05:30,155.85,161.0,153.85,159.45,1182611
2022-04-04 00:00:00+05:30,159.45,161.95,156.15,157.45,595720
2022-04-05 00:00:00+05:30,160.0,163.95,157.8,160.05,1148105
2022-04-06 00:00:00+05:30,160.25,171.75,160.25,166.55,3772079
2022-04-07 00:00:00+05:30,167.4,168.0,161.05,162.1,552427
2022-04-08 00:00:00+05:30,163.0,168.6,163.0,167.2,716919
2022-04-11 00:00:00+05:30,168.55,169.85,165.2,166.55,378930
2022-04-12 00:00:00+05:30,165.5,165.5,158.5,161.0,612917
2022-04-13 00:00:00+05:30,162.5,167.45,161.6,165.05,898508
2022-04-18 00:00:00+05:30,164.9,164.9,160.0,161.1,312235
2022-04-19 00:00:00+05:30,162.4,164.9,155.5,159.8,414912
2022-04-20 00:00:00+05:30,159.0,161.75,157.0,160.15,349039
2022-04-21 00:00:00+05:30,159.6,164.0,159.6,161.1,230335
2022-04-22 00:00:00+05:30,159.95,162.85,157.0,158.4,289268
2022-04-25 00:00:00+05:30,156.0,157.65,149.55,150.9,418476
2022-04-26 00:00:00+05:30,152.1,161.7,151.5,157.5,1118211
2022-04-27 00:00:00+05:30,156.0,158.7,154.85,155.95,305739
2022-04-28 00:00:00+05:30,156.75,163.8,156.7,161.6,865872
2022-04-29 00:00:00+05:30,162.7,165.7,158.9,160.4,655005
2022-05-02 00:00:00+05:30,159.65,167.95,158.0,165.7,1809568
2022-05-04 00:00:00+05:30,166.0,169.5,155.5,159.05,983085
2022-05-05 00:00:00+05:30,161.2,165.5,148.5,150.0,1519761
2022-05-06 00:00:00+05:30,148.0,148.45,144.3,145.7,563356
2022-05-09 00:00:00+05:30,144.0,144.2,141.0,142.5,306813
2022-05-10 00:00:00+05:30,141.75,146.05,135.5,138.25,430025
2022-05-11 00:00:00+05:30,138.95,141.5,133.0,133.6,668346
2022-05-12 00:00:00+05:30,131.0,138.0,129.0,133.95,474490
2022-05-13 00:00:00+05:30,137.8,137.8,131.0,133.95,670265
2022-05-16 00:00:00+05:30,135.9,138.0,132.75,137.25,193287
2022-05-17 00:00:00+05:30,137.75,139.35,136.65,138.15,211639
2022-05-18 00:00:00+05:30,139.0,141.35,136.0,138.0,250332
2022-05-19 00:00:00+05:30,135.0,141.25,133.2,138.4,291157
2022-05-20 00:00:00+05:30,138.8,139.95,135.35,138.7,270918
2022-05-23 00:00:00+05:30,138.7,140.8,133.7,139.4,250966
2022-05-24 00:00:00+05:30,138.75,140.4,134.4,135.1,285615
2022-05-25 00:00:00+05:30,135.05,136.2,126.45,126.95,395720
2022-05-26 00:00:00+05:30,127.6,133.0,123.7,130.5,280566
2022-05-27 00:00:00+05:30,133.1,133.95,125.0,127.65,636963
2022-05-30 00:00:00+05:30,128.3,135.35,128.3,134.7,521157
2022-05-31 00:00:00+05:30,135.25,136.45,133.65,135.15,270966
2022-06-01 00:00:00+05:30,135.5,138.9,135.5,137.3,291387
2022-06-02 00:00:00+05:30,138.0,139.9,136.35,138.8,168933
2022-06-03 00:00:00+05:30,140.0,144.95,139.25,140.85,694918
2022-06-06 00:00:00+05:30,140.0,140.05,134.1,135.25,242929
2022-06-07 00:00:00+05:30,134.95,136.2,133.1,134.4,132522
2022-06-08 00:00:00+05:30,135.3,136.95,134.15,135.6,101021
2022-06-09 00:00:00+05:30,135.0,136.35,133.1,134.5,168303
2022-06-10 00:00:00+05:30,134.0,136.35,132.55,135.2,126703
2022-06-13 00:00:00+05:30,132.5,133.05,128.0,132.05,193723
2022-06-14 00:00:00+05:30,129.05,132.85,129.05,130.4,122008
2022-06-15 00:00:00+05:30,130.4,132.5,130.2,131.85,85554
2022-06-16 00:00:00+05:30,132.5,133.15,127.0,129.65,209727
2022-06-17 00:00:00+05:30,128.05,128.55,123.5,125.1,452056
2022-06-20 00:00:00+05:30,125.1,126.85,120.25,122.3,203098
2022-06-21 00:00:00+05:30,123.5,127.6,122.55,126.15,142935
2022-06-22 00:00:00+05:30,123.55,128.3,123.55,126.65,156581
2022-06-23 00:00:00+05:30,127.0,127.85,124.0,125.9,149141
2022-06-24 00:00:00+05:30,125.9,129.9,125.05,125.45,244282
2022-06-27 00:00:00+05:30,127.05,128.35,124.75,125.15,242971
2022-06-28 00:00:00+05:30,125.2,126.8,124.6,125.15,162850
2022-06-29 00:00:00+05:30,125.0,128.5,123.5,126.05,298556
2022-06-30 00:00:00+05:30,126.0,126.65,124.6,124.9,123971
2022-07-01 00:00:00+05:30,124.4,127.95,124.2,126.7,162116
2022-07-04 00:00:00+05:30,127.35,128.35,125.85,126.6,185095
2022-07-05 00:00:00+05:30,127.45,129.6,126.6,127.8,238663
2022-07-06 00:00:00+05:30,128.4,128.75,126.65,127.5,142957
2022-07-07 00:00:00+05:30,128.3,131.95,128.2,130.4,510324
2022-07-08 00:00:00+05:30,131.0,135.7,130.1,133.75,527089
2022-07-11 00:00:00+05:30,135.9,136.7,133.75,134.25,293886
2022-07-12 00:00:00+05:30,134.0,135.5,132.65,133.3,110993
2022-07-13 00:00:00+05:30,134.0,135.9,129.6,130.65,317100
2022-07-14 00:00:00+05:30,130.95,131.65,128.35,130.05,166687
2022-07-15 00:00:00+05:30,130.95,132.75,129.6,130.5,226465
2022-07-18 00:00:00+05:30,132.0,135.0,130.1,132.45,366845
2022-07-19 00:00:00+05:30,132.5,132.9,130.05,130.3,361450
2022-07-20 00:00:00+05:30,131.7,135.25,131.0,131.6,492186
2022-07-21 00:00:00+05:30,131.7,138.7,131.15,138.2,973918
2022-07-22 00:00:00+05:30,138.2,140.75,134.85,140.25,483395
2022-07-25 00:00:00+05:30,140.2,144.5,138.55,144.1,698807
2022-07-26 00:00:00+05:30,145.0,158.8,144.95,155.0,7370355
2022-07-27 00:00:00+05:30,155.0,155.0,148.55,149.8,794883
2022-07-28 00:00:00+05:30,155.0,156.5,151.15,152.6,1437463
2022-07-29 00:00:00+05:30,153.55,154.55,147.7,151.15,458013
2022-08-01 00:00:00+05:30,151.7,153.15,148.2,149.4,337696
2022-08-02 00:00:00+05:30,148.05,154.5,146.5,153.9,562070
2022-08-03 00:00:00+05:30,152.45,154.35,148.9,153.35,412148
2022-08-04 00:00:00+05:30,154.1,155.5,151.7,153.7,390905
2022-08-05 00:00:00+05:30,154.0,159.0,153.45,156.05,1311089
2022-08-08 00:00:00+05:30,156.1,158.7,151.65,153.05,478155
2022-08-10 00:00:00+05:30,153.85,157.0,153.55,155.4,275234
2022-08-11 00:00:00+05:30,157.65,159.0,153.0,153.6,279031
2022-08-12 00:00:00+05:30,154.85,154.85,150.75,152.05,175618
2022-08-16 00:00:00+05:30,150.55,158.5,150.55,156.2,389684
2022-08-17 00:00:00+05:30,157.0,157.9,153.0,157.35,381179
2022-08-18 00:00:00+05:30,158.0,162.95,155.5,156.9,622228
2022-08-19 00:00:00+05:30,156.15,157.35,152.2,154.2,271536
2022-08-22 00:00:00+05:30,152.9,155.5,151.0,155.05,255037
2022-08-23 00:00:00+05:30,152.6,155.6,152.6,155.0,177046
2022-08-24 00:00:00+05:30,155.75,161.0,155.0,159.75,364066
2022-08-25 00:00:00+05:30,160.15,162.5,155.2,160.0,1011644
2022-08-26 00:00:00+05:30,160.8,161.95,155.95,161.0,986813
2022-08-29 00:00:00+05:30,156.5,163.65,156.1,156.5,537254
2022-08-30 00:00:00+05:30,157.35,161.5,157.2,160.3,754026
2022-09-01 00:00:00+05:30,159.1,162.5,158.15,159.6,301393
2022-09-02 00:00:00+05:30,160.4,191.5,160.0,187.95,10581120
2022-09-05 00:00:00+05:30,191.8,191.8,181.3,184.15,3621093
2022-09-06 00:00:00+05:30,185.3,187.0,177.75,180.2,1164601
2022-09-07 00:00:00+05:30,179.5,205.5,177.9,201.1,8599195
2022-09-08 00:00:00+05:30,199.0,199.0,193.1,195.05,1153910
2022-09-09 00:00:00+05:30,196.9,196.95,187.2,188.7,477359
2022-09-12 00:00:00+05:30,189.5,193.95,185.7,187.0,472458
2022-09-13 00:00:00+05:30,187.95,189.0,184.0,184.6,341029
2022-09-14 00:00:00+05:30,181.35,188.0,181.05,183.65,384046
2022-09-15 00:00:00+05:30,185.8,185.8,180.5,181.4,418024
2022-09-16 00:00:00+05:30,183.0,196.1,180.6,184.4,2276341
2022-09-19 00:00:00+05:30,184.4,188.6,181.5,183.45,909043
2022-09-20 00:00:00+05:30,184.9,195.0,184.85,188.05,1499957
2022-09-21 00:00:00+05:30,189.9,198.95,187.55,196.2,2767661
2022-09-22 00:00:00+05:30,196.1,198.0,190.55,194.95,1322757
2022-09-23 00:00:00+05:30,195.0,200.8,192.6,198.85,1319986
2022-09-26 00:00:00+05:30,197.8,200.0,189.0,194.8,1233525
2022-09-27 00:00:00+05:30,192.9,197.0,185.2,186.9,894801
2022-09-28 00:00:00+05:30,184.9,193.2,184.0,188.75,1053225
2022-09-29 00:00:00+05:30,189.8,193.0,183.1,184.85,511405
2022-09-30 00:00:00+05:30,186.0,190.0,182.05,187.3,599608
2022-10-03 00:00:00+05:30,187.0,197.35,185.1,195.95,2054727
2022-10-04 00:00:00+05:30,198.0,201.45,192.2,193.5,853849
2022-10-06 00:00:00+05:30,195.6,199.0,189.2,190.25,513832
2022-10-07 00:00:00+05:30,191.7,192.0,187.2,191.05,474059
2022-10-10 00:00:00+05:30,189.3,196.8,186.2,187.3,910346
2022-10-11 00:00:00+05:30,189.2,190.65,184.3,185.3,371351
2022-10-12 00:00:00+05:30,187.65,187.65,181.05,182.9,238070
2022-10-13 00:00:00+05:30,183.65,186.9,182.3,184.55,508053
2022-10-14 00:00:00+05:30,187.0,187.95,181.05,182.25,198931
2022-10-17 00:00:00+05:30,183.0,185.45,179.65,184.5,220940
2022-10-18 00:00:00+05:30,186.0,188.7,184.55,187.8,648108
2022-10-19 00:00:00+05:30,189.6,192.0,185.05,185.8,931302
2022-10-20 00:00:00+05:30,185.8,187.7,183.3,183.85,212865
2022-10-21 00:00:00+05:30,184.75,191.0,184.2,190.2,587146
2022-10-24 00:00:00+05:30,192.0,194.8,190.3,192.4,196329
2022-10-25 00:00:00+05:30,192.0,195.9,189.35,190.25,292602
2022-10-27 00:00:00+05:30,191.85,191.85,187.05,189.35,257020
2022-10-28 00:00:00+05:30,189.35,190.35,186.0,189.0,239098
2022-10-31 00:00:00+05:30,189.95,197.5,188.4,193.85,870520
2022-11-01 00:00:00+05:30,194.85,196.6,190.05,191.55,359134
2022-11-02 00:00:00+05:30,191.5,197.0,190.65,192.4,1126583
2022-11-03 00:00:00+05:30,192.4,194.5,187.55,188.45,784892
2022-11-04 00:00:00+05:30,188.9,191.55,186.05,186.8,387475
2022-11-07 00:00:00+05:30,187.05,188.5,184.1,185.4,322322
2022-11-09 00:00:00+05:30,187.0,189.4,185.1,186.15,351829
2022-11-10 00:00:00+05:30,185.65,186.5,181.0,182.5,239890
2022-11-11 00:00:00+05:30,183.35,186.35,181.6,184.65,318141
2022-11-14 00:00:00+05:30,184.65,184.65,175.5,178.05,883275
2022-11-15 00:00:00+05:30,178.85,178.85,173.2,174.05,383401
2022-11-16 00:00:00+05:30,174.25,179.15,173.35,173.75,351842
2022-11-17 00:00:00+05:30,173.8,174.55,168.0,169.0,494295
2022-11-18 00:00:00+05:30,169.0,171.0,164.85,165.95,431964
2022-11-21 00:00:00+05:30,165.95,176.95,165.0,172.4,970633
2022-11-22 00:00:00+05:30,173.3,173.3,170.8,171.35,150614
2022-11-23 00:00:00+05:30,172.05,172.8,170.0,171.85,149091
2022-11-24 00:00:00+05:30,172.6,173.15,170.9,171.8,149015
2022-11-25 00:00:00+05:30,172.05,178.0,171.1,177.0,527408
2022-11-28 00:00:00+05:30,176.8,177.85,173.5,175.15,532181
2022-11-29 00:00:00+05:30,174.4,175.8,173.15,173.95,113658
2022-11-30 00:00:00+05:30,174.0,180.65,173.85,178.9,1127989
2022-12-01 00:00:00+05:30,179.35,181.95,175.1,175.95,714621
2022-12-02 00:00:00+05:30,175.0,177.0,174.45,175.95,376666
2022-12-05 00:00:00+05:30,175.95,177.95,175.7,177.3,292874
2022-12-06 00:00:00+05:30,177.8,180.65,176.65,179.85,325410
2022-12-07 00:00:00+05:30,179.5,182.8,178.35,182.0,564096
2022-12-08 00:00:00+05:30,182.95,185.5,181.7,184.65,203538
2022-12-09 00:00:00+05:30,186.45,186.6,182.0,183.35,369976
2022-12-12 00:00:00+05:30,182.4,184.25,181.2,183.45,303967
2022-12-13 00:00:00+05:30,184.0,187.45,182.6,183.35,291039
2022-12-14 00:00:00+05:30,184.2,184.8,180.0,181.15,346146
2022-12-15 00:00:00+05:30,182.0,183.95,180.25,181.5,225073
2022-12-16 00:00:00+05:30,181.0,183.35,178.5,179.35,315317
2022-12-19 00:00:00+05:30,180.7,180.7,174.0,175.6,439263
2022-12-20 00:00:00+05:30,176.0,179.85,173.0,178.05,624488
2022-12-21 00:00:00+05:30,179.0,179.5,167.8,169.65,548870
2022-12-22 00:00:00+05:30,170.3,171.5,162.5,165.55,422849
2022-12-23 00:00:00+05:30,164.0,164.05,156.2,158.5,643069
2022-12-26 00:00:00+05:30,155.0,164.85,152.0,163.55,1098144
2022-12-27 00:00:00+05:30,166.0,170.0,159.25,162.1,1424390
2022-12-28 00:00:00+05:30,163.0,176.2,160.75,173.1,1365494
2022-12-29 00:00:00+05:30,170.5,171.75,167.4,168.45,309129
2022-12-30 00:00:00+05:30,169.0,180.1,169.0,177.3,975046
2023-01-02 00:00:00+05:30,175.25,178.05,173.65,176.75,264714
2023-01-03 00:00:00+05:30,177.5,180.9,175.75,179.0,314279
2023-01-04 00:00:00+05:30,179.65,181.6,175.35,176.15,254754
2023-01-05 00:00:00+05:30,178.4,178.4,173.9,175.75,243447
2023-01-06 00:00:00+05:30,175.55,177.9,173.25,176.95,208634
2023-01-09 00:00:00+05:30,178.0,181.85,176.3,177.3,294327
2023-01-10 00:00:00+05:30,177.3,184.0,176.05,177.9,544464
2023-01-11 00:00:00+05:30,178.3,178.8,174.2,175.25,199498
2023-01-12 00:00:00+05:30,175.5,177.15,172.75,174.45,104350
2023-01-13 00:00:00+05:30,174.45,176.2,173.4,174.85,151771
2023-01-16 00:00:00+05:30,173.5,176.5,173.5,175.45,170873
2023-01-17 00:00:00+05:30,175.0,176.45,171.55,172.25,180819
2023-01-18 00:00:00+05:30,172.4,173.05,170.0,170.25,113746
2023-01-19 00:00:00+05:30,170.0,170.0,167.55,168.75,179085
2023-01-20 00:00:00+05:30,169.65,170.5,164.95,168.1,294868
2023-01-23 00:00:00+05:30,168.0,169.05,165.2,165.9,169201
2023-01-24 00:00:00+05:30,165.9,166.85,163.55,164.1,165306
2023-01-25 00:00:00+05:30,163.35,165.85,163.35,164.65,152963
2023-01-27 00:00:00+05:30,164.75,165.65,159.35,160.65,201470
2023-01-30 00:00:00+05:30,160.0,164.25,155.6,157.05,249590
2023-01-31 00:00:00+05:30,157.5,164.25,157.1,163.0,201943
2023-02-01 00:00:00+05:30,165.0,177.85,165.0,175.45,2394079
2023-02-02 00:00:00+05:30,172.15,176.55,168.7,170.4,350057
2023-02-03 00:00:00+05:30,170.05,171.4,166.0,166.95,311250
2023-02-06 00:00:00+05:30,168.8,174.05,166.0,166.7,872217
2023-02-07 00:00:00+05:30,168.4,171.3,166.25,166.85,560315
2023-02-08 00:00:00+05:30,168.4,170.7,164.1,166.85,560892
2023-02-09 00:00:00+05:30,167.85,173.45,167.45,169.65,868247
2023-02-10 00:00:00+05:30,169.7,174.6,169.65,171.85,584935
2023-02-13 00:00:00+05:30,171.8,173.7,166.7,168.45,893821
2023-02-14 00:00:00+05:30,168.0,168.5,163.0,163.6,379992
2023-02-15 00:00:00+05:30,162.5,166.0,162.5,164.6,198124
2023-02-16 00:00:00+05:30,165.1,168.85,165.1,167.35,199981
2023-02-17 00:00:00+05:30,166.1,168.75,162.6,162.95,288598
2023-02-20 00:00:00+05:30,164.25,164.9,161.0,161.75,192887
2023-02-21 00:00:00+05:30,161.4,163.9,161.0,161.75,152479
2023-02-22 00:00:00+05:30,160.1,162.4,156.15,156.6,328280
2023-02-23 00:00:00+05:30,157.0,165.75,155.5,164.6,751358
2023-02-24 00:00:00+05:30,164.0,166.95,160.15,162.5,462092
2023-02-27 00:00:00+05:30,161.2,162.1,158.15,158.85,230388
2023-02-28 00:00:00+05:30,159.15,162.0,155.7,157.25,598459
2023-03-01 00:00:00+05:30,158.3,164.75,157.45,159.8,668737
2023-03-02 00:00:00+05:30,160.5,161.75,157.8,158.2,215774
2023-03-03 00:00:00+05:30,159.1,162.2,158.8,160.55,317538
2023-03-06 00:00:00+05:30,161.05,163.95,160.15,161.15,262491
2023-03-08 00:00:00+05:30,161.5,174.4,160.0,170.2,2053341
2023-03-09 00:00:00+05:30,169.4,170.9,166.5,167.05,246611
2023-03-10 00:00:00+05:30,166.25,167.0,163.95,165.95,195187
2023-03-13 00:00:00+05:30,166.4,167.0,160.1,162.05,243598
2023-03-14 00:00:00+05:30,161.0,169.9,160.7,168.4,805249
2023-03-15 00:00:00+05:30,170.0,170.2,165.0,165.8,276641
2023-03-16 00:00:00+05:30,164.05,165.6,162.1,163.9,156352
2023-03-17 00:00:00+05:30,164.95,166.45,162.5,162.8,158049
2023-03-20 00:00:00+05:30,172.0,172.0,160.25,161.45,255143
2023-03-21 00:00:00+05:30,163.05,163.05,159.65,160.5,192919
2023-03-22 00:00:00+05:30,161.0,162.65,159.0,159.6,229520
2023-03-23 00:00:00+05:30,159.15,161.1,157.5,158.0,134935
2023-03-24 00:00:00+05:30,158.8,159.45,155.5,155.85,124712
2023-03-27 00:00:00+05:30,156.0,156.7,150.35,152.2,298467
2023-03-28 00:00:00+05:30,152.65,159.0,150.8,156.5,286619
2023-03-29 00:00:00+05:30,154.65,166.45,154.65,164.65,561649
2023-03-31 00:00:00+05:30,165.05,167.25,164.3,165.5,186812
2023-04-03 00:00:00+05:30,166.5,168.0,163.3,163.95,291786
2023-04-05 00:00:00+05:30,163.7,168.5,163.65,167.35,477208
2023-04-06 00:00:00+05:30,167.95,168.2,163.45,163.85,342188
2023-04-10 00:00:00+05:30,163.85,168.5,163.8,165.95,479458
2023-04-11 00:00:00+05:30,166.8,168.8,165.35,167.35,251273
2023-04-12 00:00:00+05:30,169.3,174.8,167.55,170.25,1491348
2023-04-13 00:00:00+05:30,170.65,173.8,170.2,171.0,318415
2023-04-17 00:00:00+05:30,171.0,174.9,169.55,173.0,443559
2023-04-18 00:00:00+05:30,173.45,177.0,171.1,172.75,368904
2023-04-19 00:00:00+05:30,172.05,177.5,168.5,169.55,749807
2023-04-20 00:00:00+05:30,170.0,173.0,170.0,171.45,500083
2023-04-21 00:00:00+05:30,172.1,178.0,170.05,170.75,1205790
2023-04-24 00:00:00+05:30,170.9,173.5,168.8,170.3,418042
2023-04-25 00:00:00+05:30,170.2,172.65,168.65,169.85,480089
2023-04-26 00:00:00+05:30,170.2,175.4,170.2,172.2,599352
2023-04-27 00:00:00+05:30,172.8,173.4,171.0,171.5,230351
2023-04-28 00:00:00+05:30,173.05,192.9,173.05,188.75,10517894
2023-05-02 00:00:00+05:30,187.0,191.9,186.55,188.6,947046
2023-05-03 00:00:00+05:30,189.0,195.8,187.0,190.5,1333489
2023-05-04 00:00:00+05:30,190.0,193.45,186.2,187.3,529477
2023-05-05 00:00:00+05:30,187.7,192.3,184.15,185.45,596679
2023-05-08 00:00:00+05:30,184.05,191.65,184.05,189.1,556806
2023-05-09 00:00:00+05:30,189.6,192.1,187.0,188.5,786938
2023-05-10 00:00:00+05:30,189.4,190.8,186.95,188.9,374561
2023-05-11 00:00:00+05:30,190.0,194.7,188.5,190.45,697720
2023-05-12 00:00:00+05:30,189.95,191.7,188.0,189.4,343537
2023-05-15 00:00:00+05:30,189.0,192.85,189.0,191.6,386992
2023-05-16 00:00:00+05:30,191.95,197.2,191.9,194.7,1109087
2023-05-17 00:00:00+05:30,194.75,198.25,190.15,193.25,528679
2023-05-18 00:00:00+05:30,195.3,218.5,195.0,207.65,13709550
2023-05-19 00:00:00+05:30,207.65,210.3,203.0,205.25,1768993
2023-05-22 00:00:00+05:30,207.5,207.5,200.3,201.25,723296
2023-05-23 00:00:00+05:30,205.0,209.7,199.05,200.75,2109286
2023-05-24 00:00:00+05:30,201.0,205.9,199.0,199.95,892059
2023-05-25 00:00:00+05:30,199.95,215.75,199.4,204.0,3971495
2023-05-26 00:00:00+05:30,204.5,207.85,204.05,204.95,736733
2023-05-29 00:00:00+05:30,206.8,207.85,203.55,205.3,495428
2023-05-30 00:00:00+05:30,205.3,207.9,203.0,207.0,558458
2023-05-31 00:00:00+05:30,206.95,210.95,204.05,208.8,1149142
2023-06-01 00:00:00+05:30,208.7,217.8,207.5,216.1,2070858
2023-06-02 00:00:00+05:30,218.0,218.8,212.65,214.45,598790
2023-06-05 00:00:00+05:30,215.9,219.4,214.45,216.15,1184648
2023-06-06 00:00:00+05:30,216.9,220.4,214.1,215.05,906935
2023-06-07 00:00:00+05:30,215.75,219.6,211.25,213.7,610175
2023-06-08 00:00:00+05:30,214.8,216.9,208.0,208.9,686017
2023-06-09 00:00:00+05:30,210.0,215.9,206.0,207.55,658167
2023-06-12 00:00:00+05:30,208.75,211.35,206.25,210.15,512213
2023-06-13 00:00:00+05:30,210.95,214.8,210.4,213.85,492165
2023-06-14 00:00:00+05:30,214.0,214.75,211.0,212.45,318623
2023-06-15 00:00:00+05:30,212.55,214.95,211.0,212.65,347346
2023-06-16 00:00:00+05:30,212.5,214.35,211.1,212.9,330210
2023-06-19 00:00:00+05:30,213.7,218.5,211.05,213.1,504640
2023-06-20 00:00:00+05:30,213.0,213.9,209.75,210.75,250379
2023-06-21 00:00:00+05:30,213.0,218.9,211.65,212.9,724223
2023-06-22 00:00:00+05:30,213.4,214.0,208.15,209.8,369937
2023-06-23 00:00:00+05:30,208.0,211.7,206.55,207.4,334616
2023-06-26 00:00:00+05:30,208.0,211.6,207.1,210.9,276801
2023-06-27 00:00:00+05:30,211.0,213.05,207.1,207.45,383236
2023-06-28 00:00:00+05:30,209.0,211.0,207.05,208.0,354345
2023-06-30 00:00:00+05:30,208.15,214.55,208.15,211.5,520560
2023-07-03 00:00:00+05:30,212.0,216.2,206.55,209.1,640552
2023-07-04 00:00:00+05:30,210.3,211.55,208.0,210.0,471608
2023-07-05 00:00:00+05:30,209.4,213.75,207.95,208.5,656495
2023-07-06 00:00:00+05:30,207.1,210.0,206.55,207.0,362188
2023-07-07 00:00:00+05:30,207.5,209.0,203.3,207.9,408978
2023-07-10 00:00:00+05:30,207.5,209.45,204.3,205.05,462404
2023-07-11 00:00:00+05:30,205.75,213.3,205.75,211.6,1612704
2023-07-12 00:00:00+05:30,212.4,222.0,212.3,214.25,4516638
2023-07-13 00:00:00+05:30,215.95,216.85,208.6,210.85,709002
2023-07-14 00:00:00+05:30,210.9,215.95,209.55,212.1,556322
2023-07-17 00:00:00+05:30,214.4,222.0,213.6,216.3,1582747
2023-07-18 00:00:00+05:30,216.85,217.9,210.9,214.4,642652
2023-07-19 00:00:00+05:30,214.3,220.0,213.35,219.5,610206
2023-07-20 00:00:00+05:30,220.0,222.0,217.0,219.55,1090141
2023-07-21 00:00:00+05:30,219.25,222.7,217.0,218.4,1032438
2023-07-24 00:00:00+05:30,219.25,219.5,215.0,218.8,565174
2023-07-25 00:00:00+05:30,218.75,220.9,214.4,214.8,511113
2023-07-26 00:00:00+05:30,215.9,216.5,212.8,213.5,347964
2023-07-27 00:00:00+05:30,215.4,216.75,210.1,212.2,367625
2023-07-28 00:00:00+05:30,212.2,215.0,210.05,214.9,491355
2023-07-31 00:00:00+05:30,215.9,217.0,210.25,212.25,745350
2023-08-01 00:00:00+05:30,213.2,214.15,209.05,210.0,509483
2023-08-02 00:00:00+05:30,209.6,211.15,205.5,208.5,455041
2023-08-03 00:00:00+05:30,208.35,211.25,206.8,210.45,411147
2023-08-04 00:00:00+05:30,211.35,213.2,208.35,208.6,483542
2023-08-07 00:00:00+05:30,210.5,215.55,209.25,209.75,728497
2023-08-08 00:00:00+05:30,209.9,213.9,207.5,209.0,525574
2023-08-09 00:00:00+05:30,213.3,214.7,210.7,213.1,2025147
2023-08-10 00:00:00+05:30,213.9,214.4,208.05,211.0,714251
2023-08-11 00:00:00+05:30,211.9,212.25,207.1,210.1,490433
2023-08-14 00:00:00+05:30,209.1,210.35,205.4,206.4,509224
2023-08-16 00:00:00+05:30,205.6,211.9,205.1,211.4,355675
2023-08-17 00:00:00+05:30,212.25,215.35,210.25,215.3,1132227
2023-08-18 00:00:00+05:30,215.8,225.9,214.0,223.4,4287113
2023-08-21 00:00:00+05:30,228.85,238.75,227.6,237.7,7541172
2023-08-22 00:00:00+05:30,239.0,241.5,232.5,237.3,3228968
2023-08-23 00:00:00+05:30,237.7,242.9,237.7,239.1,2173683
2023-08-24 00:00:00+05:30,241.45,241.9,235.35,238.3,828211
2023-08-25 00:00:00+05:30,240.0,243.3,233.5,235.85,1884305
2023-08-28 00:00:00+05:30,237.2,237.5,230.65,231.9,802927
2023-08-29 00:00:00+05:30,234.7,234.9,230.4,232.4,627469
2023-08-30 00:00:00+05:30,232.0,244.6,228.75,242.3,3324773
2023-08-31 00:00:00+05:30,244.5,251.9,242.45,249.5,2468757
2023-09-01 00:00:00+05:30,253.0,274.95,248.85,272.25,9007478
2023-09-04 00:00:00+05:30,264.0,264.0,250.25,251.9,3211839
2023-09-05 00:00:00+05:30,252.75,255.45,245.95,249.65,1513730
2023-09-06 00:00:00+05:30,250.35,258.6,249.8,255.6,1666133
2023-09-07 00:00:00+05:30,255.85,257.25,250.0,253.9,844581
2023-09-08 00:00:00+05:30,256.4,256.4,249.65,251.3,693085
2023-09-11 00:00:00+05:30,252.35,255.5,250.1,253.0,689849
2023-09-12 00:00:00+05:30,253.6,254.15,233.3,238.65,1441071
2023-09-13 00:00:00+05:30,237.3,243.8,236.0,240.05,579265
2023-09-14 00:00:00+05:30,241.35,247.5,240.8,244.65,492285
2023-09-15 00:00:00+05:30,245.5,247.05,233.35,236.65,2468076
2023-09-18 00:00:00+05:30,238.3,240.0,232.0,233.45,665325
2023-09-20 00:00:00+05:30,231.8,233.45,226.6,228.6,979604
2023-09-21 00:00:00+05:30,229.45,242.0,227.25,228.65,2853400
2023-09-22 00:00:00+05:30,228.75,233.7,225.25,233.35,1811162
2023-09-25 00:00:00+05:30,234.7,235.5,226.75,227.6,1083066
2023-09-26 00:00:00+05:30,228.0,228.8,224.0,225.1,518686
2023-09-27 00:00:00+05:30,225.9,226.75,221.65,225.55,626882
2023-09-28 00:00:00+05:30,225.95,228.1,221.4,223.6,730467
2023-09-29 00:00:00+05:30,223.7,224.8,220.75,223.05,711951
2023-10-03 00:00:00+05:30,226.9,234.9,224.9,232.2,2365045
2023-10-04 00:00:00+05:30,234.5,238.95,230.75,232.6,2329761
2023-10-05 00:00:00+05:30,234.25,236.95,230.2,233.2,837681
2023-10-06 00:00:00+05:30,234.4,242.5,233.05,236.55,1996898
2023-10-09 00:00:00+05:30,236.15,236.15,226.35,228.65,764908
2023-10-10 00:00:00+05:30,229.45,234.65,229.45,232.65,617236
2023-10-11 00:00:00+05:30,233.55,235.05,229.1,231.15,610134
2023-10-12 00:00:00+05:30,232.2,235.0,230.15,232.5,460928
2023-10-13 00:00:00+05:30,231.5,233.9,230.0,230.2,366590
2023-10-16 00:00:00+05:30,230.9,231.5,228.0,229.0,450698
2023-10-17 00:00:00+05:30,229.45,232.5,228.05,229.05,399042
2023-10-18 00:00:00+05:30,230.45,230.45,225.3,229.1,615240
2023-10-19 00:00:00+05:30,228.55,228.55,224.15,225.55,377736
2023-10-20 00:00:00+05:30,225.55,226.7,222.1,223.2,393588
2023-10-23 00:00:00+05:30,223.1,223.8,213.65,216.85,788718
2023-10-25 00:00:00+05:30,216.85,218.15,209.55,213.8,572118
2023-10-26 00:00:00+05:30,211.95,215.55,205.55,215.0,733831
2023-10-27 00:00:00+05:30,213.8,216.0,209.5,211.35,641663
2023-10-30 00:00:00+05:30,211.35,229.8,210.25,227.9,3128929
2023-10-31 00:00:00+05:30,227.05,231.45,224.05,224.95,784524
2023-11-01 00:00:00+05:30,224.2,227.45,222.4,225.95,278553
2023-11-02 00:00:00+05:30,228.0,228.7,222.35,224.0,278498
2023-11-03 00:00:00+05:30,225.0,226.35,221.3,222.6,369213
2023-11-06 00:00:00+05:30,229.0,234.9,224.0,233.55,2546911
2023-11-07 00:00:00+05:30,235.15,240.4,232.0,238.05,2290815
2023-11-08 00:00:00+05:30,240.0,243.0,238.1,241.25,1498382
2023-11-09 00:00:00+05:30,241.3,241.9,232.3,233.1,538561
2023-11-10 00:00:00+05:30,232.2,235.3,229.1,230.85,552814
2023-11-12 00:00:00+05:30,233.8,235.0,233.05,234.9,118103
2023-11-13 00:00:00+05:30,235.7,235.7,229.15,231.35,451854
2023-11-15 00:00:00+05:30,234.7,236.85,232.4,234.85,492641
2023-11-16 00:00:00+05:30,234.85,235.35,230.85,232.05,382289
2023-11-17 00:00:00+05:30,233.0,234.15,229.55,232.5,878363
2023-11-20 00:00:00+05:30,242.0,248.95,240.0,243.3,4536324
2023-11-21 00:00:00+05:30,246.0,246.3,239.05,240.05,563030
2023-11-22 00:00:00+05:30,239.05,240.0,233.25,236.95,865671
2023-11-23 00:00:00+05:30,237.85,241.5,235.95,238.2,399225
2023-11-24 00:00:00+05:30,239.5,241.0,233.6,234.6,412207
2023-11-28 00:00:00+05:30,237.0,241.6,231.9,239.0,1141041
2023-11-29 00:00:00+05:30,240.0,240.6,234.0,235.45,627077
2023-11-30 00:00:00+05:30,237.0,239.0,233.9,237.9,660897
2023-12-01 00:00:00+05:30,236.45,238.2,234.55,236.2,854274
2023-12-04 00:00:00+05:30,239.6,243.0,237.1,238.85,1089696
2023-12-05 00:00:00+05:30,239.9,244.55,237.8,240.2,855793
2023-12-06 00:00:00+05:30,240.95,241.55,238.3,239.15,737513
2023-12-07 00:00:00+05:30,238.65,251.0,238.0,249.4,2674962
2023-12-08 00:00:00+05:30,250.1,255.5,243.0,247.35,1646185
2023-12-11 00:00:00+05:30,250.95,251.7,246.3,248.65,2632189
2023-12-12 00:00:00+05:30,251.0,251.05,243.0,244.75,699213
2023-12-13 00:00:00+05:30,245.9,246.45,239.0,241.55,709273
2023-12-14 00:00:00+05:30,244.7,245.2,241.05,242.6,755904
2023-12-15 00:00:00+05:30,244.0,246.45,242.1,243.75,1097731
2023-12-18 00:00:00+05:30,243.05,250.0,242.65,245.15,1489340
2023-12-19 00:00:00+05:30,245.9,248.6,242.05,243.25,599675
2023-12-20 00:00:00+05:30,244.25,245.45,227.15,228.5,1639721
2023-12-21 00:00:00+05:30,225.65,235.25,222.45,234.7,1206560
2023-12-22 00:00:00+05:30,234.7,238.7,233.15,237.55,549097
2023-12-26 00:00:00+05:30,235.65,242.15,235.65,239.5,709649
2023-12-27 00:00:00+05:30,242.1,243.7,240.25,241.95,534865
2023-12-28 00:00:00+05:30,242.0,244.5,242.0,243.2,1089030
2023-12-29 00:00:00+05:30,243.2,250.5,243.0,249.5,1250619
2024-01-01 00:00:00+05:30,253.0,254.0,248.5,250.8,1025306
2024-01-02 00:00:00+05:30,250.85,268.65,249.0,265.55,6862998
2024-01-03 00:00:00+05:30,266.4,270.0,262.85,269.05,1766703
2024-01-04 00:00:00+05:30,270.5,288.0,269.4,280.5,2639629
2024-01-05 00:00:00+05:30,281.0,287.25,275.1,279.2,1637533
2024-01-08 00:00:00+05:30,278.0,278.95,270.0,271.3,1255653
2024-01-09 00:00:00+05:30,272.3,279.5,272.3,275.8,730389
2024-01-10 00:00:00+05:30,275.15,281.6,274.0,276.3,748904
2024-01-11 00:00:00+05:30,274.05,282.95,274.05,278.25,850757
2024-01-12 00:00:00+05:30,279.25,282.9,276.0,279.7,702746
2024-01-15 00:00:00+05:30,280.1,291.0,277.9,288.95,1549844
2024-01-16 00:00:00+05:30,292.4,294.5,285.05,289.0,1092399
2024-01-17 00:00:00+05:30,286.0,289.3,280.95,283.5,925643
2024-01-18 00:00:00+05:30,283.15,290.35,274.4,285.7,1198154
2024-01-19 00:00:00+05:30,288.8,292.9,283.1,288.45,1208428
2024-01-20 00:00:00+05:30,292.75,295.0,287.6,293.45,388300
2024-01-23 00:00:00+05:30,304.0,316.75,293.45,295.45,3744314
2024-01-24 00:00:00+05:30,298.0,315.8,297.3,308.7,1689278
2024-01-25 00:00:00+05:30,307.6,314.95,307.05,310.45,2649598
2024-01-29 00:00:00+05:30,312.5,325.1,309.5,323.4,1612460
2024-01-30 00:00:00+05:30,323.6,324.3,314.1,319.35,709088
2024-01-31 00:00:00+05:30,321.65,329.7,319.6,327.85,1177235
2024-02-01 00:00:00+05:30,329.05,329.65,323.0,327.3,379362
2024-02-02 00:00:00+05:30,330.0,342.0,326.55,339.0,1792796
2024-02-05 00:00:00+05:30,339.0,347.8,335.5,344.25,1183958
2024-02-06 00:00:00+05:30,348.2,358.6,344.4,355.45,1145312
2024-02-07 00:00:00+05:30,396.0,426.5,383.1,425.0,15186206
2024-02-08 00:00:00+05:30,425.0,425.0,407.25,414.15,2398325
2024-02-09 00:00:00+05:30,412.95,421.3,386.3,407.5,889558
2024-02-12 00:00:00+05:30,404.0,411.9,385.35,391.1,675226
2024-02-13 00:00:00+05:30,391.1,399.0,360.0,388.3,852864
2024-02-14 00:00:00+05:30,390.9,415.3,380.65,391.9,649775
2024-02-15 00:00:00+05:30,396.45,414.0,393.1,409.55,630844
2024-02-16 00:00:00+05:30,411.0,413.8,392.5,394.7,852020
2024-02-19 00:00:00+05:30,403.0,412.5,395.25,404.8,562950
2024-02-20 00:00:00+05:30,403.0,485.75,390.05,398.3,6094323
2024-02-21 00:00:00+05:30,400.0,423.0,395.5,400.6,3182518
2024-02-22 00:00:00+05:30,402.95,409.9,390.0,397.4,1293748
2024-02-23 00:00:00+05:30,399.95,411.7,397.15,407.35,812080
2024-02-26 00:00:00+05:30,405.0,414.75,398.25,404.85,739604
2024-02-27 00:00:00+05:30,402.0,407.5,395.0,398.35,451726
2024-02-28 00:00:00+05:30,399.2,401.3,391.3,393.95,1981369
2024-02-29 00:00:00+05:30,392.0,407.25,384.35,403.95,1703605
2024-03-01 00:00:00+05:30,406.8,413.3,402.85,406.1,550750
2024-03-02 00:00:00+05:30,411.75,411.75,403.0,404.6,58180
2024-03-04 00:00:00+05:30,409.85,428.35,407.0,413.65,1482101
2024-03-05 00:00:00+05:30,415.5,431.0,413.65,426.9,1476862
2024-03-06 00:00:00+05:30,430.0,432.0,415.85,428.05,1822143
2024-03-07 00:00:00+05:30,427.0,429.65,420.05,424.85,424098
2024-03-11 00:00:00+05:30,428.25,429.65,411.5,414.5,511825
2024-03-12 00:00:00+05:30,418.9,418.9,402.0,406.25,373764
2024-03-13 00:00:00+05:30,401.7,410.0,365.75,385.95,1145050
2024-03-14 00:00:00+05:30,380.1,426.9,377.35,420.0,875213
2024-03-15 00:00:00+05:30,426.0,429.0,400.0,417.05,514050
2024-03-18 00:00:00+05:30,417.05,419.0,402.4,405.05,285234
2024-03-19 00:00:00+05:30,404.8,408.5,396.0,398.55,172102
2024-03-20 00:00:00+05:30,398.0,421.0,396.5,416.25,588462
2024-03-21 00:00:00+05:30,416.5,422.9,415.1,419.15,240699
2024-03-22 00:00:00+05:30,420.0,425.0,415.95,421.75,361432
2024-03-26 00:00:00+05:30,428.0,448.45,425.05,442.5,1335045
2024-03-27 00:00:00+05:30,449.8,456.7,430.35,439.8,1078430
2024-03-28 00:00:00+05:30,441.0,473.9,441.0,449.5,1555171
2024-04-01 00:00:00+05:30,464.75,484.2,461.25,474.9,1356315
2024-04-02 00:00:00+05:30,478.75,487.7,446.5,464.45,1403342
2024-04-03 00:00:00+05:30,469.0,472.7,457.5,470.2,726040
2024-04-04 00:00:00+05:30,473.5,480.0,468.1,471.45,1023283
2024-04-05 00:00:00+05:30,474.0,496.9,471.55,479.25,1342297
2024-04-08 00:00:00+05:30,480.0,489.65,471.6,484.4,422551
2024-04-09 00:00:00+05:30,480.05,493.0,472.0,490.65,1046006
2024-04-10 00:00:00+05:30,493.05,502.2,475.0,487.8,777243
2024-04-12 00:00:00+05:30,485.0,489.5,472.0,475.35,1030849
2024-04-15 00:00:00+05:30,464.55,470.0,441.6,462.05,509217
2024-04-16 00:00:00+05:30,453.1,474.95,453.1,467.2,372872
2024-04-18 00:00:00+05:30,468.05,471.2,446.4,455.4,622269
2024-04-19 00:00:00+05:30,443.0,456.7,435.2,453.35,842968
2024-04-22 00:00:00+05:30,456.0,487.85,447.1,478.2,637445
2024-04-23 00:00:00+05:30,481.85,483.85,462.15,468.05,851343
2024-04-24 00:00:00+05:30,469.95,474.4,444.65,454.7,528409
2024-04-25 00:00:00+05:30,458.35,468.65,448.0,456.05,1523583
2024-04-26 00:00:00+05:30,467.9,485.0,463.05,474.9,1131532
2024-04-29 00:00:00+05:30,476.0,483.25,470.9,474.55,341795
2024-04-30 00:00:00+05:30,476.95,482.5,473.65,478.35,431527
2024-05-02 00:00:00+05:30,480.1,481.9,465.35,467.15,396813
2024-05-03 00:00:00+05:30,469.7,480.0,468.0,477.2,422604
2024-05-06 00:00:00+05:30,482.0,496.0,477.0,482.35,1106868
2024-05-07 00:00:00+05:30,484.6,493.0,473.9,492.1,946979
2024-05-08 00:00:00+05:30,495.4,500.0,481.15,483.6,551711
2024-05-09 00:00:00+05:30,485.45,498.0,468.0,477.55,413234
2024-05-10 00:00:00+05:30,474.75,492.0,461.5,485.8,544146
2024-05-13 00:00:00+05:30,488.15,489.9,472.25,474.25,311548
2024-05-14 00:00:00+05:30,479.0,486.0,469.05,474.3,321160
2024-05-15 00:00:00+05:30,479.7,488.3,476.9,480.25,302060
2024-05-16 00:00:00+05:30,482.65,493.9,478.0,481.65,555490
2024-05-17 00:00:00+05:30,483.75,485.2,473.95,482.75,322480
2024-05-18 00:00:00+05:30,484.85,487.25,478.4,481.15,29172
2024-05-21 00:00:00+05:30,481.15,489.5,476.35,480.5,318193
2024-05-22 00:00:00+05:30,482.9,490.0,478.05,481.0,301644
2024-05-23 00:00:00+05:30,482.9,487.0,474.05,482.3,271318
2024-05-24 00:00:00+05:30,482.0,485.75,467.5,471.95,535835
2024-05-27 00:00:00+05:30,470.0,471.75,441.1,443.95,1548041
2024-05-28 00:00:00+05:30,443.0,443.8,428.0,430.55,698363
2024-05-29 00:00:00+05:30,440.0,446.85,427.0,436.55,1582814
2024-05-30 00:00:00+05:30,436.55,437.35,412.65,415.95,1204521
2024-05-31 00:00:00+05:30,418.0,439.8,416.55,431.6,1788606
2024-06-03 00:00:00+05:30,444.0,444.4,418.25,422.25,900609
2024-06-04 00:00:00+05:30,424.4,425.0,377.35,408.45,1085869
2024-06-05 00:00:00+05:30,408.45,436.9,390.2,420.9,1540865
2024-06-06 00:00:00+05:30,421.95,430.25,415.1,418.5,887259
2024-06-07 00:00:00+05:30,420.05,444.3,420.05,438.7,1055100
2024-06-10 00:00:00+05:30,448.0,454.7,431.05,436.75,1204214
2024-06-11 00:00:00+05:30,439.2,439.8,425.95,428.5,684085
2024-06-12 00:00:00+05:30,430.4,432.8,420.8,423.95,678114
2024-06-13 00:00:00+05:30,421.0,429.9,418.95,426.9,975069
2024-06-14 00:00:00+05:30,428.4,446.0,426.75,442.45,1188870
2024-06-18 00:00:00+05:30,446.0,454.4,438.5,449.05,855876
2024-06-19 00:00:00+05:30,451.9,451.9,440.5,445.15,397699
2024-06-20 00:00:00+05:30,446.5,455.0,442.05,451.9,441931
2024-06-21 00:00:00+05:30,453.5,460.7,442.0,445.95,1124479
2024-06-24 00:00:00+05:30,445.45,451.6,442.25,448.1,270061
2024-06-25 00:00:00+05:30,450.35,460.0,440.15,442.9,602277
2024-06-26 00:00:00+05:30,442.9,444.9,436.05,438.75,371705
2024-06-27 00:00:00+05:30,439.0,440.0,425.8,433.4,364886
2024-06-28 00:00:00+05:30,433.4,448.45,426.1,429.3,711835
2024-07-01 00:00:00+05:30,422.2,433.1,418.2,428.55,873432
2024-07-02 00:00:00+05:30,434.0,434.5,422.3,423.25,356953
2024-07-03 00:00:00+05:30,423.55,433.0,420.5,423.75,630116
2024-07-04 00:00:00+05:30,424.2,430.0,422.1,424.95,423717
2024-07-05 00:00:00+05:30,425.6,435.0,424.0,429.35,767330
2024-07-08 00:00:00+05:30,432.0,435.0,424.55,432.45,467402
2024-07-09 00:00:00+05:30,432.45,437.5,429.1,430.45,655346
2024-07-10 00:00:00+05:30,432.0,432.6,415.25,422.95,412680
2024-07-11 00:00:00+05:30,428.2,428.2,424.05,427.4,242620
2024-07-12 00:00:00+05:30,430.0,430.0,421.2,424.2,253794
2024-07-15 00:00:00+05:30,423.95,424.7,417.5,420.25,182612
2024-07-16 00:00:00+05:30,420.25,422.65,409.3,414.5,549426
2024-07-18 00:00:00+05:30,418.65,420.0,407.6,410.2,475134
2024-07-19 00:00:00+05:30,411.0,411.0,396.0,397.75,700472
2024-07-22 00:00:00+05:30,397.7,418.7,393.35,400.55,1066260
2024-07-23 00:00:00+05:30,400.9,407.85,393.45,404.6,507732
2024-07-24 00:00:00+05:30,405.7,419.95,404.6,419.05,723373
2024-07-25 00:00:00+05:30,418.8,424.2,410.0,417.75,454086
2024-07-26 00:00:00+05:30,417.0,426.0,413.7,422.45,401120
2024-07-29 00:00:00+05:30,425.4,438.8,420.55,435.55,1102146
2024-07-30 00:00:00+05:30,440.0,445.45,435.0,439.95,899761
2024-07-31 00:00:00+05:30,438.7,442.85,432.8,440.7,688485
2024-08-01 00:00:00+05:30,444.6,444.9,424.0,428.15,1958038
2024-08-02 00:00:00+05:30,426.9,428.8,415.35,417.6,784977
2024-08-05 00:00:00+05:30,410.0,424.0,404.8,414.35,823835
2024-08-06 00:00:00+05:30,415.25,418.4,391.0,396.65,837423
2024-08-07 00:00:00+05:30,388.5,391.0,356.65,379.8,6846284
2024-08-08 00:00:00+05:30,375.6,382.5,371.0,373.45,746151
2024-08-09 00:00:00+05:30,378.45,393.45,374.75,389.85,1219517
2024-08-12 00:00:00+05:30,391.0,398.95,382.25,393.15,987225
2024-08-13 00:00:00+05:30,393.0,393.0,373.1,375.45,747483
2024-08-14 00:00:00+05:30,382.0,382.9,369.1,371.55,559861
2024-08-16 00:00:00+05:30,382.4,382.4,372.0,375.75,400448
2024-08-19 00:00:00+05:30,381.95,383.1,369.6,371.15,497941
2024-08-20 00:00:00+05:30,374.0,374.2,364.1,365.4,2126633
2024-08-21 00:00:00+05:30,361.5,375.0,361.45,373.95,1472026
2024-08-22 00:00:00+05:30,377.4,382.25,371.75,380.85,1127795
2024-08-23 00:00:00+05:30,381.9,383.45,372.25,380.25,929368
2024-08-26 00:00:00+05:30,382.2,393.3,378.25,385.95,1118419
2024-08-27 00:00:00+05:30,387.5,390.0,382.6,387.85,404105
2024-08-28 00:00:00+05:30,389.7,389.7,379.8,380.8,342524
2024-08-29 00:00:00+05:30,380.8,389.0,374.85,379.5,506221
2024-08-30 00:00:00+05:30,380.25,384.65,375.1,382.6,556856
2024-09-02 00:00:00+05:30,383.7,384.55,374.5,376.8,348332
2024-09-03 00:00:00+05:30,378.7,380.0,374.35,378.75,340422
2024-09-04 00:00:00+05:30,370.0,378.5,370.0,373.45,255215
2024-09-05 00:00:00+05:30,376.8,394.25,374.6,392.65,1604870
2024-09-06 00:00:00+05:30,396.0,406.4,383.4,385.65,1940823
2024-09-09 00:00:00+05:30,385.25,385.25,379.25,381.25,942985
2024-09-10 00:00:00+05:30,381.25,393.8,380.7,392.8,686563
2024-09-11 00:00:00+05:30,393.0,393.0,379.2,382.55,332436
2024-09-12 00:00:00+05:30,383.25,386.8,378.8,383.8,283508
2024-09-13 00:00:00+05:30,383.9,386.15,377.0,380.1,841481
2024-09-16 00:00:00+05:30,384.8,386.3,373.6,382.9,839823
2024-09-17 00:00:00+05:30,381.0,381.65,372.25,374.3,501886
2024-09-18 00:00:00+05:30,376.2,379.0,373.25,378.25,358655
2024-09-19 00:00:00+05:30,380.0,382.25,367.1,375.35,453490
2024-09-20 00:00:00+05:30,373.6,376.7,364.7,366.95,1014701
2024-09-23 00:00:00+05:30,365.0,376.35,364.7,375.45,505872
2024-09-24 00:00:00+05:30,379.0,379.1,369.05,373.5,433381
2024-09-25 00:00:00+05:30,372.75,374.8,366.0,372.45,393160
2024-09-26 00:00:00+05:30,370.0,372.0,366.35,369.95,314079
2024-09-27 00:00:00+05:30,368.4,382.15,367.8,379.8,628975
2024-09-30 00:00:00+05:30,379.85,384.65,372.15,379.0,338174
2024-10-01 00:00:00+05:30,378.4,383.85,373.5,381.5,565615
2024-10-03 00:00:00+05:30,379.15,382.75,369.2,381.65,637950
2024-10-04 00:00:00+05:30,383.65,393.9,378.15,391.15,1036698
2024-10-07 00:00:00+05:30,395.0,401.5,382.85,391.5,986505
2024-10-08 00:00:00+05:30,391.7,394.5,386.3,391.4,966217
2024-10-09 00:00:00+05:30,391.15,409.0,391.0,407.4,916201
2024-10-10 00:00:00+05:30,410.0,441.6,406.0,431.4,4465982
2024-10-11 00:00:00+05:30,432.5,435.7,424.7,430.2,809821
2024-10-14 00:00:00+05:30,430.0,430.6,423.9,428.25,484868
2024-10-15 00:00:00+05:30,432.0,432.0,415.55,424.25,465755
2024-10-16 00:00:00+05:30,425.7,432.25,419.4,423.8,379017
2024-10-17 00:00:00+05:30,425.0,427.25,406.4,409.6,1195607
2024-10-18 00:00:00+05:30,405.0,410.6,397.0,398.75,437426
2024-10-21 00:00:00+05:30,399.9,403.65,391.2,393.4,254806
2024-10-22 00:00:00+05:30,392.0,394.95,372.4,373.85,577649
2024-10-23 00:00:00+05:30,378.2,382.0,366.25,374.8,414134
2024-10-24 00:00:00+05:30,378.0,379.7,366.25,368.45,983970
2024-10-25 00:00:00+05:30,368.45,372.75,361.05,362.9,375219
2024-10-28 00:00:00+05:30,363.6,368.35,341.05,352.4,1040862
2024-10-29 00:00:00+05:30,355.1,360.65,348.5,355.6,458507
2024-10-30 00:00:00+05:30,357.25,364.85,354.05,358.8,425305
2024-10-31 00:00:00+05:30,358.8,367.0,355.2,364.45,546959
2024-11-01 00:00:00+05:30,369.9,380.1,365.15,378.25,173353
2024-11-04 00:00:00+05:30,379.0,379.0,361.6,363.35,612948
2024-11-05 00:00:00+05:30,365.0,368.3,354.5,355.6,818463
2024-11-06 00:00:00+05:30,360.85,362.5,357.6,359.8,580828
2024-11-07 00:00:00+05:30,362.9,365.7,356.6,358.75,279600
2024-11-08 00:00:00+05:30,363.9,373.45,355.25,359.2,1185543
2024-11-11 00:00:00+05:30,361.0,383.9,359.2,371.6,2082279
2024-11-12 00:00:00+05:30,371.9,378.05,359.5,362.75,520801
2024-11-13 00:00:00+05:30,374.4,382.15,348.85,354.35,3198333
2024-11-14 00:00:00+05:30,356.95,364.9,355.5,357.65,790810
2024-11-18 00:00:00+05:30,357.65,363.15,352.5,357.15,405874
2024-11-19 00:00:00+05:30,358.4,365.0,355.9,357.85,353223
2024-11-21 00:00:00+05:30,360.0,362.2,349.95,355.2,488111
2024-11-22 00:00:00+05:30,359.0,369.0,355.45,366.8,429692
2024-11-25 00:00:00+05:30,372.85,375.25,362.4,363.8,523251
2024-11-26 00:00:00+05:30,365.8,365.9,361.1,362.75,349830
2024-11-27 00:00:00+05:30,364.2,378.0,362.3,369.9,628731
2024-11-28 00:00:00+05:30,372.6,381.9,367.55,374.8,937979
2024-11-29 00:00:00+05:30,375.95,381.2,366.15,379.4,687565
2024-12-02 00:00:00+05:30,382.5,385.0,376.2,379.05,338879
2024-12-03 00:00:00+05:30,376.15,397.0,376.15,391.6,819875
2024-12-04 00:00:00+05:30,396.0,399.5,391.3,396.5,904256
2024-12-05 00:00:00+05:30,398.45,403.8,391.0,402.25,562953
2024-12-06 00:00:00+05:30,403.0,414.5,400.9,411.45,1088584
2024-12-09 00:00:00+05:30,413.85,422.0,406.1,410.35,954567
2024-12-10 00:00:00+05:30,410.35,413.7,402.5,405.75,752159
2024-12-11 00:00:00+05:30,406.0,441.75,405.6,426.8,3484366
2024-12-12 00:00:00+05:30,425.25,431.3,420.05,423.75,901616
2024-12-13 00:00:00+05:30,423.0,434.0,416.5,429.85,976403
2024-12-16 00:00:00+05:30,428.7,433.2,419.0,424.05,726467
2024-12-17 00:00:00+05:30,426.6,428.85,421.15,424.5,422547
2024-12-18 00:00:00+05:30,426.0,430.8,419.3,422.45,445504
2024-12-19 00:00:00+05:30,422.0,429.25,415.05,427.2,502260
2024-12-20 00:00:00+05:30,426.9,431.35,410.45,412.25,485065
2024-12-23 00:00:00+05:30,413.9,419.9,403.6,406.2,423366
2024-12-24 00:00:00+05:30,408.8,412.2,404.85,409.8,379655
2024-12-26 00:00:00+05:30,409.8,417.05,403.4,413.25,361558
2024-12-27 00:00:00+05:30,415.0,429.95,408.8,411.25,909151
2024-12-30 00:00:00+05:30,411.0,413.9,397.15,400.0,600506
2024-12-31 00:00:00+05:30,398.9,425.5,394.85,419.85,1024630
2025-01-01 00:00:00+05:30,423.0,435.1,417.15,429.45,1609495
2025-01-02 00:00:00+05:30,429.4,432.0,425.55,429.25,1315049
2025-01-03 00:00:00+05:30,429.9,434.9,427.0,428.35,484410
2025-01-06 00:00:00+05:30,429.75,430.65,402.6,409.4,836978
2025-01-07 00:00:00+05:30,411.1,428.0,408.25,422.35,785678
2025-01-08 00:00:00+05:30,420.0,424.2,417.7,421.0,538569
2025-01-09 00:00:00+05:30,417.2,422.8,405.95,408.75,295616
2025-01-10 00:00:00+05:30,408.75,414.4,395.25,411.15,712290
2025-01-13 00:00:00+05:30,401.0,406.9,395.9,399.65,600685
2025-01-14 00:00:00+05:30,400.1,405.3,390.35,392.8,460945
2025-01-15 00:00:00+05:30,394.0,408.5,385.3,396.85,782755
2025-01-16 00:00:00+05:30,399.8,403.95,396.85,397.7,236115
2025-01-17 00:00:00+05:30,397.7,401.15,395.9,399.25,191587
2025-01-20 00:00:00+05:30,404.0,407.8,398.05,404.95,236263
2025-01-21 00:00:00+05:30,404.95,408.9,401.5,402.55,255119
2025-01-22 00:00:00+05:30,402.3,402.4,390.2,398.05,409562
2025-01-23 00:00:00+05:30,392.1,398.75,378.15,385.2,1026580
2025-01-24 00:00:00+05:30,385.7,388.3,377.25,379.35,386029
2025-01-27 00:00:00+05:30,374.5,374.5,352.5,356.1,466712
2025-01-28 00:00:00+05:30,356.4,359.3,340.85,355.1,541234
2025-01-29 00:00:00+05:30,360.0,367.45,355.3,365.85,258321
2025-01-30 00:00:00+05:30,370.0,371.95,357.8,361.05,231620
2025-01-31 00:00:00+05:30,357.0,371.75,357.0,370.5,162375
2025-02-01 00:00:00+05:30,371.6,374.0,358.1,371.2,500340
2025-02-03 00:00:00+05:30,370.0,379.65,366.3,375.3,478369
2025-02-04 00:00:00+05:30,375.95,389.0,375.3,383.5,718143
2025-02-05 00:00:00+05:30,384.85,386.4,375.5,377.35,208586
2025-02-06 00:00:00+05:30,381.9,385.0,376.15,383.75,275666
2025-02-07 00:00:00+05:30,382.7,386.45,376.05,384.35,264648
2025-02-10 00:00:00+05:30,388.0,390.0,367.2,379.5,312578
2025-02-11 00:00:00+05:30,356.35,364.05,345.1,353.95,2032727
2025-02-12 00:00:00+05:30,351.0,351.0,333.6,342.1,1194489
2025-02-13 00:00:00+05:30,343.25,348.7,333.15,335.2,714246
2025-02-14 00:00:00+05:30,340.0,340.5,329.9,335.4,435948
2025-02-17 00:00:00+05:30,310.0,327.65,310.0,321.15,1570445
2025-02-18 00:00:00+05:30,320.0,321.95,305.0,314.55,961621
2025-02-19 00:00:00+05:30,314.0,330.6,310.5,328.3,738129
2025-02-20 00:00:00+05:30,326.55,331.0,320.4,325.4,627750
2025-02-21 00:00:00+05:30,323.5,334.15,317.1,320.35,700643
2025-02-24 00:00:00+05:30,317.0,320.0,312.5,316.0,372319
2025-02-25 00:00:00+05:30,314.7,320.65,311.2,318.35,779336
2025-02-27 00:00:00+05:30,321.0,337.5,313.6,329.6,1871201
2025-02-28 00:00:00+05:30,324.1,330.4,314.35,319.25,621431
2025-03-03 00:00:00+05:30,319.25,324.8,310.45,321.5,576232
2025-03-04 00:00:00+05:30,320.0,336.55,314.65,334.0,628969
2025-03-05 00:00:00+05:30,329.0,343.9,329.0,341.3,548291
2025-03-06 00:00:00+05:30,345.0,347.35,338.3,342.4,307355
2025-03-07 00:00:00+05:30,342.65,346.95,337.85,339.75,263702
2025-03-10 00:00:00+05:30,339.0,343.9,333.4,341.1,543071
2025-03-11 00:00:00+05:30,340.0,343.3,332.15,341.1,318331
2025-03-12 00:00:00+05:30,339.6,352.0,336.3,346.1,582842
2025-03-13 00:00:00+05:30,346.35,361.9,340.0,359.1,1583720
2025-03-17 00:00:00+05:30,356.2,372.85,353.7,363.5,1001205
2025-03-18 00:00:00+05:30,362.6,373.55,360.55,366.15,617577
2025-03-19 00:00:00+05:30,368.65,371.0,361.0,362.05,608645
2025-03-20 00:00:00+05:30,363.0,370.55,358.1,359.95,454276
2025-03-21 00:00:00+05:30,359.5,389.9,357.75,385.15,699453
2025-03-24 00:00:00+05:30,386.05,402.6,375.0,377.95,1221532
2025-03-25 00:00:00+05:30,378.0,379.3,368.6,374.45,290598
2025-03-26 00:00:00+05:30,377.2,377.2,360.55,362.4,307617
2025-03-27 00:00:00+05:30,362.4,386.7,350.15,363.8,827440
2025-03-28 00:00:00+05:30,364.95,369.5,351.3,353.5,570330
2025-04-01 00:00:00+05:30,352.0,377.0,350.2,366.45,452753
2025-04-02 00:00:00+05:30,368.9,384.0,364.0,375.95,1701049
2025-04-03 00:00:00+05:30,374.4,380.0,370.6,376.9,227787
2025-04-04 00:00:00+05:30,377.65,379.15,363.25,366.0,168760
2025-04-07 00:00:00+05:30,340.0,355.5,334.95,351.95,651729
2025-04-08 00:00:00+05:30,366.0,366.0,353.1,359.9,228556
2025-04-09 00:00:00+05:30,363.0,363.0,350.0,353.2,207409
2025-04-11 00:00:00+05:30,370.0,370.0,356.1,361.35,380439
2025-04-15 00:00:00+05:30,364.95,373.05,362.6,369.25,384570
2025-04-16 00:00:00+05:30,371.7,376.15,367.15,370.4,253502
2025-04-17 00:00:00+05:30,370.4,378.3,368.4,373.0,308725
2025-04-21 00:00:00+05:30,373.85,384.9,371.5,381.55,303836
2025-04-22 00:00:00+05:30,381.55,384.35,377.05,382.3,222896
2025-04-23 00:00:00+05:30,386.0,396.6,378.05,394.0,530726
2025-04-24 00:00:00+05:30,394.0,397.4,389.0,391.65,495826
2025-04-25 00:00:00+05:30,391.65,391.65,369.0,383.8,912304
2025-04-28 00:00:00+05:30,383.75,383.75,375.25,380.25,264640
2025-04-29 00:00:00+05:30,382.85,385.0,374.2,378.65,230724
2025-04-30 00:00:00+05:30,375.6,378.6,367.25,370.45,409097
2025-05-02 00:00:00+05:30,367.25,373.7,363.05,364.5,153436
2025-05-05 00:00:00+05:30,365.0,369.8,362.0,363.35,193747
2025-05-06 00:00:00+05:30,364.0,367.75,348.95,351.5,424935
2025-05-07 00:00:00+05:30,355.0,373.4,346.2,370.3,698250
2025-05-08 00:00:00+05:30,371.6,372.75,354.0,356.3,168030
2025-05-09 00:00:00+05:30,336.35,354.75,334.15,348.0,776292
2025-05-12 00:00:00+05:30,361.0,369.0,361.0,366.9,379349
2025-05-13 00:00:00+05:30,366.8,372.2,362.3,366.7,247094
2025-05-14 00:00:00+05:30,366.7,372.75,364.8,365.8,281217
2025-05-15 00:00:00+05:30,369.0,369.05,362.05,363.9,204979
2025-05-16 00:00:00+05:30,369.0,376.0,364.4,375.2,563955
2025-05-19 00:00:00+05:30,376.55,385.0,370.6,376.7,639453
2025-05-20 00:00:00+05:30,382.8,383.9,374.25,379.4,610177
2025-05-21 00:00:00+05:30,378.0,381.3,368.1,370.05,833548
2025-05-22 00:00:00+05:30,371.6,378.7,370.65,373.45,466777
2025-05-23 00:00:00+05:30,375.0,382.0,370.15,373.65,519520
2025-05-26 00:00:00+05:30,374.9,377.7,369.05,370.15,207293
2025-05-27 00:00:00+05:30,371.8,374.0,366.7,369.25,249715
2025-05-28 00:00:00+05:30,372.0,374.2,364.0,365.0,238273
2025-05-29 00:00:00+05:30,368.8,368.8,362.25,365.35,830929
2025-05-30 00:00:00+05:30,365.35,373.9,364.05,369.6,338286
2025-06-02 00:00:00+05:30,373.65,380.5,370.65,376.9,437331
2025-06-03 00:00:00+05:30,380.9,383.25,370.3,374.8,235973
2025-06-04 00:00:00+05:30,376.95,378.1,371.85,373.8,280050
2025-06-05 00:00:00+05:30,375.9,379.0,372.8,374.55,207991
2025-06-06 00:00:00+05:30,376.8,379.9,374.2,374.6,384642
2025-06-09 00:00:00+05:30,376.45,384.8,374.05,381.0,496075
2025-06-10 00:00:00+05:30,382.75,385.7,375.6,379.05,363484
2025-06-11 00:00:00+05:30,382.0,382.75,371.1,372.7,310762
2025-06-12 00:00:00+05:30,374.4,376.65,363.15,364.65,198377
2025-06-13 00:00:00+05:30,355.0,363.65,354.0,358.95,315454
2025-06-16 00:00:00+05:30,367.7,367.7,354.0,359.15,352473
2025-06-17 00:00:00+05:30,360.0,362.9,353.0,354.65,263847
2025-06-18 00:00:00+05:30,354.8,358.4,351.2,353.2,193864
2025-06-19 00:00:00+05:30,353.8,355.5,344.1,346.2,214203
2025-06-20 00:00:00+05:30,347.5,351.15,340.5,344.55,835118
2025-06-23 00:00:00+05:30,343.1,349.3,341.4,346.05,145143
2025-06-24 00:00:00+05:30,350.0,353.0,345.0,349.5,325360
2025-06-25 00:00:00+05:30,349.8,365.6,349.8,363.45,484553
2025-06-26 00:00:00+05:30,365.35,370.9,362.1,364.4,317177
2025-06-27 00:00:00+05:30,366.8,368.0,357.0,358.35,1093188
2025-06-30 00:00:00+05:30,358.35,370.4,358.35,369.35,441689
2025-07-01 00:00:00+05:30,371.6,371.6,364.0,367.6,165285
2025-07-02 00:00:00+05:30,367.9,371.4,362.2,363.85,135772
2025-07-03 00:00:00+05:30,363.85,370.5,363.1,367.95,305670
2025-07-04 00:00:00+05:30,367.55,371.5,364.4,366.45,132599
2025-07-07 00:00:00+05:30,366.4,370.35,365.0,368.65,119980
2025-07-08 00:00:00+05:30,368.6,375.9,367.25,371.55,1388214
2025-07-09 00:00:00+05:30,372.6,379.0,371.65,376.15,678736
2025-07-10 00:00:00+05:30,379.5,383.0,376.2,380.9,387935
2025-07-11 00:00:00+05:30,380.9,383.75,374.0,377.45,295689
2025-07-14 00:00:00+05:30,375.2,379.9,374.5,375.8,155326
2025-07-15 00:00:00+05:30,374.5,380.8,374.5,378.8,193056
2025-07-16 00:00:00+05:30,376.45,384.1,375.3,380.4,199743
2025-07-17 00:00:00+05:30,382.75,393.4,381.25,384.5,942941
2025-07-18 00:00:00+05:30,385.5,386.35,376.8,380.5,258735
2025-07-21 00:00:00+05:30,380.95,384.0,377.3,382.3,224251
2025-07-22 00:00:00+05:30,382.0,390.95,379.0,380.35,265877
2025-07-23 00:00:00+05:30,381.9,385.0,374.85,383.95,232581
2025-07-24 00:00:00+05:30,385.05,390.95,385.05,387.65,317816
2025-07-25 00:00:00+05:30,386.9,386.9,374.2,375.2,194558
2025-07-28 00:00:00+05:30,375.0,380.0,372.0,376.25,408350
2025-07-29 00:00:00+05:30,378.4,381.5,374.05,379.0,178569
2025-07-30 00:00:00+05:30,380.05,386.5,378.1,379.9,292914
2025-07-31 00:00:00+05:30,371.2,381.6,371.2,375.5,192858
2025-08-01 00:00:00+05:30,375.0,384.0,375.0,376.35,156659
2025-08-04 00:00:00+05:30,378.0,383.95,370.5,377.5,288544
2025-08-05 00:00:00+05:30,378.0,379.9,369.55,371.85,217728
2025-08-06 00:00:00+05:30,367.0,371.0,360.7,365.55,431472
2025-08-07 00:00:00+05:30,365.2,366.2,351.85,359.4,389554
2025-08-08 00:00:00+05:30,360.0,366.0,354.35,355.7,256047
2025-08-11 00:00:00+05:30,354.1,361.0,352.5,359.65,88954
2025-08-12 00:00:00+05:30,360.0,365.2,359.1,364.5,82434
2025-08-13 00:00:00+05:30,365.2,426.0,364.35,418.45,10670976
2025-08-14 00:00:00+05:30,408.25,409.5,390.0,392.1,1751605
2025-08-18 00:00:00+05:30,393.85,394.75,384.2,386.3,400038
2025-08-19 00:00:00+05:30,388.95,390.7,382.85,385.2,273920
2025-08-20 00:00:00+05:30,387.0,404.0,385.25,401.5,1989661
2025-08-21 00:00:00+05:30,402.0,405.8,397.0,402.3,2713316
2025-08-22 00:00:00+05:30,406.0,418.7,403.85,406.2,1049812
2025-08-25 00:00:00+05:30,408.95,412.3,404.1,411.2,571355
2025-08-26 00:00:00+05:30,411.2,411.9,401.1,405.45,435784
2025-08-28 00:00:00+05:30,405.0,409.4,400.8,401.95,453197
2025-08-29 00:00:00+05:30,402.0,407.9,397.35,399.0,176455
2025-09-01 00:00:00+05:30,399.9,406.75,395.35,396.8,266439
2025-09-02 00:00:00+05:30,399.95,407.35,396.45,398.05,280802
2025-09-03 00:00:00+05:30,400.9,417.5,400.9,412.5,2095252
2025-09-04 00:00:00+05:30,418.0,418.95,410.9,412.3,380581
2025-09-05 00:00:00+05:30,414.0,418.85,408.25,411.15,340758
2025-09-08 00:00:00+05:30,414.05,423.2,408.1,418.15,557173
2025-09-09 00:00:00+05:30,421.6,434.8,405.0,407.7,1448010
2025-09-10 00:00:00+05:30,409.5,410.15,399.15,401.15,329349
2025-09-11 00:00:00+05:30,405.0,406.45,398.0,399.35,175766
2025-09-12 00:00:00+05:30,400.0,401.5,395.0,397.15,170444
2025-09-15 00:00:00+05:30,397.15,403.0,394.15,401.0,266603
2025-09-16 00:00:00+05:30,403.1,405.0,398.75,401.05,220571
2025-09-17 00:00:00+05:30,402.0,405.0,397.0,403.25,282453
2025-09-18 00:00:00+05:30,403.25,404.55,400.0,401.85,153826
2025-09-19 00:00:00+05:30,405.0,405.55,390.05,391.1,547435
2025-09-22 00:00:00+05:30,390.0,395.45,388.85,391.55,200248
2025-09-23 00:00:00+05:30,394.0,394.0,384.1,387.2,256046
2025-09-24 00:00:00+05:30,388.0,390.7,382.05,383.45,137856
2025-09-25 00:00:00+05:30,381.4,384.55,378.2,379.2,103629
2025-09-26 00:00:00+05:30,377.1,381.45,371.55,375.15,241264
2025-09-29 00:00:00+05:30,373.0,374.8,363.0,365.5,438605
2025-09-30 00:00:00+05:30,366.0,372.0,358.0,359.9,441102
2025-10-01 00:00:00+05:30,361.25,368.2,359.9,365.65,193507
2025-10-03 00:00:00+05:30,365.65,413.95,364.15,393.25,7181084
2025-10-06 00:00:00+05:30,392.0,392.0,381.05,382.2,286375
2025-10-07 00:00:00+05:30,381.3,392.0,379.1,390.1,233097
2025-10-08 00:00:00+05:30,389.05,396.0,385.65,394.95,248946
2025-10-09 00:00:00+05:30,394.5,394.5,387.35,390.45,183925
2025-10-10 00:00:00+05:30,390.0,394.9,384.9,385.65,82659
2025-10-13 00:00:00+05:30,381.25,391.7,376.45,378.6,259642
2025-10-14 00:00:00+05:30,378.6,382.7,376.05,377.85,422134
2025-10-15 00:00:00+05:30,379.0,387.0,377.9,385.25,114355
2025-10-16 00:00:00+05:30,384.0,389.0,383.35,387.2,108951
2025-10-17 00:00:00+05:30,389.0,389.4,382.6,384.5,112385
2025-10-20 00:00:00+05:30,389.0,389.0,382.0,384.8,71260
2025-10-21 00:00:00+05:30,388.95,391.1,386.1,389.8,53336
2025-10-23 00:00:00+05:30,390.2,390.2,384.1,385.35,105791
2025-10-24 00:00:00+05:30,385.45,389.9,383.0,385.75,127922
2025-10-27 00:00:00+05:30,386.0,386.2,382.55,384.1,91678
2025-10-28 00:00:00+05:30,385.0,394.4,384.3,393.55,199629
2025-10-29 00:00:00+05:30,395.6,397.8,388.65,390.05,190300
2025-10-30 00:00:00+05:30,388.3,395.75,387.0,394.8,135179
2025-10-31 00:00:00+05:30,394.95,397.5,388.05,389.8,166846
2025-11-03 00:00:00+05:30,389.9,397.85,388.2,395.8,160262
2025-11-04 00:00:00+05:30,395.0,405.0,394.8,399.1,316642
2025-11-06 00:00:00+05:30,399.1,399.3,386.35,388.9,220819
2025-11-07 00:00:00+05:30,386.0,394.4,382.3,392.25,116159
2025-11-10 00:00:00+05:30,389.1,391.8,385.7,387.35,160829
2025-11-11 00:00:00+05:30,386.1,390.15,384.35,386.55,91426
2025-11-12 00:00:00+05:30,380.0,384.0,371.8,377.3,794099
2025-11-13 00:00:00+05:30,379.3,380.05,372.3,376.85,320964
2025-11-14 00:00:00+05:30,374.55,380.15,374.55,377.1,115335
2025-11-17 00:00:00+05:30,377.1,380.0,373.35,374.45,321451
2025-11-18 00:00:00+05:30,372.9,391.6,372.9,383.45,1024950
2025-11-19 00:00:00+05:30,384.6,384.6,375.9,379.8,152868
2025-11-20 00:00:00+05:30,378.95,381.6,375.9,378.0,184660
2025-11-21 00:00:00+05:30,377.2,379.2,373.35,374.5,199974
2025-11-24 00:00:00+05:30,373.0,376.75,371.35,373.7,169926
2025-11-25 00:00:00+05:30,373.75,377.95,371.55,374.95,146828
2025-11-26 00:00:00+05:30,375.4,381.75,373.65,375.25,154131
2025-11-27 00:00:00+05:30,375.2,379.0,371.25,373.25,180617
2025-11-28 00:00:00+05:30,373.3,377.65,372.75,373.95,164064
2025-12-01 00:00:00+05:30,376.0,379.5,373.2,375.95,141034
2025-12-02 00:00:00+05:30,376.0,381.65,376.0,377.9,83667
2025-12-03 00:00:00+05:30,377.9,380.0,376.6,378.7,1482066
2025-12-04 00:00:00+05:30,376.85,378.8,374.55,378.4,108520
2025-12-05 00:00:00+05:30,379.95,380.2,373.0,375.0,130191
2025-12-08 00:00:00+05:30,375.0,376.35,370.0,373.0,145016
2025-12-09 00:00:00+05:30,371.1,384.9,369.0,381.25,278206
2025-12-10 00:00:00+05:30,378.4,391.9,376.95,379.35,204740
2025-12-11 00:00:00+05:30,377.05,379.9,372.7,376.5,98169
2025-12-12 00:00:00+05:30,375.5,379.45,373.05,378.0,122617
2025-12-15 00:00:00+05:30,378.15,378.25,371.0,372.8,70833
2025-12-16 00:00:00+05:30,374.1,374.1,366.25,370.05,98823
2025-12-17 00:00:00+05:30,370.05,372.25,365.0,366.0,50361
2025-12-18 00:00:00+05:30,365.2,365.2,358.0,360.3,107155
2025-12-19 00:00:00+05:30,360.3,368.0,359.55,366.85,1227273
2025-12-22 00:00:00+05:30,366.5,369.35,364.65,368.0,95479
2025-12-23 00:00:00+05:30,368.95,369.05,364.2,365.75,93189
2025-12-24 00:00:00+05:30,367.5,368.65,362.75,363.75,78262
2025-12-26 00:00:00+05:30,363.65,368.4,362.0,367.55,76571
2025-12-29 00:00:00+05:30,367.1,371.0,360.0,363.4,177931
2025-12-30 00:00:00+05:30,364.15,366.55,361.0,364.1,134171
2025-12-31 00:00:00+05:30,366.0,368.9,363.45,368.25,60714
2026-01-01 00:00:00+05:30,368.25,370.2,364.55,366.7,45668
2026-01-02 00:00:00+05:30,366.0,368.9,363.6,367.3,100885
2026-01-05 00:00:00+05:30,369.7,371.05,361.6,363.9,166396
2026-01-06 00:00:00+05:30,365.3,365.3,352.7,356.35,252555
2026-01-07 00:00:00+05:30,355.5,356.9,352.0,354.95,117570
2026-01-08 00:00:00+05:30,354.5,356.5,349.25,350.8,75915
2026-01-09 00:00:00+05:30,350.1,352.0,344.6,346.6,102712
2026-01-12 00:00:00+05:30,342.1,347.8,342.1,346.2,149936
2026-01-13 00:00:00+05:30,347.05,347.45,342.65,346.3,163386
2026-01-14 00:00:00+05:30,345.05,348.4,343.85,344.85,746477
2026-01-16 00:00:00+05:30,344.25,346.7,337.9,340.85,176719
2026-01-19 00:00:00+05:30,339.1,339.4,331.55,336.95,136105
2026-01-20 00:00:00+05:30,337.95,337.95,327.05,329.45,214607
2026-01-21 00:00:00+05:30,329.0,335.9,324.0,330.8,187905
2026-01-22 00:00:00+05:30,335.7,336.9,329.2,330.45,149608
2026-01-23 00:00:00+05:30,330.45,332.45,320.85,322.4,169171
2026-01-27 00:00:00+05:30,321.25,321.95,304.5,308.9,1661309
2026-01-28 00:00:00+05:30,310.45,319.1,310.0,315.35,173477
2026-01-29 00:00:00+05:30,315.55,317.0,306.25,309.6,289722
2026-01-30 00:00:00+05:30,308.75,316.9,306.8,314.55,400399
2026-02-01 00:00:00+05:30,314.55,321.5,310.05,317.3,113543
2026-02-02 00:00:00+05:30,315.2,328.0,311.7,325.05,250024
2026-02-03 00:00:00+05:30,333.0,335.95,328.9,332.35,229515
2026-02-04 00:00:00+05:30,333.95,335.0,325.2,332.4,150765
2026-02-05 00:00:00+05:30,333.95,374.65,327.25,341.2,22370131
2026-02-06 00:00:00+05:30,346.0,363.9,336.25,348.05,15170115
2026-02-09 00:00:00+05:30,349.05,349.45,336.4,343.0,1233529
2026-02-10 00:00:00+05:30,344.0,348.4,340.8,346.45,378876
2026-02-11 00:00:00+05:30,351.0,351.0,336.55,340.1,363463
2026-02-12 00:00:00+05:30,340.1,340.15,330.2,333.8,278277
2026-02-13 00:00:00+05:30,332.15,332.95,327.8,330.25,172342
2026-02-16 00:00:00+05:30,330.9,332.0,326.9,330.3,109816
2026-02-17 00:00:00+05:30,332.9,336.4,329.8,334.75,145808
2026-02-18 00:00:00+05:30,335.1,340.95,332.1,333.1,87951
2026-02-19 00:00:00+05:30,333.1,336.25,324.15,326.15,65285
2026-02-20 00:00:00+05:30,324.0,328.55,322.0,326.6,83698
2026-02-23 00:00:00+05:30,327.0,329.6,319.95,323.6,168089
2026-02-24 00:00:00+05:30,323.6,323.6,317.25,320.45,183029
2026-02-25 00:00:00+05:30,321.5,323.1,313.55,318.45,200340
2026-02-26 00:00:00+05:30,316.0,329.0,314.15,321.35,235482
2026-02-27 00:00:00+05:30,321.0,321.0,311.0,313.55,623651
2026-03-02 00:00:00+05:30,300.5,315.0,300.5,312.55,285224
2026-03-04 00:00:00+05:30,309.4,313.45,302.5,312.15,404348
2026-03-05 00:00:00+05:30,313.05,374.55,310.2,326.35,7972058
2026-03-06 00:00:00+05:30,328.7,335.35,322.5,329.35,641759
2026-03-09 00:00:00+05:30,317.0,324.3,312.65,314.95,238837
2026-03-10 00:00:00+05:30,320.0,320.05,313.8,315.4,199147
2026-03-11 00:00:00+05:30,315.0,321.15,314.5,320.05,184799
2026-03-12 00:00:00+05:30,318.0,333.95,313.35,331.8,708559
2026-03-13 00:00:00+05:30,329.7,329.7,315.05,317.8,223746
2026-03-16 00:00:00+05:30,319.7,319.7,309.6,314.55,293798
2026-03-17 00:00:00+05:30,319.25,319.25,312.9,315.8,110636
2026-03-18 00:00:00+05:30,316.0,326.45,313.95,323.2,242014
2026-03-19 00:00:00+05:30,320.1,323.3,311.55,314.2,129457
2026-03-20 00:00:00+05:30,314.5,317.85,308.3,309.5,192078
2026-03-23 00:00:00+05:30,303.0,308.0,288.2,291.8,305138
2026-03-24 00:00:00+05:30,295.4,302.85,287.8,301.0,365631
2026-03-25 00:00:00+05:30,302.0,309.5,298.6,299.55,278227
2026-03-27 00:00:00+05:30,297.5,299.1,282.7,284.3,503495
2026-03-30 00:00:00+05:30,283.0,284.25,271.85,273.55,465052
2026-04-01 00:00:00+05:30,281.6,289.85,278.35,280.0,722376
2026-04-02 00:00:00+05:30,277.0,289.9,271.15,288.2,313903
2026-04-06 00:00:00+05:30,290.0,333.4,282.1,303.6,32932881
2026-04-07 00:00:00+05:30,303.55,305.45,295.4,297.5,1914955
2026-04-08 00:00:00+05:30,307.95,310.35,300.85,307.3,902520
2026-04-09 00:00:00+05:30,308.0,310.25,303.9,308.0,307235
2026-04-10 00:00:00+05:30,308.4,314.7,307.25,312.2,689353
2026-04-13 00:00:00+05:30,304.0,314.2,301.0,308.4,367363
2026-04-15 00:00:00+05:30,312.9,316.55,311.65,315.05,291465
2026-04-16 00:00:00+05:30,317.1,320.95,313.4,319.8,327255
2026-04-17 00:00:00+05:30,319.05,323.85,318.8,321.9,188990
2026-04-20 00:00:00+05:30,323.0,335.0,318.0,332.5,634794
2026-04-21 00:00:00+05:30,333.55,341.75,331.8,339.7,436730
2026-04-22 00:00:00+05:30,335.0,339.4,331.55,338.55,178987
2026-04-23 00:00:00+05:30,336.95,339.55,330.1,331.55,116345
2026-04-24 00:00:00+05:30,330.55,335.6,324.3,326.4,115927
2026-04-27 00:00:00+05:30,328.0,332.15,327.35,328.65,95308
2026-04-28 00:00:00+05:30,329.95,330.2,325.0,326.2,294975
2026-04-29 00:00:00+05:30,328.6,330.65,322.0,323.3,122727
2026-04-30 00:00:00+05:30,323.0,325.9,317.4,318.95,128780
2026-05-04 00:00:00+05:30,323.9,328.5,323.9,326.7,155467
2026-05-05 00:00:00+05:30,326.7,330.0,323.2,329.2,90277
2026-05-06 00:00:00+05:30,330.85,335.5,323.55,333.2,184767
2026-05-07 00:00:00+05:30,335.0,336.0,332.0,334.95,109896
2026-05-08 00:00:00+05:30,337.0,337.05,332.7,335.4,85499
2026-05-11 00:00:00+05:30,335.15,335.15,325.7,326.45,136085
2026-05-12 00:00:00+05:30,327.0,328.95,316.0,317.9,130125
2026-05-13 00:00:00+05:30,313.0,321.0,312.5,318.35,130630
2026-05-14 00:00:00+05:30,318.7,324.95,314.3,319.85,88185
2026-05-15 00:00:00+05:30,321.85,323.05,315.0,316.1,73448
2026-05-18 00:00:00+05:30,317.4,323.95,310.0,322.5,193005
2026-05-19 00:00:00+05:30,323.0,330.65,320.3,326.25,134447
2026-05-20 00:00:00+05:30,326.05,326.05,317.85,322.5,112343
2026-05-21 00:00:00+05:30,322.0,325.8,317.55,319.5,101773
2026-05-22 00:00:00+05:30,321.05,321.1,317.75,318.8,44165
2026-05-25 00:00:00+05:30,320.0,324.45,317.8,321.05,155806
2026-05-26 00:00:00+05:30,321.05,324.0,318.5,319.9,92976
2026-05-27 00:00:00+05:30,318.0,319.0,312.15,313.2,131398
2026-05-29 00:00:00+05:30,314.0,317.0,289.0,296.2,980990
2026-06-01 00:00:00+05:30,295.0,296.15,286.2,288.75,321488
2026-06-02 00:00:00+05:30,285.0,290.7,283.7,289.8,218675
2026-06-03 00:00:00+05:30,289.6,292.0,283.7,290.3,167660
2026-06-04 00:00:00+05:30,290.3,295.5,289.9,291.7,151613
2026-06-05 00:00:00+05:30,293.25,295.45,290.5,291.95,120685
2026-06-08 00:00:00+05:30,290.1,290.5,284.2,285.55,122545
2026-06-09 00:00:00+05:30,287.6,292.0,285.1,291.15,141318
2026-06-10 00:00:00+05:30,292.55,295.8,289.1,293.3,173524
2026-06-11 00:00:00+05:30,292.1,293.05,288.0,289.6,63187
2026-06-12 00:00:00+05:30,292.55,296.5,288.0,295.45,142119
2026-06-15 00:00:00+05:30,301.0,313.85,299.55,309.55,332047
2026-06-16 00:00:00+05:30,311.0,314.95,303.9,305.65,141573
2026-06-17 00:00:00+05:30,305.9,317.3,305.85,314.9,170927
2026-06-18 00:00:00+05:30,314.9,317.65,312.0,316.5,147770
2026-06-19 00:00:00+05:30,316.5,325.0,313.9,321.85,290506
2026-06-22 00:00:00+05:30,324.9,332.85,323.15,330.15,365179
2026-06-23 00:00:00+05:30,334.15,334.2,319.7,327.05,222859
2026-06-24 00:00:00+05:30,325.35,329.2,324.15,326.55,99904
2026-06-25 00:00:00+05:30,328.9,328.9,325.3,326.45,92204
2026-06-29 00:00:00+05:30,326.45,332.6,320.0,320.9,395172
2026-06-30 00:00:00+05:30,320.0,324.6,320.0,320.3,85927
2026-07-01 00:00:00+05:30,323.3,333.0,320.55,325.2,347622
2026-07-02 00:00:00+05:30,327.8,328.95,324.0,325.65,104023
2026-07-03 00:00:00+05:30,324.95,330.55,323.2,329.4,170252
2026-07-06 00:00:00+05:30,329.9,335.0,326.65,334.4,265500
2026-07-07 00:00:00+05:30,334.4,338.1,329.7,336.95,289068
2026-07-08 00:00:00+05:30,336.95,336.95,320.25,321.7,142096
2026-07-09 00:00:00+05:30,321.75,352.75,320.4,327.85,1814043
2026-07-10 00:00:00+05:30,330.0,332.9,326.6,329.75,235397
2026-07-13 00:00:00+05:30,328.0,340.0,326.0,337.05,239951
2026-07-14 00:00:00+05:30,333.65,340.9,332.1,336.8,260018
2026-07-15 00:00:00+05:30,334.9,340.75,333.7,339.0,214531
2026-07-16 00:00:00+05:30,339.05,340.85,332.6,335.95,126593
2026-07-17 00:00:00+05:30,336.0,339.8,334.25,338.75,132003
2026-07-20 00:00:00+05:30,339.7,342.0,335.0,340.2,135243
2026-07-21 00:00:00+05:30,335.0,337.4,332.55,335.25,115956
2026-07-22 00:00:00+05:30,334.0,334.5,330.0,331.65,76006
2026-07-23 00:00:00+05:30,333.0,333.05,320.0,321.35,180741
2026-07-24 00:00:00+05:30,319.0,328.95,317.0,326.4,156876
2026-07-27 00:00:00+05:30,327.05,331.75,327.05,330.65,98370
2026-07-28 00:00:00+05:30,328.5,331.75,323.3,325.5,76595
2026-07-29 00:00:00+05:30,326.05,337.9,326.05,335.75,285086
2026-07-30 00:00:00+05:30,334.05,334.35,330.05,332.05,83965
2026-07-31 00:00:00+05:30,332.0,334.3,325.75,327.0,161327
2026-08-03 00:00:00+05:30,327.55,332.1,327.4,330.1,85964
2026-08-04 00:00:00+05:30,330.15,332.9,326.3,327.1,60713
2026-08-05 00:00:00+05:30,327.1,330.7,326.85,328.0,59456
2026-08-06 00:00:00+05:30,328.0,333.3,324.15,325.65,120225
2026-08-07 00:00:00+05:30,320.0,321.65,304.35,306.55,1391523
2026-08-10 00:00:00+05:30,305.55,311.4,302.0,303.15,246679
2026-08-11 00:00:00+05:30,303.15,303.8,299.5,302.35,184703
2026-08-12 00:00:00+05:30,300.35,302.5,297.7,298.5,142176
2026-08-13 00:00:00+05:30,297.7,301.95,297.7,300.65,111064
2026-08-14 00:00:00+05:30,298.8,302.05,298.3,300.35,144245
2026-08-17 00:00:00+05:30,301.0,301.05,295.0,296.0,184080
2026-08-18 00:00:00+05:30,296.0,297.45,294.05,296.7,111718
2026-08-19 00:00:00+05:30,296.55,298.4,294.3,297.65,181605
2026-08-20 00:00:00+05:30,298.35,302.95,298.0,299.9,111627
2026-08-21 00:00:00+05:30,303.5,303.65,299.0,302.75,63736
2026-08-24 00:00:00+05:30,305.7,307.95,298.2,299.8,107159
2026-08-25 00:00:00+05:30,299.75,303.95,298.2,302.75,201193
2026-08-26 00:00:00+05:30,303.0,306.0,302.5,303.5,47993
2026-08-27 00:00:00+05:30,302.0,304.45,294.85,300.05,367367
2026-08-28 00:00:00+05:30,302.15,302.15,296.35,297.8,52017
2026-08-31 00:00:00+05:30,297.8,297.8,281.05,282.3,670027
2026-09-01 00:00:00+05:30,282.3,296.45,282.15,294.45,430234
2026-09-02 00:00:00+05:30,290.0,292.8,285.0,285.8,174245
2026-09-03 00:00:00+05:30,288.5,292.3,287.8,290.75,350687
2026-09-04 00:00:00+05:30,292.65,293.4,290.1,291.9,154906
2026-09-07 00:00:00+05:30,294.0,294.85,290.5,294.0,112598
2026-09-08 00:00:00+05:30,291.9,307.5,291.45,295.75,1038216
2026-09-09 00:00:00+05:30,295.25,295.75,288.3,289.35,133319
2026-09-10 00:00:00+05:30,288.95,290.0,281.35,285.05,131511
2026-09-11 00:00:00+05:30,283.9,287.5,281.6,286.45,104848
2026-09-15 00:00:00+05:30,286.55,287.9,280.3,283.8,203168
2026-09-16 00:00:00+05:30,284.15,294.0,283.5,292.1,671193
2026-09-17 00:00:00+05:30,292.0,302.0,290.0,299.9,302712
2026-09-18 00:00:00+05:30,304.0,321.15,299.95,317.9,1308371
2026-09-21 00:00:00+05:30,315.3,317.45,306.1,309.0,307454
2026-09-22 00:00:00+05:30,309.0,309.0,302.6,303.9,107926
2026-09-23 00:00:00+05:30,303.0,304.7,300.15,301.15,98871
2026-09-24 00:00:00+05:30,299.0,301.15,295.25,296.9,85796
2026-09-25 00:00:00+05:30,295.15,296.95,292.0,294.7,120396
