Date,Open,High,Low,Close,Volume
2009-03-20 00:00:00+05:30,16.35,16.8,14.6,15.6,10925
2009-03-23 00:00:00+05:30,16.65,17.15,16.35,16.7,5404
2009-03-24 00:00:00+05:30,16.3,17.0,16.3,16.5,2079
2009-03-25 00:00:00+05:30,16.0,16.0,15.5,15.55,1737
2009-03-26 00:00:00+05:30,15.25,16.45,15.2,15.35,1075
2009-03-27 00:00:00+05:30,15.15,16.9,15.1,16.25,4980
2009-03-30 00:00:00+05:30,16.35,16.8,15.8,16.5,583
2009-03-31 00:00:00+05:30,16.0,16.75,15.0,16.05,5685
2009-04-01 00:00:00+05:30,15.7,17.2,15.7,16.7,3968
2009-04-02 00:00:00+05:30,16.85,17.65,16.75,16.85,8587
2009-04-06 00:00:00+05:30,17.8,17.9,16.55,16.95,7264
2009-04-08 00:00:00+05:30,18.4,18.65,17.2,18.65,3070
2009-04-09 00:00:00+05:30,19.05,20.55,19.05,20.55,4009
2009-04-13 00:00:00+05:30,20.7,21.6,20.7,21.6,1952
2009-04-15 00:00:00+05:30,22.7,22.7,22.7,22.7,879
2009-04-16 00:00:00+05:30,23.85,23.85,22.3,23.65,8155
2009-04-17 00:00:00+05:30,23.75,24.85,22.65,24.6,34639
2009-04-20 00:00:00+05:30,25.0,25.55,23.75,23.75,4521
2009-04-21 00:00:00+05:30,23.75,24.0,22.6,23.0,2777
2009-04-22 00:00:00+05:30,22.8,23.5,21.9,23.45,3660
2009-04-23 00:00:00+05:30,22.5,23.45,22.35,23.05,600
2009-04-24 00:00:00+05:30,22.55,23.85,22.0,23.0,1750
2009-04-27 00:00:00+05:30,22.4,24.15,22.0,23.1,752
2009-04-28 00:00:00+05:30,24.0,24.0,21.95,22.0,624
2009-04-29 00:00:00+05:30,21.15,23.0,21.15,22.9,1439
2009-05-04 00:00:00+05:30,24.05,24.05,23.05,24.0,2104
2009-05-05 00:00:00+05:30,24.0,25.2,23.0,25.2,3249
2009-05-06 00:00:00+05:30,26.35,26.5,25.45,25.65,5684
2009-05-07 00:00:00+05:30,24.6,26.5,24.6,25.6,2978
2009-05-08 00:00:00+05:30,24.6,26.7,24.6,26.4,3311
2009-05-11 00:00:00+05:30,27.2,27.2,25.15,26.0,1242
2009-05-12 00:00:00+05:30,25.5,26.0,24.7,26.0,1317
2009-05-13 00:00:00+05:30,24.7,26.9,24.7,25.45,2103
2009-05-14 00:00:00+05:30,26.0,26.5,24.9,25.25,1806
2009-05-15 00:00:00+05:30,26.0,26.5,25.1,25.35,2042
2009-05-19 00:00:00+05:30,26.5,26.65,26.5,26.65,2555
2009-05-20 00:00:00+05:30,26.55,28.0,26.55,28.0,3047
2009-05-21 00:00:00+05:30,29.3,29.4,27.1,29.0,4644
2009-05-22 00:00:00+05:30,28.4,29.65,27.65,29.3,2255
2009-05-25 00:00:00+05:30,29.9,30.8,28.1,30.55,3631
2009-05-26 00:00:00+05:30,31.5,32.1,29.1,29.9,7209
2009-05-27 00:00:00+05:30,28.5,29.8,28.45,29.5,3885
2009-05-28 00:00:00+05:30,28.4,30.95,28.4,29.5,1805
2009-05-29 00:00:00+05:30,28.2,31.0,28.2,31.0,6940
2009-06-01 00:00:00+05:30,32.0,32.55,29.45,32.45,11276
2009-06-02 00:00:00+05:30,31.1,33.95,31.1,33.5,7111
2009-06-03 00:00:00+05:30,32.0,34.7,32.0,33.0,5079
2009-06-04 00:00:00+05:30,32.0,33.7,31.45,33.1,8783
2009-06-05 00:00:00+05:30,33.5,34.8,33.05,34.8,12426
2009-06-08 00:00:00+05:30,35.0,35.55,33.9,34.35,14117
2009-06-09 00:00:00+05:30,35.0,35.0,33.15,34.3,5528
2009-06-10 00:00:00+05:30,35.7,36.05,35.0,35.75,6864
2009-06-11 00:00:00+05:30,34.5,37.55,34.5,37.55,19260
2009-06-12 00:00:00+05:30,39.4,39.45,36.1,37.1,12716
2009-06-15 00:00:00+05:30,35.3,38.25,35.3,35.35,5674
2009-06-16 00:00:00+05:30,34.1,36.25,33.6,35.5,8366
2009-06-17 00:00:00+05:30,34.2,36.75,33.75,34.0,3098
2009-06-18 00:00:00+05:30,33.0,33.5,32.35,32.6,1468
2009-06-19 00:00:00+05:30,32.55,33.5,31.2,32.9,6644
2009-06-22 00:00:00+05:30,33.15,34.0,31.8,33.3,2540
2009-06-23 00:00:00+05:30,32.0,35.0,32.0,35.0,8976
2009-06-24 00:00:00+05:30,35.5,36.75,35.25,36.75,13959
2009-06-25 00:00:00+05:30,35.5,38.3,35.3,35.8,2834
2009-06-26 00:00:00+05:30,34.3,37.5,34.3,37.4,2177
2009-06-29 00:00:00+05:30,36.2,38.4,36.0,37.85,4431
2009-06-30 00:00:00+05:30,36.75,38.65,36.0,36.45,4031
2009-07-01 00:00:00+05:30,34.65,36.5,34.65,35.8,2961
2009-07-02 00:00:00+05:30,34.1,36.85,34.1,34.4,1888
2009-07-03 00:00:00+05:30,33.55,36.15,33.55,35.9,3179
2009-07-06 00:00:00+05:30,36.0,37.6,34.1,34.5,4655
2009-07-07 00:00:00+05:30,31.6,33.85,31.05,32.45,6165
2009-07-08 00:00:00+05:30,31.05,33.5,29.55,30.95,1762
2009-07-09 00:00:00+05:30,31.75,32.0,28.85,30.7,3629
2009-07-10 00:00:00+05:30,28.55,32.0,28.55,29.6,4392
2009-07-13 00:00:00+05:30,27.2,29.0,27.0,27.35,13815
2009-07-14 00:00:00+05:30,28.0,29.4,27.35,29.2,4915
2009-07-15 00:00:00+05:30,29.0,31.8,28.3,30.45,2415
2009-07-16 00:00:00+05:30,30.5,32.0,30.5,31.25,3395
2009-07-17 00:00:00+05:30,30.15,32.95,30.15,30.55,5236
2009-07-20 00:00:00+05:30,30.3,30.85,28.05,30.35,5747
2009-07-21 00:00:00+05:30,30.1,31.6,30.1,30.85,1770
2009-07-22 00:00:00+05:30,30.75,30.75,30.15,30.25,2425
2009-07-23 00:00:00+05:30,30.75,30.85,30.2,30.4,526
2009-07-24 00:00:00+05:30,30.65,33.45,30.65,33.25,20691
2009-07-27 00:00:00+05:30,32.65,36.55,32.65,34.25,5548
2009-07-28 00:00:00+05:30,33.4,37.0,33.4,35.8,12363
2009-07-29 00:00:00+05:30,35.05,35.95,32.8,34.55,9128
2009-07-30 00:00:00+05:30,34.3,35.75,34.3,35.05,7951
2009-07-31 00:00:00+05:30,36.0,36.05,33.4,33.65,7644
2009-08-03 00:00:00+05:30,33.75,35.45,33.65,35.25,7498
2009-08-04 00:00:00+05:30,35.25,37.8,35.0,36.95,15511
2009-08-05 00:00:00+05:30,37.3,40.65,37.3,40.65,19306
2009-08-06 00:00:00+05:30,42.5,44.75,41.5,42.7,91332
2009-08-07 00:00:00+05:30,41.55,45.5,41.5,43.45,37610
2009-08-10 00:00:00+05:30,43.05,45.65,43.05,45.65,32731
2009-08-11 00:00:00+05:30,47.7,47.95,46.6,47.95,21424
2009-08-12 00:00:00+05:30,49.9,50.35,47.0,50.35,151614
2009-08-13 00:00:00+05:30,52.85,52.9,51.25,51.75,152470
2009-08-14 00:00:00+05:30,52.7,52.7,49.2,49.2,55884
2009-08-17 00:00:00+05:30,46.75,47.95,46.75,46.75,53209
2009-08-18 00:00:00+05:30,45.55,47.0,44.45,45.6,36457
2009-08-19 00:00:00+05:30,45.0,45.65,43.4,43.8,34849
2009-08-20 00:00:00+05:30,43.5,45.4,42.6,44.15,23625
2009-08-21 00:00:00+05:30,43.0,45.0,43.0,44.2,3873
2009-08-24 00:00:00+05:30,43.15,44.95,42.05,43.3,8559
2009-08-25 00:00:00+05:30,43.5,44.3,42.05,42.4,6583
2009-08-26 00:00:00+05:30,41.3,44.25,41.3,42.6,9161
2009-08-27 00:00:00+05:30,41.55,43.0,41.55,42.4,3889
2009-08-28 00:00:00+05:30,42.7,42.7,41.1,41.25,4432
2009-08-31 00:00:00+05:30,41.0,43.35,41.0,43.35,4047
2009-09-01 00:00:00+05:30,43.5,45.55,43.5,45.1,10565
2009-09-02 00:00:00+05:30,44.0,47.35,44.0,46.45,12338
2009-09-03 00:00:00+05:30,46.5,47.0,44.2,45.15,14506
2009-09-04 00:00:00+05:30,44.25,45.45,42.9,43.9,4380
2009-09-07 00:00:00+05:30,43.0,44.35,41.7,42.15,38108
2009-09-08 00:00:00+05:30,41.25,43.25,41.25,41.75,14998
2009-09-09 00:00:00+05:30,41.0,42.5,39.7,41.9,22786
2009-09-10 00:00:00+05:30,40.3,43.75,40.15,42.8,14588
2009-09-11 00:00:00+05:30,42.0,44.95,41.55,42.65,11873
2009-09-14 00:00:00+05:30,41.7,42.4,41.0,41.65,3314
2009-09-15 00:00:00+05:30,40.25,42.0,40.0,41.3,11719
2009-09-16 00:00:00+05:30,40.3,42.4,40.3,42.25,4801
2009-09-17 00:00:00+05:30,42.05,43.75,42.0,42.25,4122
2009-09-18 00:00:00+05:30,40.5,42.4,40.5,41.5,5356
2009-09-22 00:00:00+05:30,41.5,42.25,41.5,42.0,5596
2009-09-23 00:00:00+05:30,41.55,42.0,41.5,41.7,5820
2009-09-24 00:00:00+05:30,40.25,42.0,40.25,41.55,5123
2009-09-25 00:00:00+05:30,42.0,43.5,41.35,43.3,5688
2009-09-29 00:00:00+05:30,44.0,44.45,43.0,43.35,3028
2009-09-30 00:00:00+05:30,43.1,45.05,43.1,44.6,14238
2009-10-01 00:00:00+05:30,43.9,45.25,43.15,44.8,8748
2009-10-05 00:00:00+05:30,45.8,45.8,44.0,44.6,11957
2009-10-06 00:00:00+05:30,44.3,45.0,43.3,44.5,8621
2009-10-07 00:00:00+05:30,44.5,46.75,44.5,46.55,23346
2009-10-08 00:00:00+05:30,47.85,47.9,44.95,45.95,9818
2009-10-09 00:00:00+05:30,44.5,46.8,44.2,45.45,7287
2009-10-12 00:00:00+05:30,44.2,45.75,43.3,44.0,6225
2009-10-14 00:00:00+05:30,42.8,46.2,42.8,45.3,8176
2009-10-15 00:00:00+05:30,46.0,46.65,45.1,45.3,3865
2009-10-16 00:00:00+05:30,45.05,46.0,44.55,44.8,4754
2009-10-17 00:00:00+05:30,43.25,46.5,43.25,44.8,3637
2009-10-20 00:00:00+05:30,46.5,47.05,46.0,46.0,14204
2009-10-21 00:00:00+05:30,46.2,47.5,44.7,44.9,12272
2009-10-22 00:00:00+05:30,43.8,46.0,43.8,44.95,2760
2009-10-23 00:00:00+05:30,45.05,45.4,43.7,44.1,2457
2009-10-26 00:00:00+05:30,45.2,46.25,44.7,44.75,2437
2009-10-27 00:00:00+05:30,44.2,45.5,43.35,44.65,5210
2009-10-28 00:00:00+05:30,43.4,46.9,43.05,44.4,6255
2009-10-29 00:00:00+05:30,44.05,46.0,44.0,44.35,10103
2009-10-30 00:00:00+05:30,44.05,46.6,44.0,44.7,9086
2009-11-03 00:00:00+05:30,43.1,44.6,42.65,42.7,9833
2009-11-04 00:00:00+05:30,41.3,44.6,41.3,42.1,5887
2009-11-05 00:00:00+05:30,42.3,44.2,42.3,43.7,4144
2009-11-06 00:00:00+05:30,44.25,45.4,43.15,44.2,5585
2009-11-09 00:00:00+05:30,43.55,45.5,43.55,45.0,6793
2009-11-10 00:00:00+05:30,43.65,44.95,43.65,43.9,2710
2009-11-11 00:00:00+05:30,43.15,45.0,43.15,44.0,3322
2009-11-12 00:00:00+05:30,45.8,46.2,44.5,45.7,14256
2009-11-13 00:00:00+05:30,44.0,47.35,44.0,46.45,23013
2009-11-16 00:00:00+05:30,47.0,47.45,45.55,46.1,4538
2009-11-17 00:00:00+05:30,44.6,46.75,44.6,45.05,2809
2009-11-18 00:00:00+05:30,43.2,46.1,43.2,45.3,9102
2009-11-19 00:00:00+05:30,45.3,45.5,44.0,44.1,7638
2009-11-20 00:00:00+05:30,46.3,46.3,42.0,44.4,6014
2009-11-23 00:00:00+05:30,43.25,45.3,42.65,42.75,7772
2009-11-24 00:00:00+05:30,42.5,44.05,42.5,43.95,6057
2009-11-25 00:00:00+05:30,42.8,45.0,42.8,44.15,4082
2009-11-26 00:00:00+05:30,43.35,43.7,42.6,42.6,4909
2009-11-27 00:00:00+05:30,41.55,42.0,40.75,41.2,5309
2009-11-30 00:00:00+05:30,42.0,43.25,42.0,42.35,2533
2009-12-01 00:00:00+05:30,43.9,43.9,42.3,42.9,3078
2009-12-02 00:00:00+05:30,44.4,44.4,42.7,43.35,8291
2009-12-03 00:00:00+05:30,42.5,44.15,42.5,43.7,5657
2009-12-04 00:00:00+05:30,42.4,43.85,42.4,43.3,2390
2009-12-07 00:00:00+05:30,42.6,43.0,42.0,42.2,6309
2009-12-08 00:00:00+05:30,42.65,44.0,42.0,43.55,7027
2009-12-09 00:00:00+05:30,43.05,43.95,42.55,43.3,8234
2009-12-10 00:00:00+05:30,43.5,43.8,42.4,42.55,2925
2009-12-11 00:00:00+05:30,42.05,43.75,42.05,42.5,3190
2009-12-14 00:00:00+05:30,43.6,43.6,41.6,41.8,4402
2009-12-15 00:00:00+05:30,41.7,42.3,40.1,40.5,6993
2009-12-16 00:00:00+05:30,42.1,42.1,40.5,41.5,5489
2009-12-17 00:00:00+05:30,41.15,42.7,41.1,41.6,4832
2009-12-18 00:00:00+05:30,41.5,42.0,41.0,41.1,10070
2009-12-21 00:00:00+05:30,41.1,42.6,41.1,42.0,7073
2009-12-22 00:00:00+05:30,42.3,43.4,41.5,41.95,6900
2009-12-23 00:00:00+05:30,42.45,42.45,41.2,41.5,15730
2009-12-24 00:00:00+05:30,41.5,41.85,40.0,40.2,28618
2009-12-29 00:00:00+05:30,42.0,42.0,39.0,39.55,27595
2009-12-30 00:00:00+05:30,38.4,40.5,38.4,39.8,6804
2009-12-31 00:00:00+05:30,40.8,40.9,39.7,39.75,14209
2010-01-04 00:00:00+05:30,40.85,41.75,40.85,41.75,12163
2010-01-05 00:00:00+05:30,43.25,43.85,42.6,43.65,49733
2010-01-06 00:00:00+05:30,44.5,45.0,43.5,43.85,32120
2010-01-07 00:00:00+05:30,43.5,45.0,43.5,43.9,70926
2010-01-08 00:00:00+05:30,44.0,45.8,43.0,43.4,64634
2010-01-11 00:00:00+05:30,46.7,46.85,42.6,45.75,32295
2010-01-12 00:00:00+05:30,45.75,46.7,44.25,45.0,21345
2010-01-13 00:00:00+05:30,44.05,46.0,44.05,44.95,29797
2010-01-14 00:00:00+05:30,44.5,45.5,44.15,44.65,14269
2010-01-15 00:00:00+05:30,44.5,44.9,43.65,44.1,28294
2010-01-18 00:00:00+05:30,44.0,45.0,43.65,43.9,9912
2010-01-19 00:00:00+05:30,43.25,44.0,41.35,41.65,34716
2010-01-20 00:00:00+05:30,41.5,43.25,41.25,42.15,14614
2010-01-21 00:00:00+05:30,41.2,45.0,41.0,41.65,28680
2010-01-22 00:00:00+05:30,40.5,41.75,39.1,41.05,12097
2010-01-25 00:00:00+05:30,40.25,42.0,40.25,41.3,10947
2010-01-27 00:00:00+05:30,41.05,41.5,39.55,39.7,10329
2010-01-28 00:00:00+05:30,40.0,40.75,39.0,39.1,12803
2010-01-29 00:00:00+05:30,39.5,39.85,37.7,38.95,17381
2010-02-01 00:00:00+05:30,40.0,40.4,39.5,40.0,26172
2010-02-02 00:00:00+05:30,41.0,41.7,40.0,40.15,13301
2010-02-03 00:00:00+05:30,40.2,40.8,39.6,39.95,8097
2010-02-04 00:00:00+05:30,38.05,40.0,37.5,38.25,19358
2010-02-05 00:00:00+05:30,37.55,38.5,35.5,36.5,15237
2010-02-06 00:00:00+05:30,37.0,37.0,36.3,36.95,1742
2010-02-08 00:00:00+05:30,38.45,38.45,36.6,37.1,4297
2010-02-09 00:00:00+05:30,36.15,36.55,36.0,36.25,7176
2010-02-10 00:00:00+05:30,36.05,37.4,35.0,35.35,5262
2010-02-11 00:00:00+05:30,35.25,36.75,35.25,36.4,5136
2010-02-15 00:00:00+05:30,39.85,40.05,37.5,38.4,29393
2010-02-16 00:00:00+05:30,39.0,39.75,37.25,39.4,15873
2010-02-17 00:00:00+05:30,40.25,40.25,38.6,39.1,23392
2010-02-18 00:00:00+05:30,39.25,39.6,38.1,38.3,32587
2010-02-19 00:00:00+05:30,37.5,38.25,34.6,38.0,24597
2010-02-22 00:00:00+05:30,37.8,38.0,36.3,36.9,9427
2010-02-23 00:00:00+05:30,36.0,36.5,34.3,34.7,11757
2010-02-24 00:00:00+05:30,34.5,34.75,33.7,33.9,17133
2010-02-25 00:00:00+05:30,34.0,36.0,34.0,35.1,20013
2010-02-26 00:00:00+05:30,34.05,36.5,34.05,36.05,15120
2010-03-02 00:00:00+05:30,36.5,39.15,36.3,37.25,24251
2010-03-03 00:00:00+05:30,38.25,38.4,37.4,38.15,15549
2010-03-04 00:00:00+05:30,38.2,38.2,37.55,37.7,9253
2010-03-05 00:00:00+05:30,37.7,38.0,37.2,37.8,9594
2010-03-08 00:00:00+05:30,38.2,38.5,36.6,36.7,11701
2010-03-09 00:00:00+05:30,37.45,37.9,35.65,36.0,8439
2010-03-10 00:00:00+05:30,36.0,36.0,33.3,33.65,22506
2010-03-11 00:00:00+05:30,33.65,33.75,32.75,33.05,171694
2010-03-12 00:00:00+05:30,33.2,33.5,32.5,32.55,24857
2010-03-15 00:00:00+05:30,32.5,32.5,31.0,31.8,13772
2010-03-16 00:00:00+05:30,31.8,32.8,31.6,32.2,7616
2010-03-17 00:00:00+05:30,32.25,33.0,31.7,32.0,13268
2010-03-18 00:00:00+05:30,31.3,32.65,30.9,31.05,6317
2010-03-19 00:00:00+05:30,31.1,31.5,30.8,30.9,8080
2010-03-22 00:00:00+05:30,30.0,31.3,30.0,30.05,6558
2010-03-23 00:00:00+05:30,29.2,30.2,29.2,29.3,6510
2010-03-25 00:00:00+05:30,29.4,29.5,28.5,28.6,23452
2010-03-26 00:00:00+05:30,28.25,29.0,28.2,28.5,7421
2010-03-29 00:00:00+05:30,28.0,31.7,27.55,28.35,32934
2010-03-30 00:00:00+05:30,27.9,29.1,27.85,28.05,6827
2010-03-31 00:00:00+05:30,28.2,28.95,28.0,28.7,15901
2010-04-01 00:00:00+05:30,29.2,29.8,28.15,29.45,10834
2010-04-05 00:00:00+05:30,29.7,31.1,29.0,30.85,19249
2010-04-06 00:00:00+05:30,30.9,31.9,30.25,31.45,20434
2010-04-07 00:00:00+05:30,32.3,32.3,31.0,31.25,15500
2010-04-08 00:00:00+05:30,30.65,31.5,30.0,30.35,16990
2010-04-09 00:00:00+05:30,32.9,32.9,31.0,31.05,22977
2010-04-12 00:00:00+05:30,31.0,31.5,30.6,30.75,9577
2010-04-13 00:00:00+05:30,30.8,31.45,30.55,31.35,6827
2010-04-15 00:00:00+05:30,31.5,31.85,30.75,30.85,7586
2010-04-16 00:00:00+05:30,30.75,31.0,30.75,30.8,4286
2010-04-19 00:00:00+05:30,30.05,30.35,29.6,30.0,4986
2010-04-20 00:00:00+05:30,30.25,31.75,30.25,31.0,12293
2010-04-21 00:00:00+05:30,30.2,30.95,30.15,30.6,11758
2010-04-22 00:00:00+05:30,30.9,30.9,30.0,30.3,9633
2010-04-23 00:00:00+05:30,31.65,31.65,30.1,30.4,9445
2010-04-26 00:00:00+05:30,29.5,31.0,29.5,30.1,4426
2010-04-27 00:00:00+05:30,29.0,30.5,27.7,29.15,28281
2010-04-28 00:00:00+05:30,28.1,29.05,28.1,28.5,11820
2010-04-29 00:00:00+05:30,27.0,30.85,27.0,28.15,6824
2010-04-30 00:00:00+05:30,27.4,29.1,27.4,28.45,18698
2010-05-03 00:00:00+05:30,28.6,28.7,27.45,27.75,32691
2010-05-04 00:00:00+05:30,28.0,28.4,27.3,27.3,9841
2010-05-05 00:00:00+05:30,26.6,27.4,26.0,26.9,5926
2010-05-06 00:00:00+05:30,27.15,27.4,26.55,27.0,5432
2010-05-07 00:00:00+05:30,25.65,26.05,25.35,25.5,6547
2010-05-10 00:00:00+05:30,25.5,26.35,25.0,25.75,12330
2010-05-11 00:00:00+05:30,25.65,25.8,23.7,25.35,4846
2010-05-12 00:00:00+05:30,25.1,25.45,24.6,24.9,17633
2010-05-13 00:00:00+05:30,25.0,25.4,25.0,25.3,20716
2010-05-14 00:00:00+05:30,25.95,25.95,24.8,25.0,1869
2010-05-17 00:00:00+05:30,23.65,24.85,23.65,24.6,6217
2010-05-18 00:00:00+05:30,23.25,26.1,23.25,24.85,6148
2010-05-19 00:00:00+05:30,24.9,25.6,24.2,24.5,2950
2010-05-20 00:00:00+05:30,24.5,25.0,23.6,23.8,6961
2010-05-21 00:00:00+05:30,23.0,23.95,23.0,23.6,3290
2010-05-24 00:00:00+05:30,23.6,24.5,23.6,23.8,3189
2010-05-25 00:00:00+05:30,23.6,23.75,22.65,22.8,5034
2010-05-26 00:00:00+05:30,22.45,23.4,22.45,23.1,1188
2010-05-27 00:00:00+05:30,22.55,23.4,22.55,23.2,983
2010-05-28 00:00:00+05:30,22.75,25.4,22.75,24.6,21767
2010-05-31 00:00:00+05:30,24.8,24.8,23.7,24.0,6683
2010-06-01 00:00:00+05:30,26.0,26.0,24.0,24.0,4934
2010-06-02 00:00:00+05:30,23.3,24.9,23.3,24.2,196
2010-06-03 00:00:00+05:30,24.85,24.85,24.15,24.25,2166
2010-06-04 00:00:00+05:30,24.25,25.35,24.25,24.5,19512
2010-06-07 00:00:00+05:30,24.0,24.4,23.7,24.2,1648
2010-06-08 00:00:00+05:30,24.75,24.8,23.55,23.8,5109
2010-06-09 00:00:00+05:30,23.85,24.3,23.3,23.6,6410
2010-06-10 00:00:00+05:30,23.8,24.0,23.3,23.65,1618
2010-06-11 00:00:00+05:30,23.55,24.35,23.4,23.55,1615
2010-06-14 00:00:00+05:30,22.65,24.5,22.65,24.0,6364
2010-06-15 00:00:00+05:30,24.85,25.45,24.6,24.8,22508
2010-06-16 00:00:00+05:30,25.75,26.0,24.85,24.95,7193
2010-06-17 00:00:00+05:30,25.0,25.35,24.55,24.85,3082
2010-06-18 00:00:00+05:30,25.1,25.35,24.0,24.15,5850
2010-06-21 00:00:00+05:30,24.1,24.5,24.0,24.0,11592
2010-06-22 00:00:00+05:30,23.85,24.0,23.25,23.5,13222
2010-06-23 00:00:00+05:30,23.4,24.1,23.4,23.65,4881
2010-06-24 00:00:00+05:30,23.55,24.3,23.5,23.75,6360
2010-06-25 00:00:00+05:30,24.25,24.25,23.7,23.75,5504
2010-06-28 00:00:00+05:30,24.1,25.4,23.85,24.6,70733
2010-06-29 00:00:00+05:30,24.7,25.05,24.3,24.6,12163
2010-06-30 00:00:00+05:30,24.5,25.75,23.25,24.9,40738
2010-07-01 00:00:00+05:30,25.0,26.2,25.0,25.6,35924
2010-07-02 00:00:00+05:30,26.0,26.3,24.1,25.85,12209
2010-07-05 00:00:00+05:30,25.4,26.25,24.55,25.95,8509
2010-07-06 00:00:00+05:30,25.45,26.2,25.35,26.0,8067
2010-07-07 00:00:00+05:30,25.0,26.4,25.0,25.9,3120
2010-07-08 00:00:00+05:30,25.0,26.6,25.0,25.4,5035
2010-07-09 00:00:00+05:30,27.5,27.5,25.0,26.95,19807
2010-07-12 00:00:00+05:30,27.0,27.6,26.6,26.85,15563
2010-07-13 00:00:00+05:30,26.5,27.85,26.0,27.35,26280
2010-07-14 00:00:00+05:30,27.5,27.5,26.8,26.9,7648
2010-07-15 00:00:00+05:30,26.7,27.5,26.1,26.1,6846
2010-07-16 00:00:00+05:30,26.1,26.85,26.1,26.35,1073
2010-07-19 00:00:00+05:30,25.3,26.65,25.3,26.05,6346
2010-07-20 00:00:00+05:30,26.45,26.45,25.65,25.8,3755
2010-07-21 00:00:00+05:30,26.0,26.0,25.2,25.3,9788
2010-07-22 00:00:00+05:30,26.1,26.1,25.2,25.35,2304
2010-07-23 00:00:00+05:30,25.2,26.2,25.15,25.55,6746
2010-07-26 00:00:00+05:30,26.2,26.2,24.85,25.0,3935
2010-07-27 00:00:00+05:30,25.45,25.45,24.8,25.15,2136
2010-07-28 00:00:00+05:30,25.4,25.45,24.5,24.75,5192
2010-07-29 00:00:00+05:30,24.0,24.95,24.0,24.75,5118
2010-07-30 00:00:00+05:30,24.2,25.35,24.2,25.25,4295
2010-08-02 00:00:00+05:30,24.5,25.15,24.2,24.8,12732
2010-08-03 00:00:00+05:30,24.85,25.45,24.6,25.3,5851
2010-08-04 00:00:00+05:30,24.7,25.65,24.7,25.25,5353
2010-08-05 00:00:00+05:30,24.6,25.65,24.6,25.15,8768
2010-08-06 00:00:00+05:30,25.15,25.55,25.15,25.35,3126
2010-08-09 00:00:00+05:30,25.0,25.35,24.85,25.0,1655
2010-08-10 00:00:00+05:30,25.2,25.5,24.85,25.2,11966
2010-08-11 00:00:00+05:30,25.0,25.0,24.5,24.6,5841
2010-08-12 00:00:00+05:30,24.6,25.05,24.5,24.5,4415
2010-08-13 00:00:00+05:30,24.8,25.2,24.8,24.8,2530
2010-08-16 00:00:00+05:30,25.8,25.8,24.5,24.85,11876
2010-08-17 00:00:00+05:30,24.5,25.3,24.5,24.8,5405
2010-08-18 00:00:00+05:30,24.05,24.8,24.05,24.4,11006
2010-08-19 00:00:00+05:30,25.0,25.0,24.5,24.55,7637
2010-08-20 00:00:00+05:30,24.15,25.7,24.15,24.95,9724
2010-08-23 00:00:00+05:30,24.75,25.9,24.65,24.65,9900
2010-08-24 00:00:00+05:30,24.75,24.75,24.0,24.5,8421
2010-08-25 00:00:00+05:30,24.5,25.6,24.5,25.2,21877
2010-08-26 00:00:00+05:30,24.8,25.2,24.8,24.95,3963
2010-08-27 00:00:00+05:30,24.8,25.05,24.4,24.9,12476
2010-08-30 00:00:00+05:30,25.9,25.9,24.25,24.3,4915
2010-08-31 00:00:00+05:30,24.0,24.2,23.7,23.8,3278
2010-09-01 00:00:00+05:30,24.35,28.0,24.35,26.35,67593
2010-09-02 00:00:00+05:30,26.0,28.9,25.8,27.8,109537
2010-09-03 00:00:00+05:30,28.0,28.1,26.6,27.1,12432
2010-09-06 00:00:00+05:30,27.0,27.35,26.6,27.05,8551
2010-09-07 00:00:00+05:30,28.0,28.0,27.0,27.5,10587
2010-09-08 00:00:00+05:30,27.5,29.0,25.0,27.5,28774
2010-09-09 00:00:00+05:30,28.4,28.4,27.05,27.65,7689
2010-09-13 00:00:00+05:30,28.6,28.6,27.25,27.45,14179
2010-09-14 00:00:00+05:30,27.5,28.0,26.75,27.15,15170
2010-09-15 00:00:00+05:30,27.5,27.7,26.5,26.55,16723
2010-09-16 00:00:00+05:30,27.1,27.1,26.1,26.2,7414
2010-09-17 00:00:00+05:30,26.6,27.35,26.05,27.0,34152
2010-09-20 00:00:00+05:30,27.5,32.4,27.4,32.1,419752
2010-09-21 00:00:00+05:30,32.75,32.75,28.6,28.9,153527
2010-09-22 00:00:00+05:30,30.0,30.35,27.5,28.25,47102
2010-09-23 00:00:00+05:30,28.0,29.0,27.05,28.65,24555
2010-09-24 00:00:00+05:30,29.0,29.0,28.1,28.4,15888
2010-09-27 00:00:00+05:30,29.6,29.7,28.9,29.25,46763
2010-09-28 00:00:00+05:30,29.75,31.4,29.4,30.85,88583
2010-09-29 00:00:00+05:30,31.9,31.9,29.7,30.05,16909
2010-09-30 00:00:00+05:30,31.9,35.0,31.9,33.9,653098
2010-10-01 00:00:00+05:30,35.0,37.0,34.0,34.25,235649
2010-10-04 00:00:00+05:30,34.75,35.65,32.3,33.3,50120
2010-10-05 00:00:00+05:30,32.65,33.55,32.25,32.5,38748
2010-10-06 00:00:00+05:30,27.5,33.0,27.5,31.45,56899
2010-10-07 00:00:00+05:30,31.8,32.45,31.15,31.3,20216
2010-10-08 00:00:00+05:30,31.5,32.3,31.05,31.2,16752
2010-10-11 00:00:00+05:30,32.0,32.3,31.3,31.45,15198
2010-10-12 00:00:00+05:30,25.5,32.0,25.5,30.75,21050
2010-10-13 00:00:00+05:30,31.65,32.0,31.0,31.1,13181
2010-10-14 00:00:00+05:30,30.8,31.8,30.3,30.7,13836
2010-10-15 00:00:00+05:30,30.5,30.5,28.1,30.4,17876
2010-10-18 00:00:00+05:30,29.2,32.0,29.2,30.4,13708
2010-10-19 00:00:00+05:30,31.5,32.0,29.55,29.85,10654
2010-10-20 00:00:00+05:30,29.5,31.85,29.3,30.7,35096
2010-10-21 00:00:00+05:30,31.55,31.6,30.4,30.55,10535
2010-10-22 00:00:00+05:30,29.35,31.8,29.25,31.35,21946
2010-10-25 00:00:00+05:30,31.75,32.0,31.5,31.7,34178
2010-10-26 00:00:00+05:30,31.05,32.65,31.05,31.6,15277
2010-10-27 00:00:00+05:30,31.5,31.6,29.7,31.0,11825
2010-10-28 00:00:00+05:30,29.55,31.95,29.55,31.0,8770
2010-10-29 00:00:00+05:30,29.8,31.5,29.8,30.6,15400
2010-11-01 00:00:00+05:30,31.2,31.2,29.8,30.25,6505
2010-11-02 00:00:00+05:30,30.15,30.95,27.7,29.65,10579
2010-11-03 00:00:00+05:30,29.85,32.9,29.85,31.8,63264
2010-11-04 00:00:00+05:30,32.0,32.45,31.0,31.6,11922
2010-11-05 00:00:00+05:30,31.6,33.0,30.35,32.1,22423
2010-11-08 00:00:00+05:30,32.1,34.7,32.1,33.95,156822
2010-11-09 00:00:00+05:30,35.0,37.5,34.25,35.15,178927
2010-11-10 00:00:00+05:30,35.0,37.1,35.0,36.2,94741
2010-11-11 00:00:00+05:30,36.5,36.7,34.25,34.6,27118
2010-11-12 00:00:00+05:30,33.5,34.05,31.65,32.15,36091
2010-11-15 00:00:00+05:30,32.0,32.9,31.0,31.75,30890
2010-11-16 00:00:00+05:30,31.9,32.55,30.4,31.2,18150
2010-11-18 00:00:00+05:30,31.5,31.5,29.8,30.4,15874
2010-11-19 00:00:00+05:30,30.8,30.85,29.05,29.55,10649
2010-11-22 00:00:00+05:30,30.0,30.45,29.05,30.0,12959
2010-11-23 00:00:00+05:30,29.5,30.0,27.5,29.2,15177
2010-11-24 00:00:00+05:30,28.1,30.25,28.1,29.1,6524
2010-11-25 00:00:00+05:30,29.1,30.2,28.2,28.6,7683
2010-11-26 00:00:00+05:30,28.4,28.4,26.0,26.95,16847
2010-11-29 00:00:00+05:30,23.55,28.5,23.55,26.95,25268
2010-11-30 00:00:00+05:30,26.0,27.7,26.0,27.0,11197
2010-12-01 00:00:00+05:30,27.9,29.4,27.85,28.9,13660
2010-12-02 00:00:00+05:30,29.85,30.4,29.3,29.8,12860
2010-12-03 00:00:00+05:30,29.9,30.7,28.0,29.25,15121
2010-12-06 00:00:00+05:30,29.1,30.5,29.0,29.45,12964
2010-12-07 00:00:00+05:30,27.15,29.85,27.15,28.65,8176
2010-12-08 00:00:00+05:30,27.85,29.4,27.25,27.75,13744
2010-12-09 00:00:00+05:30,28.0,28.0,26.5,26.9,6910
2010-12-10 00:00:00+05:30,22.55,28.0,22.55,27.7,9647
2010-12-13 00:00:00+05:30,22.5,28.3,22.5,28.05,9182
2010-12-14 00:00:00+05:30,28.3,28.5,27.75,28.25,13580
2010-12-15 00:00:00+05:30,28.4,28.5,27.2,27.3,5947
2010-12-16 00:00:00+05:30,28.5,29.5,28.5,28.75,22705
2010-12-20 00:00:00+05:30,28.8,29.5,28.5,28.75,6449
2010-12-21 00:00:00+05:30,29.6,29.6,28.45,28.65,14565
2010-12-22 00:00:00+05:30,29.0,29.5,28.55,29.15,8949
2010-12-23 00:00:00+05:30,29.15,29.55,28.25,29.15,22732
2010-12-24 00:00:00+05:30,29.7,30.85,28.65,30.55,37618
2010-12-27 00:00:00+05:30,31.55,32.2,31.0,31.05,54904
2010-12-28 00:00:00+05:30,30.95,30.95,30.2,30.5,16069
2010-12-29 00:00:00+05:30,31.45,31.45,30.6,30.9,18576
2010-12-30 00:00:00+05:30,30.55,31.5,30.0,30.65,29475
2010-12-31 00:00:00+05:30,29.75,30.6,29.75,30.15,12068
2011-01-03 00:00:00+05:30,30.65,30.9,30.4,30.65,11913
2011-01-04 00:00:00+05:30,31.5,32.15,30.4,31.1,38834
2011-01-05 00:00:00+05:30,31.0,31.25,30.25,30.55,7658
2011-01-06 00:00:00+05:30,31.2,31.2,30.35,30.65,11812
2011-01-07 00:00:00+05:30,28.0,31.5,28.0,29.45,21768
2011-01-10 00:00:00+05:30,29.0,30.1,28.5,28.55,10231
2011-01-11 00:00:00+05:30,29.5,29.5,27.8,28.05,11628
2011-01-12 00:00:00+05:30,28.05,29.4,27.15,28.6,30613
2011-01-13 00:00:00+05:30,29.0,29.25,27.8,27.9,8993
2011-01-14 00:00:00+05:30,27.35,28.75,27.15,27.4,18939
2011-01-17 00:00:00+05:30,28.0,28.0,26.8,27.0,6560
2011-01-18 00:00:00+05:30,27.8,27.8,26.6,27.05,1667
2011-01-19 00:00:00+05:30,27.0,27.1,26.4,26.6,8971
2011-01-20 00:00:00+05:30,26.5,26.95,26.2,26.25,4345
2011-01-21 00:00:00+05:30,26.8,26.8,26.0,26.35,6358
2011-01-24 00:00:00+05:30,26.0,27.15,25.05,27.0,10188
2011-01-25 00:00:00+05:30,26.8,26.8,26.05,26.15,8670
2011-01-27 00:00:00+05:30,25.05,26.75,25.05,26.4,9043
2011-01-28 00:00:00+05:30,26.0,26.0,24.0,24.6,12583
2011-01-31 00:00:00+05:30,24.0,24.5,23.35,24.15,6511
2011-02-01 00:00:00+05:30,23.85,25.4,23.85,24.95,13993
2011-02-02 00:00:00+05:30,24.8,25.4,24.05,24.55,7797
2011-02-03 00:00:00+05:30,24.6,25.5,24.6,24.9,15384
2011-02-04 00:00:00+05:30,26.0,26.0,24.6,25.0,12001
2011-02-07 00:00:00+05:30,25.0,25.0,24.0,24.55,2648
2011-02-08 00:00:00+05:30,25.0,25.2,23.0,23.4,12187
2011-02-09 00:00:00+05:30,23.55,23.55,21.7,22.0,6825
2011-02-10 00:00:00+05:30,22.0,22.5,21.0,21.7,10055
2011-02-11 00:00:00+05:30,22.0,22.9,21.3,22.7,18540
2011-02-14 00:00:00+05:30,22.9,24.6,22.9,24.3,9787
2011-02-15 00:00:00+05:30,23.05,24.1,23.05,23.75,4544
2011-02-16 00:00:00+05:30,20.15,25.0,20.15,24.25,22226
2011-02-17 00:00:00+05:30,23.6,24.8,23.6,24.3,8369
2011-02-18 00:00:00+05:30,24.0,24.05,23.25,23.6,3208
2011-02-21 00:00:00+05:30,23.0,23.6,22.1,23.35,4098
2011-02-22 00:00:00+05:30,23.6,23.6,23.2,23.5,1371
2011-02-23 00:00:00+05:30,22.7,23.95,22.7,23.45,2957
2011-02-24 00:00:00+05:30,22.35,24.35,22.35,22.75,6302
2011-02-25 00:00:00+05:30,22.15,22.85,22.0,22.5,5308
2011-02-28 00:00:00+05:30,23.0,23.7,22.5,22.5,7645
2011-03-01 00:00:00+05:30,22.55,23.5,22.55,23.05,3137
2011-03-03 00:00:00+05:30,23.0,23.35,22.5,22.9,13442
2011-03-04 00:00:00+05:30,22.9,23.25,22.65,22.95,7209
2011-03-07 00:00:00+05:30,21.1,23.0,21.0,21.7,54990
2011-03-08 00:00:00+05:30,22.9,25.1,21.7,21.95,5267
2011-03-09 00:00:00+05:30,22.0,22.7,22.0,22.5,2936
2011-03-10 00:00:00+05:30,22.75,22.75,21.9,22.65,3478
2011-03-11 00:00:00+05:30,22.2,22.8,22.15,22.65,9740
2011-03-14 00:00:00+05:30,22.75,22.75,22.1,22.6,5336
2011-03-15 00:00:00+05:30,20.85,22.35,20.85,22.2,4890
2011-03-16 00:00:00+05:30,22.9,22.9,21.95,22.1,1388
2011-03-17 00:00:00+05:30,22.45,22.8,21.75,22.3,4421
2011-03-18 00:00:00+05:30,22.0,22.55,21.45,21.5,10213
2011-03-21 00:00:00+05:30,21.45,21.45,20.95,21.1,16796
2011-03-22 00:00:00+05:30,22.0,22.25,21.6,21.8,8963
2011-03-23 00:00:00+05:30,22.25,24.5,22.2,22.8,34310
2011-03-24 00:00:00+05:30,22.7,23.3,22.0,22.6,7216
2011-03-25 00:00:00+05:30,24.5,24.5,22.6,23.05,7030
2011-03-28 00:00:00+05:30,23.2,23.2,22.1,22.25,17267
2011-03-29 00:00:00+05:30,22.75,22.9,21.95,22.2,18272
2011-03-30 00:00:00+05:30,21.5,23.0,21.5,22.6,4949
2011-03-31 00:00:00+05:30,23.8,23.9,22.2,22.4,7943
2011-04-01 00:00:00+05:30,22.9,25.0,22.6,24.4,19567
2011-04-04 00:00:00+05:30,24.8,25.0,23.55,24.8,6737
2011-04-05 00:00:00+05:30,24.05,29.45,24.0,27.05,107370
2011-04-06 00:00:00+05:30,29.4,29.5,27.95,28.2,71059
2011-04-07 00:00:00+05:30,28.4,28.8,27.65,27.85,21735
2011-04-08 00:00:00+05:30,28.75,28.75,25.7,26.05,10387
2011-04-11 00:00:00+05:30,25.0,26.35,25.0,25.45,9466
2011-04-13 00:00:00+05:30,24.3,26.7,24.3,26.2,3831
2011-04-15 00:00:00+05:30,25.35,27.1,25.35,25.65,7695
2011-04-18 00:00:00+05:30,26.75,26.75,25.5,25.75,11132
2011-04-19 00:00:00+05:30,26.3,26.4,25.75,25.9,6949
2011-04-20 00:00:00+05:30,25.6,26.7,25.6,26.3,7121
2011-04-21 00:00:00+05:30,26.0,27.0,25.5,25.55,9810
2011-04-25 00:00:00+05:30,26.55,26.9,25.6,25.95,6898
2011-04-26 00:00:00+05:30,25.55,26.0,25.5,25.7,7852
2011-04-27 00:00:00+05:30,26.75,26.75,25.65,25.7,6714
2011-04-28 00:00:00+05:30,27.45,27.45,25.1,25.85,16070
2011-04-29 00:00:00+05:30,25.25,26.4,25.1,25.2,2609
2011-05-02 00:00:00+05:30,25.0,25.35,24.9,25.1,7296
2011-05-03 00:00:00+05:30,24.5,25.55,24.5,25.0,3055
2011-05-04 00:00:00+05:30,25.05,25.1,24.55,24.6,1822
2011-05-05 00:00:00+05:30,24.9,25.65,24.0,24.55,5291
2011-05-06 00:00:00+05:30,23.3,25.2,23.3,24.1,4351
2011-05-09 00:00:00+05:30,23.85,24.9,23.8,24.4,2589
2011-05-10 00:00:00+05:30,23.0,27.0,22.0,24.55,1417
2011-05-11 00:00:00+05:30,24.0,25.45,23.55,24.2,1383
2011-05-12 00:00:00+05:30,23.35,24.45,23.35,23.7,1442
2011-05-13 00:00:00+05:30,22.35,25.1,22.35,24.9,7146
2011-05-16 00:00:00+05:30,24.2,24.9,24.1,24.15,7654
2011-05-17 00:00:00+05:30,24.05,24.1,23.25,24.1,1594
2011-05-18 00:00:00+05:30,23.15,25.2,23.15,23.65,6100
2011-05-19 00:00:00+05:30,24.85,24.85,22.9,23.4,1732
2011-05-20 00:00:00+05:30,23.45,23.45,23.0,23.35,6336
2011-05-23 00:00:00+05:30,23.4,23.6,23.2,23.4,768
2011-05-24 00:00:00+05:30,25.1,25.1,23.4,23.9,11764
2011-05-25 00:00:00+05:30,23.15,23.95,22.7,23.1,2766
2011-05-26 00:00:00+05:30,23.2,23.25,22.6,22.9,3973
2011-05-27 00:00:00+05:30,23.0,23.4,22.8,23.2,4934
2011-05-30 00:00:00+05:30,23.45,23.45,23.0,23.1,4344
2011-05-31 00:00:00+05:30,25.0,25.0,23.6,23.95,15240
2011-06-01 00:00:00+05:30,24.0,25.0,23.05,24.75,37449
2011-06-02 00:00:00+05:30,27.25,27.25,23.45,23.55,14509
2011-06-03 00:00:00+05:30,23.5,24.0,22.75,22.9,19522
2011-06-06 00:00:00+05:30,22.6,23.15,22.3,22.6,7742
2011-06-07 00:00:00+05:30,22.55,23.0,22.1,22.7,17372
2011-06-08 00:00:00+05:30,23.4,23.4,22.55,22.95,11889
2011-06-09 00:00:00+05:30,22.55,23.35,22.55,22.85,36114
2011-06-10 00:00:00+05:30,24.5,24.5,22.5,22.7,15650
2011-06-13 00:00:00+05:30,24.3,24.3,22.65,22.85,7430
2011-06-14 00:00:00+05:30,22.9,23.15,22.7,23.0,4434
2011-06-15 00:00:00+05:30,22.7,26.45,22.7,25.7,238604
2011-06-16 00:00:00+05:30,25.2,26.0,24.15,24.3,26145
2011-06-17 00:00:00+05:30,23.75,24.45,23.7,23.95,4717
2011-06-20 00:00:00+05:30,23.0,23.6,23.0,23.25,5359
2011-06-21 00:00:00+05:30,23.05,23.4,22.55,22.6,8605
2011-06-22 00:00:00+05:30,22.5,23.7,22.45,22.55,17329
2011-06-23 00:00:00+05:30,22.8,23.35,22.35,22.6,8514
2011-06-24 00:00:00+05:30,23.1,23.75,23.0,23.45,10713
2011-06-27 00:00:00+05:30,22.7,23.5,22.7,22.95,7291
2011-06-28 00:00:00+05:30,22.55,23.6,22.55,22.9,4456
2011-06-29 00:00:00+05:30,23.15,24.0,23.15,24.0,14314
2011-06-30 00:00:00+05:30,24.0,24.5,23.25,23.6,6984
2011-07-01 00:00:00+05:30,23.7,23.85,23.3,23.5,5893
2011-07-04 00:00:00+05:30,23.75,24.85,23.75,24.4,13733
2011-07-05 00:00:00+05:30,24.4,24.9,24.0,24.2,6051
2011-07-06 00:00:00+05:30,24.85,24.85,24.05,24.25,6286
2011-07-07 00:00:00+05:30,24.05,24.65,23.65,23.85,3483
2011-07-08 00:00:00+05:30,24.0,24.7,24.0,24.2,9284
2011-07-11 00:00:00+05:30,25.0,25.9,20.4,24.45,15627
2011-07-12 00:00:00+05:30,24.55,24.55,24.0,24.05,3186
2011-07-13 00:00:00+05:30,25.75,25.75,24.4,25.05,23093
2011-07-14 00:00:00+05:30,24.75,25.0,24.6,24.9,1756
2011-07-15 00:00:00+05:30,27.05,27.05,24.25,24.5,3070
2011-07-18 00:00:00+05:30,24.55,25.0,24.15,24.7,3276
2011-07-19 00:00:00+05:30,25.45,25.45,24.2,24.2,1000
2011-07-20 00:00:00+05:30,24.2,24.5,23.9,24.05,3468
2011-07-21 00:00:00+05:30,24.05,24.1,23.7,23.7,2724
2011-07-22 00:00:00+05:30,23.0,24.95,22.65,23.9,14631
2011-07-25 00:00:00+05:30,25.0,25.0,23.45,23.8,6390
2011-07-26 00:00:00+05:30,23.8,23.9,23.6,23.75,1295
2011-07-27 00:00:00+05:30,24.0,24.0,23.3,23.4,5835
2011-07-28 00:00:00+05:30,23.0,24.0,23.0,23.35,4105
2011-07-29 00:00:00+05:30,19.3,26.7,19.3,22.75,14872
2011-08-01 00:00:00+05:30,22.75,23.15,22.3,22.3,4902
2011-08-02 00:00:00+05:30,22.15,22.2,20.8,21.4,10823
2011-08-03 00:00:00+05:30,20.1,21.5,20.1,21.35,3884
2011-08-04 00:00:00+05:30,20.4,21.9,20.4,21.25,2949
2011-08-05 00:00:00+05:30,19.8,23.0,18.5,19.95,23793
2011-08-08 00:00:00+05:30,19.0,19.95,19.0,19.35,7186
2011-08-09 00:00:00+05:30,18.0,20.05,18.0,18.35,12701
2011-08-10 00:00:00+05:30,18.7,20.3,18.7,20.05,10775
2011-08-11 00:00:00+05:30,19.85,21.0,19.5,20.35,4802
2011-08-12 00:00:00+05:30,20.4,21.1,20.0,20.4,3809
2011-08-16 00:00:00+05:30,20.7,20.7,18.05,19.35,12880
2011-08-17 00:00:00+05:30,19.5,20.0,18.3,19.0,4003
2011-08-18 00:00:00+05:30,19.1,19.15,17.45,17.7,9012
2011-08-19 00:00:00+05:30,17.5,18.0,16.75,17.95,4255
2011-08-22 00:00:00+05:30,17.3,18.35,17.3,18.25,2661
2011-08-23 00:00:00+05:30,18.0,18.8,18.0,18.3,3357
2011-08-24 00:00:00+05:30,21.0,21.0,17.7,18.05,5375
2011-08-25 00:00:00+05:30,18.8,18.8,17.65,18.0,7833
2011-08-26 00:00:00+05:30,17.6,18.3,17.2,17.3,4485
2011-08-29 00:00:00+05:30,17.6,19.9,17.6,19.05,17750
2011-08-30 00:00:00+05:30,19.1,20.35,19.0,19.1,4138
2011-09-02 00:00:00+05:30,19.3,19.45,18.55,18.55,5474
2011-09-05 00:00:00+05:30,19.3,19.3,18.6,18.8,600
2011-09-06 00:00:00+05:30,19.0,19.0,18.45,18.9,3606
2011-09-07 00:00:00+05:30,19.1,19.35,19.1,19.2,3140
2011-09-08 00:00:00+05:30,19.1,19.6,19.1,19.5,1246
2011-09-09 00:00:00+05:30,19.45,19.55,18.5,18.8,6191
2011-09-12 00:00:00+05:30,18.1,18.75,18.0,18.5,3183
2011-09-13 00:00:00+05:30,18.35,18.75,18.25,18.3,6363
2011-09-14 00:00:00+05:30,18.15,19.25,17.9,18.15,7077
2011-09-15 00:00:00+05:30,18.8,18.8,18.1,18.2,6877
2011-09-16 00:00:00+05:30,17.4,19.75,17.4,18.05,3863
2011-09-19 00:00:00+05:30,18.6,18.6,17.8,18.05,2310
2011-09-20 00:00:00+05:30,18.4,18.5,18.05,18.25,1751
2011-09-21 00:00:00+05:30,18.8,18.8,17.8,18.15,6174
2011-09-22 00:00:00+05:30,17.95,18.25,17.9,17.95,1745
2011-09-23 00:00:00+05:30,17.15,17.9,17.15,17.75,2684
2011-09-26 00:00:00+05:30,17.55,17.55,16.75,17.0,2359
2011-09-27 00:00:00+05:30,18.35,18.35,17.3,17.4,1040
2011-09-28 00:00:00+05:30,18.5,18.5,17.35,17.55,1192
2011-09-29 00:00:00+05:30,18.5,18.5,16.6,16.85,6156
2011-09-30 00:00:00+05:30,16.25,17.9,16.25,16.65,4915
2011-10-03 00:00:00+05:30,16.55,17.85,16.0,16.35,9058
2011-10-04 00:00:00+05:30,16.0,16.8,16.0,16.3,942
2011-10-05 00:00:00+05:30,16.7,16.9,15.5,16.25,675
2011-10-07 00:00:00+05:30,17.9,17.9,16.5,16.5,462
2011-10-10 00:00:00+05:30,16.15,16.75,16.15,16.7,582
2011-10-11 00:00:00+05:30,18.5,18.5,16.55,16.65,4484
2011-10-12 00:00:00+05:30,17.15,17.15,16.5,16.95,2087
2011-10-13 00:00:00+05:30,17.05,17.8,16.8,16.85,2584
2011-10-14 00:00:00+05:30,16.95,17.4,16.95,17.2,2143
2011-10-17 00:00:00+05:30,18.0,18.6,17.55,17.75,8171
2011-10-18 00:00:00+05:30,17.7,17.7,17.2,17.35,3440
2011-10-19 00:00:00+05:30,17.6,17.9,17.55,17.75,1861
2011-10-20 00:00:00+05:30,17.55,17.65,17.25,17.6,3154
2011-10-21 00:00:00+05:30,17.3,17.4,17.25,17.25,617
2011-10-24 00:00:00+05:30,17.25,17.25,17.0,17.2,1900
2011-10-25 00:00:00+05:30,17.2,17.3,16.65,17.2,609
2011-10-26 00:00:00+05:30,17.6,17.6,17.6,17.6,50
2011-10-28 00:00:00+05:30,17.6,17.85,17.45,17.65,2792
2011-10-31 00:00:00+05:30,18.0,18.0,17.1,17.85,837
2011-11-01 00:00:00+05:30,17.05,18.15,17.05,17.65,2239
2011-11-02 00:00:00+05:30,17.95,18.55,17.8,18.4,15799
2011-11-03 00:00:00+05:30,18.5,19.0,17.8,18.45,4025
2011-11-04 00:00:00+05:30,18.0,19.5,18.0,18.35,4908
2011-11-08 00:00:00+05:30,18.0,18.3,17.7,17.8,2186
2011-11-09 00:00:00+05:30,18.25,18.3,17.6,17.8,650
2011-11-11 00:00:00+05:30,17.75,17.85,16.8,16.8,2507
2011-11-14 00:00:00+05:30,17.0,17.4,16.3,16.8,21342
2011-11-15 00:00:00+05:30,17.1,17.1,15.4,15.55,4160
2011-11-16 00:00:00+05:30,16.45,16.45,15.2,15.6,7361
2011-11-17 00:00:00+05:30,16.05,16.05,14.65,14.65,2877
2011-11-18 00:00:00+05:30,14.25,14.35,13.05,14.0,16371
2011-11-21 00:00:00+05:30,14.75,14.75,13.6,13.75,6580
2011-11-22 00:00:00+05:30,14.5,14.5,13.85,13.95,1225
2011-11-23 00:00:00+05:30,14.0,14.0,13.5,13.85,3114
2011-11-24 00:00:00+05:30,13.1,14.4,13.1,13.75,6904
2011-11-25 00:00:00+05:30,13.85,14.35,13.65,14.0,1246
2011-11-28 00:00:00+05:30,13.6,14.45,13.6,13.85,943
2011-11-29 00:00:00+05:30,14.1,14.1,13.4,13.7,417
2011-11-30 00:00:00+05:30,14.0,14.0,13.55,13.65,1002
2011-12-01 00:00:00+05:30,14.0,15.2,13.8,14.05,1896
2011-12-02 00:00:00+05:30,13.5,14.8,13.5,14.4,6783
2011-12-05 00:00:00+05:30,14.0,14.75,13.65,14.0,7805
2011-12-07 00:00:00+05:30,14.15,14.25,13.9,13.95,1044
2011-12-08 00:00:00+05:30,13.4,14.15,13.4,14.15,3231
2011-12-09 00:00:00+05:30,13.2,14.1,13.1,13.9,3768
2011-12-12 00:00:00+05:30,14.0,14.0,13.05,13.45,1127
2011-12-13 00:00:00+05:30,13.25,13.75,13.2,13.55,381
2011-12-14 00:00:00+05:30,13.05,14.0,13.05,13.35,1434
2011-12-15 00:00:00+05:30,12.9,13.8,11.35,12.9,26202
2011-12-16 00:00:00+05:30,12.65,13.95,12.65,13.45,5515
2011-12-19 00:00:00+05:30,13.0,13.75,12.7,13.0,6549
2011-12-20 00:00:00+05:30,12.35,15.55,12.0,13.7,11837
2011-12-21 00:00:00+05:30,13.25,14.45,13.25,14.0,976
2011-12-22 00:00:00+05:30,12.5,14.95,12.5,14.5,8702
2011-12-23 00:00:00+05:30,14.0,15.8,13.85,14.55,4864
2011-12-26 00:00:00+05:30,14.0,14.75,13.7,14.3,2519
2011-12-27 00:00:00+05:30,14.6,14.6,14.3,14.3,3150
2011-12-28 00:00:00+05:30,16.5,16.5,13.6,14.65,3532
2011-12-29 00:00:00+05:30,14.0,14.4,13.55,14.1,4265
2011-12-30 00:00:00+05:30,15.2,15.2,14.25,14.4,4338
2012-01-02 00:00:00+05:30,14.0,15.25,14.0,14.85,8679
2012-01-03 00:00:00+05:30,14.2,15.25,14.2,14.9,3602
2012-01-04 00:00:00+05:30,14.2,15.2,14.2,15.0,2360
2012-01-05 00:00:00+05:30,14.8,15.2,14.5,14.5,2455
2012-01-06 00:00:00+05:30,14.0,15.0,14.0,14.8,1230
2012-01-09 00:00:00+05:30,14.8,17.5,14.5,15.8,3898
2012-01-10 00:00:00+05:30,15.25,17.0,15.25,16.0,7902
2012-01-11 00:00:00+05:30,16.15,17.8,15.7,16.1,1421
2012-01-12 00:00:00+05:30,16.0,17.5,16.0,17.2,14220
2012-01-13 00:00:00+05:30,17.45,18.05,17.2,17.3,11460
2012-01-16 00:00:00+05:30,17.0,17.5,16.0,16.85,3398
2012-01-17 00:00:00+05:30,16.5,16.95,15.5,16.45,2595
2012-01-18 00:00:00+05:30,16.1,16.95,15.6,16.0,1962
2012-01-19 00:00:00+05:30,16.0,16.05,15.6,15.9,3785
2012-01-20 00:00:00+05:30,15.9,16.9,15.9,15.9,763
2012-01-23 00:00:00+05:30,15.5,15.5,14.7,14.95,22538
2012-01-24 00:00:00+05:30,14.85,15.45,14.7,15.0,11861
2012-01-25 00:00:00+05:30,14.75,15.8,14.75,15.6,13100
2012-01-27 00:00:00+05:30,16.3,16.85,16.0,16.45,17908
2012-01-30 00:00:00+05:30,16.1,17.55,16.1,16.5,41218
2012-01-31 00:00:00+05:30,16.2,16.95,14.65,16.05,20829
2012-02-01 00:00:00+05:30,16.1,17.0,15.8,16.75,18172
2012-02-02 00:00:00+05:30,16.5,17.0,16.4,16.55,2270
2012-02-03 00:00:00+05:30,16.8,16.8,16.25,16.25,3616
2012-02-06 00:00:00+05:30,17.0,17.0,15.8,16.15,10345
2012-02-07 00:00:00+05:30,16.2,17.5,16.2,16.6,7318
2012-02-08 00:00:00+05:30,17.2,19.5,16.4,16.6,19901
2012-02-09 00:00:00+05:30,17.15,17.2,16.25,16.4,9195
2012-02-10 00:00:00+05:30,16.4,16.6,16.2,16.25,11178
2012-02-13 00:00:00+05:30,16.0,16.25,15.8,16.05,1881
2012-02-14 00:00:00+05:30,16.85,16.85,15.9,16.0,9984
2012-02-15 00:00:00+05:30,16.0,16.5,16.0,16.1,6227
2012-02-16 00:00:00+05:30,16.0,16.5,15.9,16.25,4428
2012-02-17 00:00:00+05:30,16.0,17.15,16.0,16.65,17132
2012-02-21 00:00:00+05:30,16.75,16.75,15.7,16.1,21514
2012-02-22 00:00:00+05:30,15.9,17.1,15.8,16.2,9585
2012-02-23 00:00:00+05:30,16.0,16.55,15.7,15.95,4074
2012-02-24 00:00:00+05:30,16.5,16.5,15.4,16.0,5289
2012-02-27 00:00:00+05:30,15.8,15.8,15.05,15.3,4326
2012-02-28 00:00:00+05:30,16.05,16.5,15.3,15.5,2922
2012-02-29 00:00:00+05:30,15.5,15.85,15.1,15.6,4518
2012-03-01 00:00:00+05:30,15.45,16.35,15.45,15.95,1350
2012-03-02 00:00:00+05:30,15.75,16.45,15.5,15.6,2951
2012-03-03 00:00:00+05:30,16.0,16.2,16.0,16.2,60
2012-03-05 00:00:00+05:30,16.6,16.95,15.95,16.05,5926
2012-03-06 00:00:00+05:30,16.5,16.5,16.15,16.2,6389
2012-03-07 00:00:00+05:30,15.85,16.5,15.25,15.85,3884
2012-03-09 00:00:00+05:30,16.5,16.5,15.5,15.85,3837
2012-03-12 00:00:00+05:30,15.75,16.0,15.7,15.7,4399
2012-03-13 00:00:00+05:30,15.75,16.0,15.25,15.75,5689
2012-03-14 00:00:00+05:30,15.85,16.3,15.25,15.65,3684
2012-03-15 00:00:00+05:30,15.5,15.95,15.1,15.3,9519
2012-03-16 00:00:00+05:30,16.1,16.1,14.5,14.95,6162
2012-03-19 00:00:00+05:30,14.95,15.1,14.75,14.75,2728
2012-03-20 00:00:00+05:30,14.6,14.9,14.6,14.8,1527
2012-03-21 00:00:00+05:30,14.65,14.65,13.55,13.75,28585
2012-03-22 00:00:00+05:30,13.85,14.2,13.55,13.6,3511
2012-03-23 00:00:00+05:30,13.55,15.9,13.55,13.6,1640
2012-03-26 00:00:00+05:30,13.35,13.95,13.3,13.65,3240
2012-03-27 00:00:00+05:30,14.5,14.5,13.05,13.35,21878
2012-03-28 00:00:00+05:30,13.0,13.6,12.4,12.95,6530
2012-03-29 00:00:00+05:30,12.9,13.3,12.8,13.25,1863
2012-03-30 00:00:00+05:30,14.0,14.0,13.15,13.6,1011
2012-04-02 00:00:00+05:30,13.5,13.6,13.25,13.35,2034
2012-04-03 00:00:00+05:30,13.5,14.4,13.35,13.45,3179
2012-04-04 00:00:00+05:30,13.4,13.6,13.2,13.6,762
2012-04-09 00:00:00+05:30,13.1,13.4,12.85,13.1,1339
2012-04-10 00:00:00+05:30,13.0,13.7,13.0,13.15,2918
2012-04-11 00:00:00+05:30,13.15,13.9,13.0,13.1,1458
2012-04-12 00:00:00+05:30,13.15,14.0,13.15,13.3,2058
2012-04-13 00:00:00+05:30,13.25,14.05,13.25,13.55,8504
2012-04-16 00:00:00+05:30,13.0,14.0,13.0,13.65,1406
2012-04-17 00:00:00+05:30,13.05,14.0,13.05,13.25,1350
2012-04-18 00:00:00+05:30,13.4,13.7,13.35,13.45,2726
2012-04-19 00:00:00+05:30,13.5,13.75,13.25,13.3,1307
2012-04-20 00:00:00+05:30,13.2,13.8,13.1,13.2,3665
2012-04-23 00:00:00+05:30,13.35,13.35,13.0,13.05,1555
2012-04-24 00:00:00+05:30,13.1,13.2,12.8,12.95,2517
2012-04-25 00:00:00+05:30,12.75,13.4,12.6,12.8,7445
2012-04-26 00:00:00+05:30,12.5,13.15,12.35,13.0,3440
2012-04-27 00:00:00+05:30,12.5,12.95,12.5,12.8,2670
2012-04-28 00:00:00+05:30,12.5,12.55,12.5,12.55,452
2012-04-30 00:00:00+05:30,13.8,13.8,12.75,13.25,694
2012-05-02 00:00:00+05:30,13.65,13.65,12.65,12.95,2950
2012-05-03 00:00:00+05:30,14.0,14.9,13.65,14.0,62109
2012-05-04 00:00:00+05:30,14.0,14.0,12.75,13.25,4576
2012-05-07 00:00:00+05:30,13.2,13.9,13.0,13.3,2496
2012-05-08 00:00:00+05:30,13.0,13.45,13.0,13.15,2400
2012-05-09 00:00:00+05:30,13.0,13.2,12.55,12.8,2740
2012-05-10 00:00:00+05:30,13.5,13.5,12.3,12.9,2691
2012-05-11 00:00:00+05:30,13.95,13.95,12.65,12.7,4974
2012-05-14 00:00:00+05:30,12.5,13.0,12.5,12.7,2424
2012-05-15 00:00:00+05:30,12.5,13.0,12.05,12.65,2386
2012-05-16 00:00:00+05:30,12.5,12.95,12.0,12.7,2317
2012-05-17 00:00:00+05:30,12.95,13.2,11.65,12.25,5230
2012-05-18 00:00:00+05:30,12.0,12.85,10.75,11.5,31359
2012-05-21 00:00:00+05:30,11.4,11.95,11.4,11.6,2338
2012-05-22 00:00:00+05:30,11.6,11.9,11.45,11.45,2002
2012-05-23 00:00:00+05:30,11.45,11.85,11.05,11.8,2038
2012-05-24 00:00:00+05:30,11.7,11.85,11.45,11.6,5187
2012-05-25 00:00:00+05:30,11.6,11.85,11.5,11.55,1631
2012-05-28 00:00:00+05:30,11.4,12.45,11.4,12.0,3743
2012-05-29 00:00:00+05:30,11.8,12.45,11.55,12.1,1725
2012-05-30 00:00:00+05:30,11.8,12.5,11.7,11.8,1517
2012-05-31 00:00:00+05:30,11.8,11.8,11.8,11.8,73
2012-06-01 00:00:00+05:30,11.5,12.05,11.35,11.85,6005
2012-06-04 00:00:00+05:30,11.55,11.8,11.55,11.65,969
2012-06-05 00:00:00+05:30,11.65,12.5,11.6,12.0,1183
2012-06-06 00:00:00+05:30,11.5,12.25,11.5,12.05,469
2012-06-07 00:00:00+05:30,12.45,12.45,11.8,12.05,1090
2012-06-08 00:00:00+05:30,11.8,12.15,11.4,11.95,5812
2012-06-11 00:00:00+05:30,11.8,12.2,11.75,11.75,2803
2012-06-12 00:00:00+05:30,11.65,11.9,11.65,11.75,3271
2012-06-13 00:00:00+05:30,11.8,12.25,11.8,12.0,687
2012-06-14 00:00:00+05:30,11.9,12.25,11.9,12.1,1248
2012-06-15 00:00:00+05:30,12.0,12.0,11.75,11.75,3209
2012-06-18 00:00:00+05:30,11.8,11.8,11.5,11.6,1170
2012-06-19 00:00:00+05:30,11.7,11.7,11.4,11.55,877
2012-06-20 00:00:00+05:30,11.4,12.0,11.0,11.35,2384
2012-06-21 00:00:00+05:30,11.4,12.0,11.4,11.65,2566
2012-06-22 00:00:00+05:30,12.25,12.8,12.0,12.35,4672
2012-06-25 00:00:00+05:30,12.75,13.05,12.6,12.6,6802
2012-06-26 00:00:00+05:30,12.4,12.85,12.35,12.5,431
2012-06-27 00:00:00+05:30,12.95,12.95,12.25,12.65,3663
2012-06-28 00:00:00+05:30,13.0,13.0,12.4,12.4,4936
2012-06-29 00:00:00+05:30,12.0,12.95,12.0,12.8,1584
2012-07-02 00:00:00+05:30,12.7,13.2,12.25,13.05,5945
2012-07-03 00:00:00+05:30,13.4,13.4,13.0,13.3,4794
2012-07-04 00:00:00+05:30,14.0,14.0,13.0,13.1,1667
2012-07-05 00:00:00+05:30,13.0,14.4,12.35,14.3,10482
2012-07-06 00:00:00+05:30,14.25,16.8,14.05,15.9,65706
2012-07-09 00:00:00+05:30,15.75,16.5,15.5,15.9,18622
2012-07-10 00:00:00+05:30,14.7,16.85,14.7,16.1,20847
2012-07-11 00:00:00+05:30,16.1,16.5,15.55,15.7,10714
2012-07-12 00:00:00+05:30,15.5,16.3,15.5,16.05,5481
2012-07-13 00:00:00+05:30,16.5,16.65,16.1,16.4,3618
2012-07-16 00:00:00+05:30,16.35,16.95,16.1,16.25,12470
2012-07-17 00:00:00+05:30,16.75,16.75,15.6,16.15,11353
2012-07-18 00:00:00+05:30,15.9,15.9,15.4,15.6,3789
2012-07-19 00:00:00+05:30,16.4,16.4,15.5,15.8,8901
2012-07-20 00:00:00+05:30,15.5,15.75,15.05,15.1,2516
2012-07-23 00:00:00+05:30,14.6,15.45,14.55,14.9,5350
2012-07-24 00:00:00+05:30,15.05,15.6,15.05,15.6,3927
2012-07-25 00:00:00+05:30,15.6,16.25,15.6,15.7,2426
2012-07-26 00:00:00+05:30,15.5,16.2,15.0,15.1,2176
2012-07-27 00:00:00+05:30,15.2,15.2,14.35,14.5,4093
2012-07-30 00:00:00+05:30,13.8,14.2,13.8,14.05,3751
2012-07-31 00:00:00+05:30,14.1,14.75,14.1,14.75,2304
2012-08-01 00:00:00+05:30,14.05,15.45,14.05,15.15,4151
2012-08-02 00:00:00+05:30,15.5,15.7,15.5,15.5,7000
2012-08-03 00:00:00+05:30,15.15,15.6,15.15,15.2,2169
2012-08-06 00:00:00+05:30,15.9,15.95,15.65,15.95,2929
2012-08-07 00:00:00+05:30,16.1,16.45,16.0,16.35,3311
2012-08-08 00:00:00+05:30,16.1,16.1,15.55,15.55,1786
2012-08-09 00:00:00+05:30,15.3,16.1,15.3,15.5,2464
2012-08-10 00:00:00+05:30,15.5,15.95,15.15,15.2,3180
2012-08-13 00:00:00+05:30,14.85,15.2,14.85,15.2,1546
2012-08-14 00:00:00+05:30,15.05,15.05,15.05,15.05,200
2012-08-16 00:00:00+05:30,15.0,15.0,14.5,14.5,2511
2012-08-17 00:00:00+05:30,13.8,15.0,13.8,14.6,1080
2012-08-21 00:00:00+05:30,13.9,14.85,13.9,14.75,3361
2012-08-22 00:00:00+05:30,14.1,14.95,14.1,14.2,859
2012-08-23 00:00:00+05:30,13.75,14.8,13.75,14.1,2549
2012-08-24 00:00:00+05:30,14.0,14.1,13.6,14.1,920
2012-08-27 00:00:00+05:30,13.75,14.05,13.5,13.55,1666
2012-08-28 00:00:00+05:30,13.5,14.2,13.5,13.55,634
2012-08-29 00:00:00+05:30,13.55,13.55,13.25,13.3,2488
2012-08-30 00:00:00+05:30,13.0,13.0,13.0,13.0,133
2012-08-31 00:00:00+05:30,13.05,13.65,13.0,13.65,1460
2012-09-03 00:00:00+05:30,13.9,14.3,13.9,14.2,3650
2012-09-04 00:00:00+05:30,13.6,14.9,13.6,14.9,9308
2012-09-05 00:00:00+05:30,14.3,15.6,14.3,14.55,8198
2012-09-06 00:00:00+05:30,14.55,15.0,14.0,14.05,2009
2012-09-07 00:00:00+05:30,13.8,14.8,13.8,14.75,5961
2012-09-08 00:00:00+05:30,14.5,14.5,14.0,14.5,266
2012-09-10 00:00:00+05:30,13.7,14.7,13.7,14.25,1120
2012-09-11 00:00:00+05:30,14.3,14.7,14.3,14.5,3728
2012-09-12 00:00:00+05:30,14.15,14.95,14.15,14.55,5021
2012-09-13 00:00:00+05:30,14.1,14.6,14.1,14.25,1513
2012-09-14 00:00:00+05:30,15.0,15.6,15.0,15.0,17495
2012-09-17 00:00:00+05:30,15.45,15.45,14.45,14.75,1389
2012-09-18 00:00:00+05:30,14.55,15.5,14.45,14.95,18522
2012-09-20 00:00:00+05:30,14.55,15.1,14.55,14.85,1819
2012-09-21 00:00:00+05:30,15.0,16.05,15.0,15.65,29706
2012-09-24 00:00:00+05:30,16.85,16.9,16.1,16.35,21050
2012-09-25 00:00:00+05:30,15.1,16.6,15.1,15.75,6424
2012-09-26 00:00:00+05:30,15.0,15.9,15.0,15.9,1781
2012-09-27 00:00:00+05:30,15.2,16.2,15.15,15.45,5190
2012-09-28 00:00:00+05:30,15.2,15.95,15.1,15.45,3060
2012-10-01 00:00:00+05:30,15.5,15.7,15.0,15.25,8736
2012-10-03 00:00:00+05:30,15.9,15.9,15.3,15.4,2216
2012-10-04 00:00:00+05:30,15.5,16.0,15.0,15.35,8959
2012-10-05 00:00:00+05:30,15.25,15.8,15.05,15.15,4237
2012-10-08 00:00:00+05:30,15.05,16.0,15.0,15.85,21765
2012-10-09 00:00:00+05:30,15.5,15.5,15.1,15.1,2600
2012-10-10 00:00:00+05:30,15.6,15.6,14.8,15.2,1799
2012-10-11 00:00:00+05:30,14.7,15.7,14.7,15.3,2948
2012-10-12 00:00:00+05:30,15.85,16.55,15.55,15.9,27572
2012-10-15 00:00:00+05:30,16.5,17.0,15.05,15.75,30334
2012-10-16 00:00:00+05:30,15.8,16.2,15.5,15.65,5376
2012-10-17 00:00:00+05:30,15.75,16.2,15.55,15.7,2711
2012-10-18 00:00:00+05:30,15.5,15.6,15.35,15.35,4997
2012-10-19 00:00:00+05:30,15.95,15.95,15.3,15.4,902
2012-10-22 00:00:00+05:30,15.1,15.85,15.1,15.2,850
2012-10-23 00:00:00+05:30,15.45,15.65,15.15,15.2,2392
2012-10-25 00:00:00+05:30,15.2,15.7,15.2,15.25,38
2012-10-26 00:00:00+05:30,15.0,15.8,15.0,15.55,10458
2012-10-29 00:00:00+05:30,15.6,16.0,15.5,15.5,7151
2012-10-30 00:00:00+05:30,15.5,15.7,15.1,15.5,2404
2012-10-31 00:00:00+05:30,15.25,15.25,15.15,15.25,2582
2012-11-01 00:00:00+05:30,16.15,16.15,15.2,15.6,8799
2012-11-02 00:00:00+05:30,14.55,15.9,14.55,15.3,713
2012-11-05 00:00:00+05:30,15.85,15.85,15.25,15.3,475
2012-11-06 00:00:00+05:30,15.25,15.25,15.0,15.1,6415
2012-11-07 00:00:00+05:30,15.1,15.85,15.1,15.65,3266
2012-11-08 00:00:00+05:30,15.2,15.4,15.05,15.1,3304
2012-11-09 00:00:00+05:30,14.95,15.5,14.95,15.1,849
2012-11-12 00:00:00+05:30,13.7,15.75,13.7,15.3,3306
2012-11-13 00:00:00+05:30,13.8,15.9,13.8,15.75,2288
2012-11-15 00:00:00+05:30,15.45,15.5,15.15,15.2,7901
2012-11-16 00:00:00+05:30,15.4,16.0,15.1,15.55,10689
2012-11-19 00:00:00+05:30,15.85,15.95,14.4,15.7,15916
2012-11-20 00:00:00+05:30,15.45,17.0,14.85,15.5,23539
2012-11-21 00:00:00+05:30,15.4,15.9,15.2,15.8,4893
2012-11-22 00:00:00+05:30,15.8,15.8,15.25,15.25,640
2012-11-23 00:00:00+05:30,15.3,16.3,15.3,15.75,9756
2012-11-26 00:00:00+05:30,16.35,16.45,15.6,15.6,7310
2012-11-27 00:00:00+05:30,15.7,16.2,15.4,15.5,5975
2012-11-29 00:00:00+05:30,16.3,16.3,15.5,15.55,2961
2012-11-30 00:00:00+05:30,15.6,15.6,15.3,15.55,9559
2012-12-03 00:00:00+05:30,15.75,16.35,15.5,15.5,11144
2012-12-04 00:00:00+05:30,15.45,15.7,15.45,15.65,5393
2012-12-05 00:00:00+05:30,15.95,15.95,15.6,15.75,4158
2012-12-06 00:00:00+05:30,15.5,16.0,15.3,15.75,6779
2012-12-07 00:00:00+05:30,15.35,15.9,15.3,15.45,5100
2012-12-10 00:00:00+05:30,15.55,16.0,15.5,15.7,11452
2012-12-11 00:00:00+05:30,15.4,15.65,15.2,15.3,16484
2012-12-12 00:00:00+05:30,15.2,15.35,15.1,15.15,1472
2012-12-13 00:00:00+05:30,15.5,15.6,14.5,14.5,9550
2012-12-14 00:00:00+05:30,15.45,15.45,14.5,14.55,1250
2012-12-17 00:00:00+05:30,14.1,14.75,14.1,14.5,599
2012-12-18 00:00:00+05:30,14.5,14.75,14.5,14.5,732
2012-12-19 00:00:00+05:30,14.55,14.9,14.5,14.6,3936
2012-12-20 00:00:00+05:30,14.7,15.0,14.7,14.8,2243
2012-12-21 00:00:00+05:30,14.65,15.05,14.6,15.0,1907
2012-12-24 00:00:00+05:30,14.8,14.95,14.6,14.65,759
2012-12-26 00:00:00+05:30,14.7,15.3,14.5,14.6,2936
2012-12-27 00:00:00+05:30,14.9,15.0,14.45,15.0,1514
2012-12-28 00:00:00+05:30,14.35,14.8,14.35,14.55,637
2012-12-31 00:00:00+05:30,14.1,15.0,14.0,14.95,1313
2013-01-01 00:00:00+05:30,14.7,15.1,14.7,14.8,3124
2013-01-02 00:00:00+05:30,15.0,15.25,14.9,14.9,3547
2013-01-03 00:00:00+05:30,14.85,15.05,14.8,14.95,1151
2013-01-04 00:00:00+05:30,14.85,14.95,14.25,14.5,6082
2013-01-07 00:00:00+05:30,14.4,14.85,14.3,14.4,3298
2013-01-08 00:00:00+05:30,15.7,15.8,14.5,14.8,4833
2013-01-09 00:00:00+05:30,15.5,15.5,14.1,15.1,3786
2013-01-10 00:00:00+05:30,14.8,15.0,14.65,14.95,1769
2013-01-11 00:00:00+05:30,14.7,15.0,13.15,14.2,15080
2013-01-14 00:00:00+05:30,14.2,14.2,13.4,14.05,2019
2013-01-15 00:00:00+05:30,13.8,14.85,13.6,14.3,1324
2013-01-16 00:00:00+05:30,14.0,14.0,12.65,13.6,15257
2013-01-17 00:00:00+05:30,13.6,13.8,13.1,13.4,1358
2013-01-18 00:00:00+05:30,13.35,14.0,13.25,13.75,8593
2013-01-21 00:00:00+05:30,13.65,14.4,12.65,13.75,13730
2013-01-22 00:00:00+05:30,14.5,14.5,13.0,13.4,8657
2013-01-23 00:00:00+05:30,13.5,13.65,12.2,12.3,9654
2013-01-24 00:00:00+05:30,12.3,12.45,9.85,10.25,61096
2013-01-25 00:00:00+05:30,10.25,11.1,9.15,10.85,30478
2013-01-28 00:00:00+05:30,10.7,12.95,10.25,11.25,8760
2013-01-29 00:00:00+05:30,11.25,11.55,10.85,11.4,7402
2013-01-30 00:00:00+05:30,11.7,11.7,11.25,11.25,611
2013-01-31 00:00:00+05:30,11.35,11.75,11.1,11.45,2417
2013-02-01 00:00:00+05:30,11.9,12.5,11.35,11.5,11334
2013-02-04 00:00:00+05:30,12.25,12.25,11.5,11.65,979
2013-02-05 00:00:00+05:30,11.6,11.9,11.0,11.6,665
2013-02-06 00:00:00+05:30,11.65,12.45,11.4,11.9,7944
2013-02-07 00:00:00+05:30,11.9,12.05,11.5,11.55,2201
2013-02-08 00:00:00+05:30,11.4,12.0,10.85,11.05,4389
2013-02-11 00:00:00+05:30,11.5,11.5,10.75,11.05,2032
2013-02-12 00:00:00+05:30,10.95,10.95,10.25,10.5,3381
2013-02-13 00:00:00+05:30,10.45,10.65,10.35,10.4,7425
2013-02-14 00:00:00+05:30,10.4,11.4,10.4,10.4,1605
2013-02-15 00:00:00+05:30,10.2,11.1,10.2,10.8,6893
2013-02-18 00:00:00+05:30,11.1,12.15,11.05,11.85,36739
2013-02-19 00:00:00+05:30,12.0,12.0,10.95,11.5,52577
2013-02-20 00:00:00+05:30,11.8,11.8,11.15,11.3,6342
2013-02-21 00:00:00+05:30,11.1,11.75,10.15,10.8,18595
2013-02-22 00:00:00+05:30,10.5,11.1,10.5,10.8,8783
2013-02-25 00:00:00+05:30,11.1,11.2,10.85,10.85,1862
2013-02-26 00:00:00+05:30,11.1,11.1,10.1,10.1,1395
2013-02-27 00:00:00+05:30,10.55,11.5,10.25,10.75,4319
2013-02-28 00:00:00+05:30,10.35,11.35,10.1,10.45,11098
2013-03-01 00:00:00+05:30,10.0,10.55,10.0,10.45,1623
2013-03-04 00:00:00+05:30,10.1,10.45,10.05,10.05,1397
2013-03-05 00:00:00+05:30,10.25,11.0,10.05,10.05,10117
2013-03-06 00:00:00+05:30,10.45,10.75,9.7,10.15,12983
2013-03-07 00:00:00+05:30,10.0,10.7,9.95,10.1,1745
2013-03-08 00:00:00+05:30,10.75,10.8,10.0,10.15,5841
2013-03-11 00:00:00+05:30,10.8,10.8,10.15,10.45,4040
2013-03-12 00:00:00+05:30,10.1,11.05,9.45,10.6,15561
2013-03-13 00:00:00+05:30,10.5,12.1,10.5,11.8,71234
2013-03-14 00:00:00+05:30,11.65,11.85,11.1,11.7,14382
2013-03-15 00:00:00+05:30,11.5,11.85,10.3,10.7,20393
2013-03-18 00:00:00+05:30,10.4,11.1,9.15,9.9,45231
2013-03-19 00:00:00+05:30,10.25,10.5,10.0,10.15,29960
2013-03-20 00:00:00+05:30,9.85,10.0,9.5,9.8,268909
2013-03-21 00:00:00+05:30,9.7,9.95,9.15,9.55,3918
2013-03-22 00:00:00+05:30,9.3,9.3,8.0,8.25,22721
2013-03-25 00:00:00+05:30,9.75,9.75,8.4,8.75,20402
2013-03-26 00:00:00+05:30,9.35,9.4,8.5,8.55,3655
2013-03-28 00:00:00+05:30,8.4,9.5,8.0,9.15,10483
2013-04-01 00:00:00+05:30,10.75,10.8,9.15,10.0,15834
2013-04-02 00:00:00+05:30,10.35,11.15,10.1,11.0,29261
2013-04-03 00:00:00+05:30,10.55,11.0,10.3,10.3,5626
2013-04-04 00:00:00+05:30,10.0,10.8,10.0,10.65,38108
2013-04-05 00:00:00+05:30,12.4,12.5,11.0,11.6,132814
2013-04-08 00:00:00+05:30,11.85,11.85,10.2,10.95,11984
2013-04-09 00:00:00+05:30,10.75,10.85,10.35,10.4,5096
2013-04-10 00:00:00+05:30,10.05,10.05,9.35,9.6,22373
2013-04-11 00:00:00+05:30,10.8,10.8,9.7,10.3,18400
2013-04-12 00:00:00+05:30,9.85,10.8,9.65,10.4,8143
2013-04-15 00:00:00+05:30,10.15,10.6,10.1,10.45,2090
2013-04-16 00:00:00+05:30,9.85,10.6,9.85,10.45,2570
2013-04-17 00:00:00+05:30,10.0,10.9,10.0,10.05,12036
2013-04-18 00:00:00+05:30,10.75,10.8,10.0,10.15,3677
2013-04-22 00:00:00+05:30,9.95,10.4,9.95,10.3,1914
2013-04-23 00:00:00+05:30,9.9,10.45,9.9,10.35,1956
2013-04-25 00:00:00+05:30,10.05,10.35,10.05,10.3,2107
2013-04-26 00:00:00+05:30,9.85,10.45,9.6,9.85,24192
2013-04-29 00:00:00+05:30,9.8,10.5,9.15,9.85,28804
2013-04-30 00:00:00+05:30,10.1,10.35,9.4,9.55,11630
2013-05-02 00:00:00+05:30,10.0,10.0,9.4,9.5,6232
2013-05-03 00:00:00+05:30,10.8,10.8,9.7,9.85,10756
2013-05-06 00:00:00+05:30,10.2,10.4,9.65,9.9,50734
2013-05-07 00:00:00+05:30,9.75,10.9,9.75,10.5,15696
2013-05-08 00:00:00+05:30,10.55,10.7,10.2,10.2,5881
2013-05-09 00:00:00+05:30,10.0,10.25,9.75,10.15,6152
2013-05-10 00:00:00+05:30,9.9,10.2,9.05,9.8,7013
2013-05-11 00:00:00+05:30,9.75,10.0,9.65,9.9,7183
2013-05-13 00:00:00+05:30,10.1,10.1,9.7,9.7,3755
2013-05-14 00:00:00+05:30,10.0,10.1,9.7,9.75,13584
2013-05-15 00:00:00+05:30,10.4,10.4,9.5,9.7,6746
2013-05-16 00:00:00+05:30,10.0,10.15,9.65,10.0,12086
2013-05-17 00:00:00+05:30,10.0,10.0,9.6,9.8,8553
2013-05-20 00:00:00+05:30,10.7,10.7,9.8,9.95,2333
2013-05-21 00:00:00+05:30,10.0,10.05,9.7,9.9,2942
2013-05-22 00:00:00+05:30,9.7,9.95,9.65,9.85,2610
2013-05-23 00:00:00+05:30,9.15,9.95,9.0,9.05,25039
2013-05-24 00:00:00+05:30,9.0,9.3,8.75,9.1,6926
2013-05-27 00:00:00+05:30,8.8,9.45,7.55,8.05,66588
2013-05-28 00:00:00+05:30,8.15,8.3,7.7,8.0,12016
2013-05-29 00:00:00+05:30,8.15,8.15,7.85,7.9,939
2013-05-30 00:00:00+05:30,8.25,8.25,7.75,8.05,1830
2013-05-31 00:00:00+05:30,9.3,9.3,8.0,8.15,9337
2013-06-03 00:00:00+05:30,8.75,8.75,7.9,8.0,4159
2013-06-04 00:00:00+05:30,8.1,8.1,7.8,8.1,1967
2013-06-05 00:00:00+05:30,7.8,8.05,7.55,8.05,14940
2013-06-06 00:00:00+05:30,8.3,8.3,7.75,8.25,2842
2013-06-07 00:00:00+05:30,8.45,8.45,8.0,8.0,1847
2013-06-10 00:00:00+05:30,8.1,8.35,7.95,8.0,4591
2013-06-11 00:00:00+05:30,8.35,8.35,7.15,7.95,5405
2013-06-12 00:00:00+05:30,7.8,7.8,7.15,7.6,5711
2013-06-13 00:00:00+05:30,7.4,7.9,7.4,7.5,1201
2013-06-14 00:00:00+05:30,7.3,8.0,7.3,7.4,1429
2013-06-17 00:00:00+05:30,7.4,8.0,7.4,7.85,1921
2013-06-18 00:00:00+05:30,7.6,8.25,7.2,7.85,7747
2013-06-19 00:00:00+05:30,8.0,8.1,7.55,7.9,3938
2013-06-20 00:00:00+05:30,7.95,7.95,7.65,7.7,460
2013-06-21 00:00:00+05:30,7.4,7.7,7.3,7.5,1517
2013-06-24 00:00:00+05:30,7.4,8.0,6.65,7.05,9726
2013-06-25 00:00:00+05:30,7.0,7.25,6.2,7.2,8071
2013-06-26 00:00:00+05:30,7.35,7.35,6.6,7.05,462
2013-06-27 00:00:00+05:30,6.95,7.4,6.9,7.4,3595
2013-06-28 00:00:00+05:30,7.0,7.4,7.0,7.35,2475
2013-07-01 00:00:00+05:30,7.2,7.7,7.0,7.6,3469
2013-07-02 00:00:00+05:30,7.2,7.55,7.1,7.25,2284
2013-07-03 00:00:00+05:30,7.2,7.45,7.05,7.1,2706
2013-07-04 00:00:00+05:30,7.1,7.1,7.05,7.05,3335
2013-07-05 00:00:00+05:30,7.9,7.9,7.1,7.4,3384
2013-07-08 00:00:00+05:30,7.95,7.95,7.5,7.8,5278
2013-07-09 00:00:00+05:30,7.95,8.0,7.65,7.65,2455
2013-07-10 00:00:00+05:30,7.45,7.9,7.4,7.6,1209
2013-07-11 00:00:00+05:30,7.45,8.0,7.45,7.9,2355
2013-07-12 00:00:00+05:30,7.65,7.8,7.3,7.75,1157
2013-07-15 00:00:00+05:30,7.65,7.95,7.5,7.7,1096
2013-07-16 00:00:00+05:30,7.9,7.95,7.6,7.75,3878
2013-07-17 00:00:00+05:30,7.6,7.85,7.3,7.35,1466
2013-07-18 00:00:00+05:30,7.7,7.7,7.35,7.5,7159
2013-07-19 00:00:00+05:30,7.3,7.55,7.3,7.35,8177
2013-07-22 00:00:00+05:30,7.2,7.65,7.15,7.35,8115
2013-07-23 00:00:00+05:30,7.2,7.55,7.15,7.3,2474
2013-07-24 00:00:00+05:30,7.2,7.4,7.05,7.1,2795
2013-07-25 00:00:00+05:30,7.15,7.4,7.0,7.1,3691
2013-07-26 00:00:00+05:30,7.85,7.85,7.0,7.0,1692
2013-07-29 00:00:00+05:30,7.0,7.0,6.95,6.95,469
2013-07-30 00:00:00+05:30,7.8,7.8,6.8,6.9,3112
2013-07-31 00:00:00+05:30,6.8,7.25,6.3,7.15,927
2013-08-01 00:00:00+05:30,6.8,6.8,6.1,6.2,4814
2013-08-02 00:00:00+05:30,6.3,6.3,5.55,5.9,4591
2013-08-05 00:00:00+05:30,5.8,6.25,5.55,6.0,2754
2013-08-06 00:00:00+05:30,5.85,6.0,5.35,5.55,1653
2013-08-07 00:00:00+05:30,5.4,5.7,5.1,5.55,6710
2013-08-08 00:00:00+05:30,5.55,6.1,5.45,6.0,3046
2013-08-12 00:00:00+05:30,6.2,6.4,5.75,6.15,4537
2013-08-13 00:00:00+05:30,6.6,6.6,6.25,6.5,269908
2013-08-14 00:00:00+05:30,6.3,6.4,6.1,6.25,5127
2013-08-16 00:00:00+05:30,6.1,6.35,6.0,6.25,2607
2013-08-19 00:00:00+05:30,6.25,6.35,6.1,6.2,5464
2013-08-20 00:00:00+05:30,6.1,6.35,5.95,6.1,2252
2013-08-21 00:00:00+05:30,6.45,6.5,6.15,6.2,3378
2013-08-22 00:00:00+05:30,6.0,6.4,6.0,6.25,1333
2013-08-23 00:00:00+05:30,6.45,6.45,6.1,6.3,883
2013-08-26 00:00:00+05:30,6.1,6.4,6.0,6.05,1479
2013-08-27 00:00:00+05:30,6.4,6.4,6.0,6.0,237
2013-08-28 00:00:00+05:30,6.05,6.4,6.0,6.0,998
2013-08-29 00:00:00+05:30,6.4,6.4,6.25,6.25,2358
2013-08-30 00:00:00+05:30,6.95,6.95,6.1,6.15,7188
2013-09-02 00:00:00+05:30,6.45,7.35,6.2,7.1,31825
2013-09-03 00:00:00+05:30,7.35,7.35,6.7,6.8,5436
2013-09-04 00:00:00+05:30,6.95,7.0,6.55,6.65,499
2013-09-05 00:00:00+05:30,6.95,7.0,6.65,6.9,1050
2013-09-06 00:00:00+05:30,6.8,6.8,6.65,6.7,2171
2013-09-10 00:00:00+05:30,6.6,6.85,6.2,6.55,6079
2013-09-11 00:00:00+05:30,6.05,6.75,6.05,6.55,2819
2013-09-12 00:00:00+05:30,6.5,6.95,6.15,6.6,3225
2013-09-13 00:00:00+05:30,6.8,7.4,6.8,7.25,7609
2013-09-16 00:00:00+05:30,7.1,7.6,6.5,7.0,2707
2013-09-17 00:00:00+05:30,7.6,7.6,6.95,7.4,5830
2013-09-18 00:00:00+05:30,7.25,7.85,6.8,7.55,6550
2013-09-19 00:00:00+05:30,7.7,7.85,7.5,7.7,3698
2013-09-20 00:00:00+05:30,7.55,7.9,7.25,7.55,7691
2013-09-23 00:00:00+05:30,7.45,7.85,7.05,7.4,9451
2013-09-24 00:00:00+05:30,7.3,7.75,7.05,7.1,983
2013-09-25 00:00:00+05:30,7.05,7.3,7.0,7.05,5179
2013-09-26 00:00:00+05:30,7.1,7.5,7.1,7.45,891
2013-09-27 00:00:00+05:30,7.5,7.8,7.25,7.65,2059
2013-09-30 00:00:00+05:30,7.95,7.95,6.9,7.0,53336
2013-10-01 00:00:00+05:30,7.9,7.9,6.9,7.05,18594
2013-10-03 00:00:00+05:30,7.05,7.1,6.95,7.0,23399
2013-10-04 00:00:00+05:30,7.2,7.2,6.75,6.85,12920
2013-10-07 00:00:00+05:30,6.9,7.0,6.65,7.0,1268
2013-10-08 00:00:00+05:30,6.9,6.95,6.2,6.65,7601
2013-10-09 00:00:00+05:30,6.5,6.95,6.5,6.8,2835
2013-10-10 00:00:00+05:30,6.8,6.95,6.6,6.8,4965
2013-10-11 00:00:00+05:30,6.7,6.9,6.7,6.9,2408
2013-10-14 00:00:00+05:30,6.8,6.95,6.65,6.85,4580
2013-10-15 00:00:00+05:30,6.75,7.0,6.5,6.95,3977
2013-10-17 00:00:00+05:30,7.15,7.25,7.0,7.1,5718
2013-10-18 00:00:00+05:30,8.35,8.35,7.05,7.35,19983
2013-10-21 00:00:00+05:30,7.25,7.9,7.1,7.6,2320
2013-10-22 00:00:00+05:30,7.25,8.3,7.25,8.05,22225
2013-10-23 00:00:00+05:30,8.05,8.4,7.5,7.8,8222
2013-10-24 00:00:00+05:30,7.95,8.1,7.7,7.8,10835
2013-10-25 00:00:00+05:30,7.7,7.95,7.25,7.7,2556
2013-10-28 00:00:00+05:30,8.5,8.5,7.55,7.55,7397
2013-10-29 00:00:00+05:30,7.5,7.9,7.5,7.5,2096
2013-10-30 00:00:00+05:30,7.65,7.7,7.2,7.35,3893
2013-10-31 00:00:00+05:30,7.25,7.7,7.15,7.2,667
2013-11-01 00:00:00+05:30,7.1,7.6,7.0,7.5,4375
2013-11-03 00:00:00+05:30,7.05,7.6,7.05,7.5,1732
2013-11-05 00:00:00+05:30,6.75,7.6,6.75,7.55,13340
2013-11-06 00:00:00+05:30,7.4,7.8,7.25,7.5,2637
2013-11-07 00:00:00+05:30,7.95,8.0,7.35,7.4,4089
2013-11-08 00:00:00+05:30,7.3,7.5,7.05,7.1,5494
2013-11-11 00:00:00+05:30,7.1,7.3,7.0,7.1,10584
2013-11-12 00:00:00+05:30,7.0,7.3,6.8,7.05,8212
2013-11-13 00:00:00+05:30,7.05,7.25,6.95,7.0,1854
2013-11-14 00:00:00+05:30,6.9,7.25,6.85,7.0,1294
2013-11-18 00:00:00+05:30,7.05,7.3,7.0,7.0,2654
2013-11-19 00:00:00+05:30,7.2,7.25,7.0,7.2,2272
2013-11-20 00:00:00+05:30,7.2,8.6,7.2,8.5,92247
2013-11-21 00:00:00+05:30,8.9,9.45,8.8,9.0,101218
2013-11-22 00:00:00+05:30,9.5,9.5,8.8,8.95,16851
2013-11-25 00:00:00+05:30,9.45,9.45,8.95,9.0,11750
2013-11-26 00:00:00+05:30,9.4,9.4,8.7,8.75,25779
2013-11-27 00:00:00+05:30,8.7,8.95,8.15,8.3,25089
2013-11-28 00:00:00+05:30,9.0,9.0,8.05,8.8,48802
2013-11-29 00:00:00+05:30,8.5,9.15,8.5,8.8,16852
2013-12-02 00:00:00+05:30,8.4,9.2,8.4,8.7,18869
2013-12-03 00:00:00+05:30,8.8,8.8,8.45,8.75,6143
2013-12-04 00:00:00+05:30,8.9,8.9,8.35,8.5,14431
2013-12-05 00:00:00+05:30,8.6,9.1,8.4,8.7,16513
2013-12-06 00:00:00+05:30,8.7,8.95,8.5,8.95,5916
2013-12-09 00:00:00+05:30,9.05,9.05,8.55,8.6,6597
2013-12-10 00:00:00+05:30,8.65,8.65,8.2,8.6,1330
2013-12-11 00:00:00+05:30,8.6,8.6,8.2,8.35,3351
2013-12-12 00:00:00+05:30,8.1,8.5,8.05,8.1,2860
2013-12-13 00:00:00+05:30,8.5,8.5,8.0,8.1,6849
2013-12-16 00:00:00+05:30,7.8,8.45,7.8,7.95,2469
2013-12-17 00:00:00+05:30,7.9,8.3,7.6,7.7,9522
2013-12-18 00:00:00+05:30,8.0,8.05,7.8,8.05,2897
2013-12-19 00:00:00+05:30,8.0,8.1,7.65,8.05,11306
2013-12-20 00:00:00+05:30,7.65,8.1,7.65,7.95,3299
2013-12-23 00:00:00+05:30,8.25,8.25,7.7,7.75,2140
2013-12-24 00:00:00+05:30,7.65,7.85,7.65,7.75,5539
2013-12-26 00:00:00+05:30,8.05,8.1,7.75,7.85,4583
2013-12-27 00:00:00+05:30,8.1,8.2,7.8,7.9,4646
2013-12-30 00:00:00+05:30,7.65,8.15,7.65,8.0,1747
2013-12-31 00:00:00+05:30,7.6,8.3,7.6,8.25,3355
2014-01-01 00:00:00+05:30,7.9,8.15,7.9,8.0,1290
2014-01-02 00:00:00+05:30,7.6,8.3,7.6,7.85,10032
2014-01-03 00:00:00+05:30,8.2,8.2,7.65,8.1,1753
2014-01-06 00:00:00+05:30,7.7,7.7,7.7,7.7,1800
2014-01-07 00:00:00+05:30,7.65,7.75,7.45,7.5,2001
2014-01-08 00:00:00+05:30,7.4,7.8,7.4,7.65,3620
2014-01-09 00:00:00+05:30,7.6,7.95,7.6,7.6,786
2014-01-10 00:00:00+05:30,7.4,7.6,7.4,7.45,1279
2014-01-14 00:00:00+05:30,7.45,7.6,7.25,7.25,6496
2014-01-15 00:00:00+05:30,7.05,7.5,7.05,7.5,938
2014-01-16 00:00:00+05:30,7.5,7.5,7.15,7.4,7287
2014-01-17 00:00:00+05:30,7.4,7.7,7.4,7.4,575
2014-01-20 00:00:00+05:30,7.6,7.6,7.25,7.6,314
2014-01-21 00:00:00+05:30,7.3,7.3,7.3,7.3,154
2014-01-22 00:00:00+05:30,7.3,7.65,7.1,7.65,11719
2014-01-23 00:00:00+05:30,7.3,7.4,7.3,7.4,378
2014-01-24 00:00:00+05:30,7.65,7.65,7.15,7.25,1671
2014-01-27 00:00:00+05:30,6.9,7.0,6.9,6.9,2560
2014-01-28 00:00:00+05:30,6.6,7.15,6.6,6.9,3873
2014-01-29 00:00:00+05:30,6.75,7.0,6.6,6.6,6796
2014-01-30 00:00:00+05:30,6.45,6.85,6.4,6.55,1689
2014-01-31 00:00:00+05:30,6.35,6.8,6.35,6.8,1452
2014-02-03 00:00:00+05:30,6.6,7.05,6.5,6.55,1061
2014-02-04 00:00:00+05:30,6.85,6.85,6.3,6.8,568
2014-02-05 00:00:00+05:30,6.5,6.5,6.5,6.5,3865
2014-02-06 00:00:00+05:30,6.2,6.55,6.2,6.35,1593
2014-02-07 00:00:00+05:30,6.1,6.6,6.1,6.4,4132
2014-02-10 00:00:00+05:30,6.15,6.5,6.1,6.15,3865
2014-02-11 00:00:00+05:30,6.45,6.45,6.15,6.15,3362
2014-02-12 00:00:00+05:30,6.4,6.45,6.15,6.45,42995
2014-02-13 00:00:00+05:30,6.3,6.3,6.3,6.3,6
2014-02-14 00:00:00+05:30,6.3,6.6,6.25,6.6,3957
2014-02-17 00:00:00+05:30,6.3,6.6,6.3,6.3,1194
2014-02-18 00:00:00+05:30,6.2,6.25,6.15,6.15,761
2014-02-19 00:00:00+05:30,6.2,6.45,6.2,6.45,704
2014-02-20 00:00:00+05:30,6.75,6.75,6.45,6.55,1871
2014-02-21 00:00:00+05:30,6.35,6.55,6.35,6.55,1995
2014-02-24 00:00:00+05:30,6.3,6.85,6.3,6.45,910
2014-02-25 00:00:00+05:30,6.2,6.75,6.2,6.75,1019
2014-02-26 00:00:00+05:30,6.55,6.6,6.5,6.55,2875
2014-02-28 00:00:00+05:30,6.85,6.85,6.8,6.8,6123
2014-03-03 00:00:00+05:30,7.1,7.1,6.5,6.55,2024
2014-03-04 00:00:00+05:30,6.8,6.85,6.4,6.45,3212
2014-03-05 00:00:00+05:30,6.25,6.75,6.25,6.6,1271
2014-03-06 00:00:00+05:30,6.3,6.9,6.3,6.9,1459
2014-03-07 00:00:00+05:30,7.3,7.55,7.0,7.0,6193
2014-03-10 00:00:00+05:30,6.3,7.4,6.3,7.0,2038
2014-03-11 00:00:00+05:30,6.4,7.45,6.35,6.8,3723
2014-03-12 00:00:00+05:30,6.85,6.9,6.65,6.75,2656
2014-03-13 00:00:00+05:30,6.75,7.4,6.75,7.4,10016
2014-03-14 00:00:00+05:30,7.4,8.1,7.1,7.85,12889
2014-03-18 00:00:00+05:30,7.1,8.0,7.1,7.65,2650
2014-03-19 00:00:00+05:30,7.35,8.25,7.35,7.55,2350
2014-03-20 00:00:00+05:30,7.5,7.95,7.5,7.85,4756
2014-03-21 00:00:00+05:30,7.6,7.65,7.55,7.6,356
2014-03-22 00:00:00+05:30,7.0,7.3,7.0,7.15,5332
2014-03-24 00:00:00+05:30,7.35,7.65,7.25,7.45,6535
2014-03-25 00:00:00+05:30,7.2,7.25,7.2,7.25,562
2014-03-26 00:00:00+05:30,7.15,7.55,7.1,7.1,2924
2014-03-27 00:00:00+05:30,7.1,7.55,7.0,7.2,348761
2014-03-28 00:00:00+05:30,7.2,7.45,7.2,7.25,3554
2014-03-31 00:00:00+05:30,7.25,7.95,7.25,7.65,8192
2014-04-01 00:00:00+05:30,7.4,8.4,7.4,8.4,28596
2014-04-02 00:00:00+05:30,8.6,9.05,8.2,8.75,13191
2014-04-03 00:00:00+05:30,8.5,8.5,8.25,8.25,3300
2014-04-04 00:00:00+05:30,8.5,9.05,8.5,9.05,25695
2014-04-07 00:00:00+05:30,9.45,9.95,8.55,9.25,48578
2014-04-09 00:00:00+05:30,8.95,9.3,8.8,9.0,12902
2014-04-10 00:00:00+05:30,8.55,9.2,8.55,8.75,5076
2014-04-11 00:00:00+05:30,8.95,9.2,8.75,8.9,7470
2014-04-15 00:00:00+05:30,9.0,9.2,8.55,9.15,24416
2014-04-16 00:00:00+05:30,8.6,9.3,8.6,9.15,8108
2014-04-17 00:00:00+05:30,9.0,9.15,8.8,9.1,5567
2014-04-21 00:00:00+05:30,9.15,9.45,9.0,9.2,6598
2014-04-22 00:00:00+05:30,8.95,9.2,8.95,9.05,6856
2014-04-23 00:00:00+05:30,9.0,9.5,9.0,9.3,4159
2014-04-25 00:00:00+05:30,9.1,9.5,9.1,9.2,5626
2014-04-28 00:00:00+05:30,9.1,9.5,9.1,9.45,4024
2014-04-29 00:00:00+05:30,9.2,9.25,9.1,9.15,8558
2014-04-30 00:00:00+05:30,9.15,9.6,9.05,9.35,11642
2014-05-02 00:00:00+05:30,9.2,9.4,9.05,9.1,2309
2014-05-05 00:00:00+05:30,9.05,9.4,8.65,8.65,2357
2014-05-06 00:00:00+05:30,8.6,9.0,8.55,8.85,2216
2014-05-07 00:00:00+05:30,8.25,8.6,8.05,8.5,2615
2014-05-08 00:00:00+05:30,8.6,8.9,8.6,8.6,299
2014-05-09 00:00:00+05:30,8.9,9.0,8.6,8.95,4702
2014-05-12 00:00:00+05:30,9.05,9.55,8.55,9.35,6694
2014-05-13 00:00:00+05:30,9.0,9.6,8.4,9.5,5750
2014-05-14 00:00:00+05:30,9.2,9.6,9.0,9.15,2830
2014-05-15 00:00:00+05:30,9.1,9.6,8.35,8.65,12023
2014-05-16 00:00:00+05:30,8.5,9.4,8.5,8.95,10869
2014-05-19 00:00:00+05:30,9.25,9.9,8.5,9.6,11410
2014-05-20 00:00:00+05:30,9.5,11.25,9.4,10.2,21315
2014-05-21 00:00:00+05:30,10.95,11.4,9.6,10.75,34288
2014-05-22 00:00:00+05:30,11.0,12.9,11.0,12.75,50190
2014-05-23 00:00:00+05:30,13.8,14.0,13.05,14.0,39804
2014-05-26 00:00:00+05:30,14.5,15.4,12.75,13.65,38232
2014-05-27 00:00:00+05:30,14.7,14.7,12.3,13.05,35170
2014-05-28 00:00:00+05:30,13.0,14.25,12.75,13.9,20016
2014-05-29 00:00:00+05:30,13.6,14.2,13.45,13.6,4746
2014-05-30 00:00:00+05:30,13.3,13.5,13.1,13.2,3673
2014-06-02 00:00:00+05:30,13.0,14.5,13.0,14.1,21472
2014-06-03 00:00:00+05:30,13.25,15.5,13.25,14.8,101642
2014-06-04 00:00:00+05:30,15.15,15.8,14.5,15.25,58670
2014-06-05 00:00:00+05:30,15.15,15.6,14.6,15.35,17064
2014-06-06 00:00:00+05:30,15.95,16.1,15.95,16.1,14970
2014-06-09 00:00:00+05:30,16.3,16.9,16.3,16.9,30147
2014-06-10 00:00:00+05:30,16.9,17.7,16.4,17.65,29158
2014-06-11 00:00:00+05:30,18.4,18.4,17.0,17.6,15440
2014-06-12 00:00:00+05:30,17.95,18.0,16.75,16.75,12149
2014-06-13 00:00:00+05:30,17.55,17.55,15.95,16.15,8783
2014-06-16 00:00:00+05:30,15.35,15.35,15.35,15.35,1515
2015-12-28 00:00:00+05:30,18.5,18.5,17.15,17.55,11877
2015-12-29 00:00:00+05:30,17.5,17.85,17.05,17.25,14039
2015-12-30 00:00:00+05:30,17.9,18.0,17.15,17.25,14705
2015-12-31 00:00:00+05:30,17.15,17.35,16.95,17.1,7778
2016-01-01 00:00:00+05:30,17.85,18.8,17.45,18.8,84337
2016-01-04 00:00:00+05:30,18.2,20.65,18.2,19.85,170477
2016-01-05 00:00:00+05:30,19.25,20.55,19.25,20.4,73635
2016-01-06 00:00:00+05:30,21.6,22.4,21.25,22.4,163249
2016-01-07 00:00:00+05:30,22.05,23.5,21.3,23.5,148252
2016-01-08 00:00:00+05:30,23.9,24.65,23.9,24.65,42097
2016-01-11 00:00:00+05:30,25.85,25.85,25.85,25.85,17909
2016-01-12 00:00:00+05:30,27.1,27.1,27.1,27.1,13981
2016-01-13 00:00:00+05:30,28.45,28.45,25.75,27.45,487720
2016-01-14 00:00:00+05:30,26.8,27.45,26.1,26.1,83869
2016-01-15 00:00:00+05:30,26.1,26.75,24.8,24.8,27462
2016-01-18 00:00:00+05:30,24.9,24.9,23.6,23.6,13905
2016-01-19 00:00:00+05:30,22.85,24.4,22.45,22.5,60514
2016-01-20 00:00:00+05:30,21.4,22.95,21.4,22.35,57006
2016-01-21 00:00:00+05:30,21.7,23.45,21.7,22.3,57973
2016-01-22 00:00:00+05:30,22.7,23.0,22.2,22.85,23594
2016-01-25 00:00:00+05:30,23.0,23.0,21.75,21.8,9983
2016-01-27 00:00:00+05:30,22.0,22.0,21.1,21.25,5418
2016-01-28 00:00:00+05:30,20.7,21.9,20.65,21.6,11582
2016-01-29 00:00:00+05:30,21.1,22.1,20.6,20.9,45615
2016-02-01 00:00:00+05:30,20.5,21.9,20.15,21.9,47099
2016-02-02 00:00:00+05:30,22.8,22.95,21.05,22.0,39393
2016-02-03 00:00:00+05:30,21.05,23.0,21.0,22.0,24478
2016-02-04 00:00:00+05:30,22.85,22.9,20.9,21.3,28985
2016-02-05 00:00:00+05:30,21.0,22.45,20.0,21.95,18566
2016-02-08 00:00:00+05:30,22.95,23.45,22.0,23.3,21917
2016-02-09 00:00:00+05:30,22.8,23.5,22.5,23.0,10326
2016-02-10 00:00:00+05:30,22.0,22.4,20.8,21.0,18861
2016-02-11 00:00:00+05:30,21.0,21.4,18.9,19.05,27387
2016-02-12 00:00:00+05:30,17.65,18.9,17.15,17.5,35936
2016-02-15 00:00:00+05:30,17.15,19.25,17.1,19.25,109829
2016-02-16 00:00:00+05:30,20.6,20.6,17.35,17.35,43581
2016-02-17 00:00:00+05:30,17.65,17.65,16.5,17.0,28007
2016-02-18 00:00:00+05:30,17.85,17.85,17.0,17.8,14451
2016-02-19 00:00:00+05:30,17.8,17.8,17.4,17.45,142
2016-02-22 00:00:00+05:30,16.9,17.5,16.6,16.7,6384
2016-02-23 00:00:00+05:30,16.85,16.9,16.25,16.4,5023
2016-02-24 00:00:00+05:30,16.7,17.2,16.55,17.2,27379
2016-02-25 00:00:00+05:30,17.9,18.05,17.6,18.05,17939
2016-02-26 00:00:00+05:30,18.9,18.95,17.35,17.8,8564
2016-02-29 00:00:00+05:30,17.4,18.3,17.4,18.0,15256
2016-03-01 00:00:00+05:30,17.6,18.9,17.6,18.9,14241
2016-03-02 00:00:00+05:30,19.0,19.8,18.9,19.1,12790
2016-03-03 00:00:00+05:30,19.0,19.0,18.3,18.6,5265
2016-03-04 00:00:00+05:30,18.6,20.45,18.6,20.45,17564
2016-03-08 00:00:00+05:30,20.25,22.45,20.25,22.45,45197
2016-03-09 00:00:00+05:30,22.85,24.65,22.45,24.05,144983
2016-03-10 00:00:00+05:30,24.5,24.5,22.85,22.85,40774
2016-03-11 00:00:00+05:30,23.2,23.5,21.75,22.2,20540
2016-03-14 00:00:00+05:30,22.1,22.9,21.1,22.0,61571
2016-03-15 00:00:00+05:30,22.2,23.1,20.9,23.1,44445
2016-03-16 00:00:00+05:30,23.7,24.25,23.7,24.25,24335
2016-03-17 00:00:00+05:30,25.45,25.45,23.1,23.4,186659
2016-03-18 00:00:00+05:30,22.75,24.0,22.75,23.15,49634
2016-03-21 00:00:00+05:30,23.4,24.0,23.05,23.5,32455
2016-03-22 00:00:00+05:30,24.05,24.65,23.0,24.15,67932
2016-03-23 00:00:00+05:30,24.2,25.3,23.7,23.9,42679
2016-03-28 00:00:00+05:30,23.35,24.4,23.3,23.55,24878
2016-03-29 00:00:00+05:30,23.9,24.0,22.8,23.15,20428
2016-03-30 00:00:00+05:30,23.9,24.3,23.05,24.3,18627
2016-03-31 00:00:00+05:30,25.5,25.5,24.5,25.5,51956
2016-04-01 00:00:00+05:30,27.15,28.05,26.5,28.05,130726
2016-04-04 00:00:00+05:30,28.0,30.85,28.0,30.85,87408
2016-04-05 00:00:00+05:30,33.35,33.35,29.15,31.5,175070
2016-04-06 00:00:00+05:30,31.5,34.65,31.5,34.6,262790
2016-04-07 00:00:00+05:30,35.0,36.0,33.35,33.65,223903
2016-04-08 00:00:00+05:30,32.45,34.9,32.0,32.15,223843
2016-04-11 00:00:00+05:30,31.0,32.0,30.55,30.8,94259
2016-04-12 00:00:00+05:30,30.5,30.85,29.3,29.4,62646
2016-04-13 00:00:00+05:30,29.9,29.9,28.25,28.55,44034
2016-04-18 00:00:00+05:30,28.0,29.95,27.35,29.95,49516
2016-04-20 00:00:00+05:30,31.4,31.4,29.15,29.35,95092
2016-04-21 00:00:00+05:30,29.35,29.7,28.0,28.45,20598
2016-04-22 00:00:00+05:30,28.0,29.45,28.0,29.05,37676
2016-04-25 00:00:00+05:30,29.0,29.2,27.7,27.85,15124
2016-04-26 00:00:00+05:30,28.45,29.0,27.6,28.4,12533
2016-04-27 00:00:00+05:30,28.7,29.25,27.4,28.7,23483
2016-04-28 00:00:00+05:30,27.85,28.4,27.3,27.35,28796
2016-04-29 00:00:00+05:30,26.3,28.5,26.0,28.05,63891
2016-05-02 00:00:00+05:30,28.25,29.45,28.2,29.45,51650
2016-05-03 00:00:00+05:30,30.0,30.8,28.5,29.6,101135
2016-05-04 00:00:00+05:30,29.6,29.85,28.55,29.35,29949
2016-05-05 00:00:00+05:30,29.95,30.8,29.45,30.8,80692
2016-05-06 00:00:00+05:30,31.4,33.85,31.0,33.85,204789
2016-05-09 00:00:00+05:30,32.7,37.2,32.7,37.2,204123
2016-05-10 00:00:00+05:30,38.0,40.4,36.1,38.8,454306
2016-05-11 00:00:00+05:30,40.4,40.4,37.0,39.05,352221
2016-05-12 00:00:00+05:30,39.6,41.0,39.35,41.0,301897
2016-05-13 00:00:00+05:30,42.0,43.05,40.5,42.95,297876
2016-05-16 00:00:00+05:30,45.05,45.05,43.5,45.05,98404
2016-05-17 00:00:00+05:30,46.45,47.3,45.3,46.75,791347
2016-05-18 00:00:00+05:30,47.75,49.0,46.75,48.2,293459
2016-05-19 00:00:00+05:30,49.0,49.15,45.8,45.8,80995
2016-05-20 00:00:00+05:30,43.7,45.0,43.55,43.55,16572
2016-05-23 00:00:00+05:30,41.4,43.6,41.4,41.4,156959
2016-05-24 00:00:00+05:30,39.5,40.7,39.35,39.35,79992
2016-05-25 00:00:00+05:30,38.5,41.3,37.7,41.3,104675
2016-05-26 00:00:00+05:30,42.95,43.35,41.9,43.0,309342
2016-05-27 00:00:00+05:30,43.0,43.5,40.85,40.85,80225
2016-05-30 00:00:00+05:30,39.05,42.35,38.85,39.95,107545
2016-05-31 00:00:00+05:30,38.85,41.35,38.25,40.2,48617
2016-06-01 00:00:00+05:30,41.0,42.2,39.7,42.2,94051
2016-06-02 00:00:00+05:30,43.4,44.3,42.8,44.3,194240
2016-06-03 00:00:00+05:30,46.7,48.7,46.5,48.7,302245
2016-06-06 00:00:00+05:30,50.7,53.55,50.2,53.55,235842
2016-06-07 00:00:00+05:30,57.5,58.9,53.35,58.65,1238647
2016-06-08 00:00:00+05:30,59.0,59.85,55.75,57.45,532373
2016-06-09 00:00:00+05:30,56.9,57.1,55.1,55.95,191956
2016-06-10 00:00:00+05:30,55.6,58.7,53.7,58.7,594471
2016-06-13 00:00:00+05:30,57.1,61.6,57.1,61.55,678390
2016-06-14 00:00:00+05:30,63.95,64.6,63.15,64.6,396844
2016-06-15 00:00:00+05:30,67.4,67.8,66.4,67.8,220516
2016-06-16 00:00:00+05:30,71.0,71.15,64.45,65.4,983057
2016-06-17 00:00:00+05:30,62.5,64.0,62.15,62.15,162766
2016-06-20 00:00:00+05:30,59.05,63.7,59.05,59.05,343565
2016-06-21 00:00:00+05:30,58.0,60.15,56.1,56.15,269990
2016-06-22 00:00:00+05:30,54.55,58.4,53.55,54.45,356527
2016-06-23 00:00:00+05:30,54.0,55.5,51.75,52.6,464302
2016-06-24 00:00:00+05:30,50.0,52.0,50.0,51.35,209115
2016-06-27 00:00:00+05:30,52.0,53.9,51.0,53.9,41529
2016-06-28 00:00:00+05:30,56.55,56.55,56.55,56.55,28781
2016-06-29 00:00:00+05:30,58.95,59.35,54.95,59.35,334517
2016-06-30 00:00:00+05:30,62.3,62.3,60.1,61.95,382826
2016-07-01 00:00:00+05:30,64.0,68.05,56.65,65.1,556282
2016-07-04 00:00:00+05:30,67.0,71.0,67.0,68.1,315585
2016-07-05 00:00:00+05:30,67.2,68.35,63.5,64.0,193243
2016-07-07 00:00:00+05:30,66.0,70.4,64.1,70.4,579708
2016-07-08 00:00:00+05:30,71.0,71.8,65.65,66.25,519238
2016-07-11 00:00:00+05:30,67.1,69.1,66.05,66.65,151583
2016-07-12 00:00:00+05:30,68.3,68.5,64.0,65.15,159949
2016-07-13 00:00:00+05:30,65.45,65.5,61.2,61.85,206243
2016-07-14 00:00:00+05:30,61.95,67.5,61.75,64.55,325397
2016-07-15 00:00:00+05:30,65.45,66.15,62.0,62.6,149074
2016-07-18 00:00:00+05:30,62.0,64.6,61.95,62.05,101109
2016-07-19 00:00:00+05:30,63.25,63.9,59.7,60.45,139658
2016-07-20 00:00:00+05:30,61.05,63.0,61.0,61.45,140746
2016-07-21 00:00:00+05:30,61.95,63.0,60.0,60.35,106580
2016-07-22 00:00:00+05:30,61.05,65.65,60.5,63.85,319893
2016-07-25 00:00:00+05:30,64.0,69.8,63.1,65.2,214968
2016-07-26 00:00:00+05:30,65.65,66.4,62.25,62.7,136050
2016-07-27 00:00:00+05:30,62.95,64.5,59.6,62.5,174743
2016-07-28 00:00:00+05:30,62.0,64.0,61.1,61.85,103526
2016-07-29 00:00:00+05:30,62.55,66.7,62.1,64.7,416390
2016-08-01 00:00:00+05:30,65.15,66.65,63.0,63.75,238551
2016-08-02 00:00:00+05:30,64.2,65.8,61.2,62.7,144242
2016-08-03 00:00:00+05:30,62.5,63.5,58.05,61.15,338873
2016-08-04 00:00:00+05:30,61.8,63.25,60.5,61.4,101386
2016-08-05 00:00:00+05:30,63.0,64.2,60.9,61.25,159149
2016-08-08 00:00:00+05:30,61.25,62.7,58.2,59.4,104993
2016-08-09 00:00:00+05:30,59.0,59.0,52.0,53.85,221520
2016-08-10 00:00:00+05:30,54.0,56.9,52.0,53.65,227943
2016-08-11 00:00:00+05:30,53.55,54.8,49.65,50.5,115093
2016-08-12 00:00:00+05:30,47.6,47.7,41.2,43.65,534797
2016-08-16 00:00:00+05:30,44.0,45.15,42.2,43.3,153437
2016-08-17 00:00:00+05:30,43.35,43.35,39.0,39.35,211012
2016-08-18 00:00:00+05:30,38.4,43.25,35.7,43.25,221565
2016-08-19 00:00:00+05:30,46.9,47.55,44.85,47.55,336840
2016-08-22 00:00:00+05:30,48.05,49.3,45.0,47.3,278678
2016-08-23 00:00:00+05:30,46.0,48.5,45.3,46.05,97163
2016-08-24 00:00:00+05:30,46.9,46.95,44.15,44.55,71828
2016-08-25 00:00:00+05:30,45.0,45.15,42.5,43.15,123523
2016-08-26 00:00:00+05:30,43.5,46.9,42.25,43.5,88844
2016-08-29 00:00:00+05:30,44.3,45.0,42.05,43.1,52807
2016-08-30 00:00:00+05:30,43.95,44.45,41.9,42.65,61368
2016-08-31 00:00:00+05:30,43.25,46.9,43.0,44.45,466539
2016-09-01 00:00:00+05:30,44.95,44.95,42.5,42.8,162028
2016-09-02 00:00:00+05:30,42.0,45.2,40.75,42.1,172424
2016-09-06 00:00:00+05:30,41.6,45.5,41.6,44.5,169343
2016-09-07 00:00:00+05:30,45.4,46.2,43.0,44.65,113992
2016-09-08 00:00:00+05:30,44.05,46.0,44.0,45.25,62301
2016-09-09 00:00:00+05:30,46.45,54.3,44.2,51.05,735655
2016-09-12 00:00:00+05:30,51.1,58.45,49.25,54.4,627978
2016-09-14 00:00:00+05:30,53.8,56.6,51.2,52.25,226579
2016-09-15 00:00:00+05:30,52.55,54.8,51.3,51.85,129437
2016-09-16 00:00:00+05:30,53.05,60.0,51.1,55.95,823844
2016-09-19 00:00:00+05:30,57.4,63.3,57.4,62.5,996003
2016-09-20 00:00:00+05:30,63.35,65.7,59.5,59.95,663030
2016-09-21 00:00:00+05:30,60.6,60.6,56.55,57.9,257612
2016-09-22 00:00:00+05:30,58.5,61.7,57.1,60.65,355196
2016-09-23 00:00:00+05:30,61.5,61.8,58.4,59.35,295095
2016-09-26 00:00:00+05:30,57.25,59.5,56.25,57.15,151942
2016-09-27 00:00:00+05:30,57.15,58.9,56.25,56.45,118580
2016-09-28 00:00:00+05:30,56.45,59.8,55.6,58.1,313637
2016-09-29 00:00:00+05:30,59.45,61.0,47.15,53.95,430853
2016-09-30 00:00:00+05:30,55.0,57.2,52.0,56.05,107759
2016-10-03 00:00:00+05:30,57.15,58.1,56.35,57.6,118377
2016-10-04 00:00:00+05:30,59.0,59.1,57.25,58.0,86231
2016-10-05 00:00:00+05:30,59.1,60.45,56.7,58.9,326548
2016-10-06 00:00:00+05:30,59.2,60.5,57.6,58.45,205784
2016-10-07 00:00:00+05:30,58.85,60.45,58.05,59.75,338127
2016-10-10 00:00:00+05:30,60.0,60.25,57.5,57.7,172159
2016-10-13 00:00:00+05:30,58.4,59.0,56.1,56.6,154507
2016-10-14 00:00:00+05:30,57.15,57.95,56.25,56.45,49715
2016-10-17 00:00:00+05:30,58.0,58.5,56.4,56.7,125845
2016-10-18 00:00:00+05:30,55.85,58.5,55.85,56.7,127738
2016-10-19 00:00:00+05:30,55.55,57.3,55.55,56.2,41658
2016-10-20 00:00:00+05:30,56.85,56.85,54.8,55.45,82542
2016-10-21 00:00:00+05:30,56.4,57.3,54.45,56.25,162699
2016-10-24 00:00:00+05:30,57.0,57.0,54.2,54.55,71041
2016-10-25 00:00:00+05:30,54.95,55.15,54.0,54.05,60652
2016-10-26 00:00:00+05:30,54.0,54.9,52.55,53.15,56394
2016-10-27 00:00:00+05:30,53.25,56.95,52.8,55.55,224200
2016-10-28 00:00:00+05:30,56.75,56.75,55.5,55.65,86811
2016-10-30 00:00:00+05:30,55.2,55.7,54.65,54.75,18905
2016-11-01 00:00:00+05:30,53.6,54.6,49.8,50.7,139047
2016-11-02 00:00:00+05:30,49.95,50.7,46.55,48.0,364731
2016-11-03 00:00:00+05:30,48.5,50.7,47.3,47.95,214674
2016-11-04 00:00:00+05:30,48.35,49.4,45.0,46.95,126273
2016-11-07 00:00:00+05:30,47.9,48.7,45.8,46.7,64879
2016-11-08 00:00:00+05:30,46.8,47.2,44.3,45.95,70987
2016-11-09 00:00:00+05:30,42.9,43.8,37.0,42.35,191243
2016-11-10 00:00:00+05:30,45.4,48.05,44.4,46.75,144687
2016-11-11 00:00:00+05:30,46.55,46.65,44.5,45.1,89725
2016-11-15 00:00:00+05:30,42.25,42.7,37.0,38.15,137571
2016-11-16 00:00:00+05:30,39.9,39.95,37.2,37.8,50086
2016-11-17 00:00:00+05:30,37.15,38.35,34.6,35.8,97497
2016-11-18 00:00:00+05:30,34.75,42.95,34.75,42.6,500248
2016-11-21 00:00:00+05:30,46.4,50.0,46.0,47.6,1213807
2016-11-22 00:00:00+05:30,48.6,49.8,42.55,46.7,514400
2016-11-23 00:00:00+05:30,47.95,50.4,44.2,48.15,455472
2016-11-24 00:00:00+05:30,48.5,50.8,47.8,48.65,367436
2016-11-25 00:00:00+05:30,48.95,49.35,47.6,48.0,188569
2016-11-28 00:00:00+05:30,48.4,48.85,47.4,47.65,180788
2016-11-29 00:00:00+05:30,47.6,48.8,46.65,47.05,81686
2016-11-30 00:00:00+05:30,47.05,48.2,46.6,47.0,76354
2016-12-01 00:00:00+05:30,47.3,48.4,45.85,46.1,102446
2016-12-02 00:00:00+05:30,45.15,46.3,44.3,44.65,61003
2016-12-05 00:00:00+05:30,44.85,46.2,44.35,45.2,39878
2016-12-06 00:00:00+05:30,45.0,46.2,44.55,45.75,78217
2016-12-07 00:00:00+05:30,45.9,46.7,44.5,45.0,44846
2016-12-08 00:00:00+05:30,45.6,46.15,44.85,45.15,28045
2016-12-09 00:00:00+05:30,45.15,46.2,44.1,44.8,44841
2016-12-12 00:00:00+05:30,45.0,45.65,44.2,44.4,22823
2016-12-13 00:00:00+05:30,44.25,45.55,43.85,44.15,57639
2016-12-14 00:00:00+05:30,44.0,45.45,43.5,44.05,38076
2016-12-15 00:00:00+05:30,44.85,44.85,43.25,43.45,16482
2016-12-16 00:00:00+05:30,45.5,45.5,43.2,44.2,65808
2016-12-19 00:00:00+05:30,44.0,45.5,43.9,44.95,48484
2016-12-20 00:00:00+05:30,45.0,45.0,43.8,44.0,32294
2016-12-21 00:00:00+05:30,43.65,43.95,42.0,42.25,41995
2016-12-22 00:00:00+05:30,41.95,42.7,40.2,41.85,64371
2016-12-23 00:00:00+05:30,41.8,46.35,40.2,44.05,480216
2016-12-26 00:00:00+05:30,44.2,46.85,42.65,44.3,143878
2016-12-27 00:00:00+05:30,43.45,44.7,43.15,43.4,76697
2016-12-28 00:00:00+05:30,43.75,46.4,43.7,44.05,102552
2016-12-29 00:00:00+05:30,44.45,45.1,43.45,44.85,62476
2016-12-30 00:00:00+05:30,44.85,48.4,44.85,47.1,368507
2017-01-02 00:00:00+05:30,47.9,54.85,46.5,53.1,914623
2017-01-03 00:00:00+05:30,53.9,55.6,51.8,52.2,412672
2017-01-04 00:00:00+05:30,52.65,54.45,50.7,51.2,244128
2017-01-05 00:00:00+05:30,51.6,52.45,49.5,50.5,107126
2017-01-06 00:00:00+05:30,51.3,53.4,50.15,51.45,200565
2017-01-09 00:00:00+05:30,52.0,54.3,51.65,53.9,302762
2017-01-10 00:00:00+05:30,54.0,58.4,53.9,57.7,915453
2017-01-11 00:00:00+05:30,58.5,58.8,54.8,56.0,298349
2017-01-12 00:00:00+05:30,56.7,56.75,54.45,54.8,126177
2017-01-13 00:00:00+05:30,54.6,59.25,54.35,57.4,437824
2017-01-16 00:00:00+05:30,57.05,60.3,56.6,58.35,238758
2017-01-17 00:00:00+05:30,58.55,61.0,57.85,59.45,234664
2017-01-18 00:00:00+05:30,59.9,60.4,57.5,58.1,242155
2017-01-19 00:00:00+05:30,58.6,59.0,57.25,57.6,104917
2017-01-20 00:00:00+05:30,57.9,57.9,55.35,55.55,109181
2017-01-23 00:00:00+05:30,55.35,59.25,55.0,58.8,239777
2017-01-24 00:00:00+05:30,59.55,63.0,58.35,60.55,717246
2017-01-25 00:00:00+05:30,60.8,61.5,59.35,59.9,130008
2017-01-27 00:00:00+05:30,60.45,61.85,58.2,59.0,169287
2017-01-30 00:00:00+05:30,59.65,60.45,57.8,58.2,149360
2017-01-31 00:00:00+05:30,58.65,59.4,56.3,56.85,141333
2017-02-01 00:00:00+05:30,57.15,58.2,55.75,57.35,174057
2017-02-02 00:00:00+05:30,57.7,63.0,57.05,61.7,638014
2017-02-03 00:00:00+05:30,62.6,64.85,61.25,64.0,453314
2017-02-06 00:00:00+05:30,64.75,67.75,63.55,66.55,1326322
2017-02-07 00:00:00+05:30,67.2,71.0,66.5,67.35,986089
2017-02-08 00:00:00+05:30,67.7,68.0,64.6,65.75,239412
2017-02-09 00:00:00+05:30,66.4,67.5,63.45,63.9,256332
2017-02-10 00:00:00+05:30,64.45,66.35,63.5,64.2,310498
2017-02-13 00:00:00+05:30,64.85,65.65,63.9,64.8,168399
2017-02-14 00:00:00+05:30,65.9,75.45,59.45,70.05,2243637
2017-02-15 00:00:00+05:30,75.3,80.5,72.0,75.4,3493907
2017-02-16 00:00:00+05:30,75.4,79.7,72.5,78.4,1759988
2017-02-17 00:00:00+05:30,78.7,81.8,78.05,78.7,839947
2017-02-20 00:00:00+05:30,79.5,80.0,76.2,77.8,460935
2017-02-21 00:00:00+05:30,78.25,78.7,74.5,74.95,293056
2017-02-22 00:00:00+05:30,74.95,78.95,71.3,77.1,1002294
2017-02-23 00:00:00+05:30,77.4,80.0,76.55,77.95,536909
2017-02-27 00:00:00+05:30,77.5,78.75,75.0,75.75,234246
2017-02-28 00:00:00+05:30,75.75,79.0,75.4,76.7,328004
2017-03-01 00:00:00+05:30,77.1,80.9,77.05,78.1,609924
2017-03-02 00:00:00+05:30,78.0,79.2,75.8,76.9,243711
2017-03-03 00:00:00+05:30,76.9,82.45,76.9,80.15,1409619
2017-03-06 00:00:00+05:30,80.85,85.3,80.7,84.7,1391707
2017-03-07 00:00:00+05:30,85.4,86.45,83.1,85.3,740182
2017-03-08 00:00:00+05:30,85.25,85.35,81.05,83.1,414925
2017-03-09 00:00:00+05:30,83.5,88.25,82.8,86.9,1705333
2017-03-10 00:00:00+05:30,87.85,92.6,87.8,89.05,2126276
2017-03-14 00:00:00+05:30,91.5,92.75,86.55,87.1,544840
2017-03-15 00:00:00+05:30,87.65,90.2,87.25,87.9,525341
2017-03-16 00:00:00+05:30,88.55,89.4,86.0,86.65,275849
2017-03-17 00:00:00+05:30,86.65,91.0,85.65,89.05,1201614
2017-03-20 00:00:00+05:30,89.45,91.25,88.85,89.5,640455
2017-03-21 00:00:00+05:30,90.0,90.0,87.0,87.3,281234
2017-03-22 00:00:00+05:30,88.4,91.8,88.4,89.7,1152624
2017-03-23 00:00:00+05:30,90.6,90.9,88.55,88.85,359920
2017-03-24 00:00:00+05:30,88.95,89.75,85.6,86.1,290280
2017-03-27 00:00:00+05:30,85.5,86.35,83.6,84.0,266101
2017-03-28 00:00:00+05:30,84.8,86.05,83.8,84.05,371427
2017-03-29 00:00:00+05:30,85.0,85.2,79.55,80.6,516790
2017-03-30 00:00:00+05:30,82.1,85.9,81.2,85.0,749958
2017-03-31 00:00:00+05:30,85.6,86.1,82.5,82.95,482882
2017-04-03 00:00:00+05:30,83.5,87.2,83.25,85.2,487459
2017-04-05 00:00:00+05:30,85.9,85.95,84.0,84.5,282068
2017-04-06 00:00:00+05:30,84.0,87.3,83.5,84.8,248689
2017-04-07 00:00:00+05:30,85.2,86.25,83.25,83.85,178255
2017-04-10 00:00:00+05:30,83.6,86.25,83.6,84.85,366953
2017-04-11 00:00:00+05:30,84.5,85.4,82.3,82.7,274235
2017-04-12 00:00:00+05:30,83.6,86.5,80.55,83.5,631652
2017-04-13 00:00:00+05:30,84.2,84.65,81.55,81.85,225053
2017-04-17 00:00:00+05:30,82.25,83.4,81.75,82.05,127893
2017-04-18 00:00:00+05:30,82.45,83.2,79.0,79.5,199206
2017-04-19 00:00:00+05:30,79.5,87.25,79.5,84.7,1042385
2017-04-20 00:00:00+05:30,85.45,87.55,84.75,86.6,553034
2017-04-21 00:00:00+05:30,88.1,91.9,88.0,89.65,772511
2017-04-24 00:00:00+05:30,90.1,91.4,88.65,90.45,473635
2017-04-25 00:00:00+05:30,90.45,93.9,90.0,91.5,801668
2017-04-26 00:00:00+05:30,91.7,91.8,87.1,88.3,169445
2017-04-27 00:00:00+05:30,88.85,94.5,88.5,92.85,822387
2017-04-28 00:00:00+05:30,93.6,93.8,89.2,89.6,184651
2017-05-02 00:00:00+05:30,89.7,93.1,89.4,90.9,258639
2017-05-03 00:00:00+05:30,91.75,91.9,88.2,88.85,191629
2017-05-04 00:00:00+05:30,89.45,90.25,87.5,88.05,184795
2017-05-05 00:00:00+05:30,88.0,88.95,86.05,86.95,161462
2017-05-08 00:00:00+05:30,87.5,88.15,85.05,85.6,147923
2017-05-09 00:00:00+05:30,85.1,91.0,85.1,89.75,526616
2017-05-10 00:00:00+05:30,90.25,96.0,88.5,91.85,1012293
2017-05-11 00:00:00+05:30,92.45,93.1,90.0,90.15,201399
2017-05-12 00:00:00+05:30,90.15,93.0,88.65,90.05,251413
2017-05-15 00:00:00+05:30,90.65,93.7,89.2,92.55,386830
2017-05-16 00:00:00+05:30,92.5,94.0,91.6,92.45,146779
2017-05-17 00:00:00+05:30,92.55,97.0,91.5,93.45,776051
2017-05-18 00:00:00+05:30,92.0,94.25,91.1,91.3,346029
2017-05-19 00:00:00+05:30,91.85,94.95,90.0,90.4,341306
2017-05-22 00:00:00+05:30,91.0,91.5,85.75,86.55,176510
2017-05-23 00:00:00+05:30,87.3,89.15,82.8,86.0,227654
2017-05-24 00:00:00+05:30,85.5,86.9,81.1,82.15,164291
2017-05-25 00:00:00+05:30,81.8,84.95,80.25,83.15,212575
2017-05-26 00:00:00+05:30,83.7,86.4,83.25,85.6,177183
2017-05-29 00:00:00+05:30,85.6,86.4,79.55,80.2,173452
2017-05-30 00:00:00+05:30,79.25,79.7,75.3,76.15,153153
2017-05-31 00:00:00+05:30,77.95,77.95,75.15,75.75,115399
2017-06-01 00:00:00+05:30,75.85,79.4,75.5,78.6,166340
2017-06-02 00:00:00+05:30,79.0,81.5,78.75,79.15,154661
2017-06-05 00:00:00+05:30,79.15,80.45,76.7,77.6,141419
2017-06-06 00:00:00+05:30,78.25,78.25,74.9,75.2,128513
2017-06-07 00:00:00+05:30,75.65,77.6,75.25,76.7,85345
2017-06-08 00:00:00+05:30,77.3,77.95,76.55,77.15,73340
2017-06-09 00:00:00+05:30,77.75,78.25,76.65,77.2,115491
2017-06-12 00:00:00+05:30,83.4,85.5,81.05,81.85,942881
2017-06-13 00:00:00+05:30,82.5,84.9,80.25,81.2,366306
2017-06-14 00:00:00+05:30,81.45,81.9,79.3,79.7,112518
2017-06-15 00:00:00+05:30,79.5,79.85,77.05,78.6,115733
2017-06-16 00:00:00+05:30,79.0,79.6,76.9,77.4,104449
2017-06-19 00:00:00+05:30,78.2,78.25,62.0,73.75,401371
2017-06-20 00:00:00+05:30,74.0,78.6,72.0,75.95,439801
2017-06-21 00:00:00+05:30,75.65,81.75,75.5,81.15,556593
2017-06-22 00:00:00+05:30,81.95,82.65,78.3,78.55,229454
2017-06-23 00:00:00+05:30,79.15,79.15,76.0,76.25,148961
2017-06-27 00:00:00+05:30,76.9,76.9,73.05,73.7,88359
2017-06-28 00:00:00+05:30,72.65,79.5,72.65,76.2,427767
2017-06-29 00:00:00+05:30,76.8,81.0,76.2,77.3,693699
2017-06-30 00:00:00+05:30,77.2,79.5,76.1,77.35,166115
2017-07-03 00:00:00+05:30,78.85,80.45,77.6,78.35,233290
2017-07-04 00:00:00+05:30,79.1,79.1,77.05,77.55,111466
2017-07-05 00:00:00+05:30,78.75,79.1,77.55,78.35,103329
2017-07-06 00:00:00+05:30,79.0,79.45,78.05,78.3,85848
2017-07-07 00:00:00+05:30,78.75,82.4,78.05,80.65,742217
2017-07-10 00:00:00+05:30,80.95,83.0,79.55,80.8,107361
2017-07-11 00:00:00+05:30,85.0,85.3,80.4,80.9,529438
2017-07-12 00:00:00+05:30,81.3,81.3,77.05,78.1,241222
2017-07-13 00:00:00+05:30,78.1,79.0,76.2,76.75,144487
2017-07-14 00:00:00+05:30,77.95,78.4,75.15,75.45,185167
2017-07-17 00:00:00+05:30,75.45,76.25,72.7,73.15,204495
2017-07-18 00:00:00+05:30,72.9,74.5,72.05,73.75,159406
2017-07-19 00:00:00+05:30,74.4,75.8,72.45,74.7,231147
2017-07-20 00:00:00+05:30,75.4,78.05,75.4,76.25,353957
2017-07-21 00:00:00+05:30,76.8,79.0,74.75,78.15,315776
2017-07-24 00:00:00+05:30,78.7,79.3,76.1,76.45,270356
2017-07-25 00:00:00+05:30,76.9,79.4,76.0,78.1,409441
2017-07-26 00:00:00+05:30,78.45,79.4,77.2,77.65,219216
2017-07-27 00:00:00+05:30,76.5,77.65,74.1,74.55,115294
2017-07-28 00:00:00+05:30,74.5,75.7,72.35,73.8,92671
2017-07-31 00:00:00+05:30,74.0,76.5,73.6,76.05,247790
2017-08-01 00:00:00+05:30,75.75,77.05,75.3,75.6,110355
2017-08-02 00:00:00+05:30,75.95,79.2,75.2,78.25,429790
2017-08-03 00:00:00+05:30,78.45,82.2,77.4,78.6,627261
2017-08-04 00:00:00+05:30,79.25,81.0,77.85,79.95,371912
2017-08-07 00:00:00+05:30,80.15,95.9,80.15,95.9,2297839
2017-08-08 00:00:00+05:30,99.5,103.8,89.65,96.1,3434191
2017-08-09 00:00:00+05:30,94.8,102.0,92.15,97.4,1337708
2017-08-10 00:00:00+05:30,96.45,98.7,85.7,88.55,577914
2017-08-11 00:00:00+05:30,86.9,95.0,83.0,89.9,665551
2017-08-14 00:00:00+05:30,91.0,93.7,89.5,90.2,459851
2017-08-16 00:00:00+05:30,90.4,92.3,88.8,90.15,272884
2017-08-17 00:00:00+05:30,90.2,92.5,88.0,89.9,235865
2017-08-18 00:00:00+05:30,89.35,91.4,88.0,88.95,232244
2017-08-21 00:00:00+05:30,89.25,91.0,88.0,88.7,182092
2017-08-22 00:00:00+05:30,89.05,90.4,84.3,85.45,182265
2017-08-23 00:00:00+05:30,86.0,86.75,84.5,85.6,164070
2017-08-24 00:00:00+05:30,86.65,91.7,86.2,90.4,385354
2017-08-28 00:00:00+05:30,91.0,100.0,90.05,98.05,1056898
2017-08-29 00:00:00+05:30,99.0,104.5,97.55,100.25,1225108
2017-08-30 00:00:00+05:30,101.8,117.8,101.75,115.4,1983065
2017-08-31 00:00:00+05:30,116.8,130.55,111.9,128.35,2310490
2017-09-01 00:00:00+05:30,128.0,138.0,125.0,131.6,1928658
2017-09-04 00:00:00+05:30,132.0,132.8,120.1,129.35,1046046
2017-09-05 00:00:00+05:30,130.9,136.5,126.85,132.75,1168953
2017-09-06 00:00:00+05:30,132.2,133.95,129.0,130.35,591504
2017-09-07 00:00:00+05:30,131.0,135.5,127.7,134.05,614575
2017-09-08 00:00:00+05:30,134.75,144.0,133.35,139.55,1221829
2017-09-11 00:00:00+05:30,142.5,144.8,132.4,136.6,1052836
2017-09-12 00:00:00+05:30,142.0,144.35,134.15,138.2,1200045
2017-09-13 00:00:00+05:30,138.5,141.0,131.0,132.8,487934
2017-09-14 00:00:00+05:30,133.55,134.3,129.15,130.15,291127
2017-09-15 00:00:00+05:30,129.0,129.85,119.1,120.85,534913
2017-09-18 00:00:00+05:30,123.45,127.0,118.0,125.65,589777
2017-09-19 00:00:00+05:30,126.8,134.0,126.3,130.0,631468
2017-09-20 00:00:00+05:30,130.0,134.75,127.5,132.8,693172
2017-09-21 00:00:00+05:30,132.6,133.45,126.0,127.95,431910
2017-09-22 00:00:00+05:30,126.35,127.95,121.05,122.05,273963
2017-09-25 00:00:00+05:30,120.2,121.5,111.9,114.4,261906
2017-09-26 00:00:00+05:30,113.8,118.65,113.75,116.6,183272
2017-09-27 00:00:00+05:30,119.1,122.95,114.0,114.75,319616
2017-09-28 00:00:00+05:30,115.7,119.8,114.8,117.95,151011
2017-09-29 00:00:00+05:30,118.6,121.35,116.85,117.85,96849
2017-10-03 00:00:00+05:30,119.0,120.2,117.6,118.0,120529
2017-10-04 00:00:00+05:30,118.05,120.7,117.0,118.85,118681
2017-10-05 00:00:00+05:30,118.85,119.0,116.0,116.5,150736
2017-10-06 00:00:00+05:30,117.4,123.9,117.4,122.35,317684
2017-10-09 00:00:00+05:30,123.0,134.45,121.0,126.4,936596
2017-10-10 00:00:00+05:30,127.1,134.4,126.4,133.25,782696
2017-10-11 00:00:00+05:30,135.4,140.0,127.55,128.85,1189835
2017-10-12 00:00:00+05:30,130.15,134.8,128.25,132.2,410426
2017-10-13 00:00:00+05:30,132.8,132.8,126.6,127.25,204003
2017-10-16 00:00:00+05:30,127.9,130.5,124.05,125.0,163997
2017-10-17 00:00:00+05:30,125.35,125.35,121.45,121.95,157933
2017-10-18 00:00:00+05:30,120.0,124.0,119.5,120.45,237000
2017-10-19 00:00:00+05:30,121.1,121.55,118.1,119.05,35587
2017-10-23 00:00:00+05:30,121.5,124.9,120.8,122.0,387190
2017-10-24 00:00:00+05:30,122.5,123.25,118.6,118.95,245035
2017-10-25 00:00:00+05:30,120.0,122.5,116.7,117.85,261242
2017-10-26 00:00:00+05:30,117.5,122.5,116.2,120.3,439271
2017-10-27 00:00:00+05:30,120.9,121.9,117.5,118.25,242248
2017-10-30 00:00:00+05:30,121.8,124.5,119.2,120.2,321543
2017-10-31 00:00:00+05:30,120.7,124.6,120.2,123.65,726010
2017-11-01 00:00:00+05:30,126.5,130.5,123.65,124.35,1320179
2017-11-02 00:00:00+05:30,125.0,129.65,123.05,126.7,524704
2017-11-03 00:00:00+05:30,127.85,128.1,122.5,123.3,222402
2017-11-06 00:00:00+05:30,121.0,123.1,116.55,117.6,496852
2017-11-07 00:00:00+05:30,118.15,119.5,111.05,113.25,282941
2017-11-08 00:00:00+05:30,113.5,115.6,107.1,107.9,264022
2017-11-09 00:00:00+05:30,108.6,112.0,108.6,109.85,167784
2017-11-10 00:00:00+05:30,109.0,112.9,108.0,110.0,195666
2017-11-13 00:00:00+05:30,109.8,109.8,102.05,102.95,227709
2017-11-14 00:00:00+05:30,103.0,105.0,99.65,100.4,232635
2017-11-15 00:00:00+05:30,101.0,101.0,92.5,93.15,258425
2017-11-16 00:00:00+05:30,92.05,94.5,92.0,93.1,206723
2017-11-17 00:00:00+05:30,94.45,104.2,93.45,100.1,869067
2017-11-20 00:00:00+05:30,100.45,103.85,99.55,100.45,340771
2017-11-21 00:00:00+05:30,101.4,101.5,95.0,95.9,224896
2017-11-22 00:00:00+05:30,96.5,96.8,93.0,93.6,251107
2017-11-23 00:00:00+05:30,94.4,98.0,93.65,97.0,747771
2017-11-24 00:00:00+05:30,97.7,102.15,96.25,98.75,520290
2017-11-27 00:00:00+05:30,97.9,101.4,97.1,100.6,257428
2017-11-28 00:00:00+05:30,100.6,101.25,97.4,98.2,268909
2017-11-29 00:00:00+05:30,99.2,102.8,97.25,98.6,358363
2017-11-30 00:00:00+05:30,98.55,98.75,95.55,96.1,142412
2017-12-01 00:00:00+05:30,98.0,99.0,91.75,93.0,242983
2017-12-04 00:00:00+05:30,95.65,96.7,93.5,95.45,178179
2017-12-05 00:00:00+05:30,96.45,103.0,93.7,100.8,738210
2017-12-06 00:00:00+05:30,103.5,106.7,100.65,101.5,816967
2017-12-07 00:00:00+05:30,101.5,102.75,97.4,100.5,247336
2017-12-08 00:00:00+05:30,101.45,102.0,99.5,99.9,321823
2017-12-11 00:00:00+05:30,99.7,101.25,94.5,96.0,292758
2017-12-12 00:00:00+05:30,94.0,94.0,86.15,87.95,559239
2017-12-13 00:00:00+05:30,87.5,89.45,85.55,86.0,185406
2017-12-14 00:00:00+05:30,86.4,86.4,83.0,83.6,114156
2017-12-15 00:00:00+05:30,85.45,85.45,78.55,80.15,247126
2017-12-18 00:00:00+05:30,78.85,83.5,73.65,79.65,241808
2017-12-19 00:00:00+05:30,80.15,92.25,80.15,90.15,1370765
2017-12-20 00:00:00+05:30,90.4,90.95,86.6,88.25,440617
2017-12-21 00:00:00+05:30,88.7,88.7,86.55,87.45,158560
2017-12-22 00:00:00+05:30,86.75,91.4,85.65,87.4,377764
2017-12-26 00:00:00+05:30,87.4,89.8,86.05,87.45,206306
2017-12-27 00:00:00+05:30,86.5,87.9,83.75,84.65,194646
2017-12-28 00:00:00+05:30,85.25,85.25,81.7,82.05,262469
2017-12-29 00:00:00+05:30,82.15,85.2,80.05,81.25,310637
2018-01-01 00:00:00+05:30,81.0,85.0,79.8,81.5,925229
2018-01-02 00:00:00+05:30,81.85,83.5,80.4,80.8,638279
2018-01-03 00:00:00+05:30,80.75,83.5,80.65,81.1,322045
2018-01-04 00:00:00+05:30,81.35,82.1,80.3,80.75,177748
2018-01-05 00:00:00+05:30,81.35,82.0,80.2,80.55,238389
2018-01-08 00:00:00+05:30,80.8,82.5,80.3,80.7,378348
2018-01-09 00:00:00+05:30,80.75,82.75,80.6,80.9,322797
2018-01-10 00:00:00+05:30,81.0,81.6,79.9,80.2,164586
2018-01-11 00:00:00+05:30,80.3,81.0,78.3,79.45,138774
2018-01-12 00:00:00+05:30,79.6,80.25,76.3,77.95,176274
2018-01-15 00:00:00+05:30,78.1,78.5,76.8,77.4,103258
2018-01-16 00:00:00+05:30,77.2,77.5,73.95,74.35,186574
2018-01-17 00:00:00+05:30,74.0,74.2,71.15,72.75,123648
2018-01-18 00:00:00+05:30,73.0,74.05,69.0,69.6,180477
2018-01-19 00:00:00+05:30,70.6,70.6,66.1,66.5,199663
2018-01-22 00:00:00+05:30,66.5,68.25,61.4,67.05,765133
2018-01-23 00:00:00+05:30,67.05,71.5,66.2,68.95,459117
2018-01-24 00:00:00+05:30,69.9,73.0,64.2,71.65,665651
2018-01-25 00:00:00+05:30,72.0,72.5,69.2,70.05,245525
2018-01-29 00:00:00+05:30,70.8,72.65,67.05,68.2,219156
2018-01-30 00:00:00+05:30,68.3,68.3,65.5,65.9,83437
2018-01-31 00:00:00+05:30,66.35,71.7,66.3,67.5,457105
2018-02-01 00:00:00+05:30,67.5,67.75,64.65,65.75,144849
2018-02-02 00:00:00+05:30,64.5,65.3,60.0,61.45,176044
2018-02-05 00:00:00+05:30,61.2,64.65,58.45,63.8,491790
2018-02-06 00:00:00+05:30,58.2,63.45,57.3,59.95,609368
2018-02-07 00:00:00+05:30,60.8,62.35,59.0,59.85,178807
2018-02-08 00:00:00+05:30,60.2,61.55,59.6,60.35,189760
2018-02-09 00:00:00+05:30,59.6,66.25,58.9,64.55,552582
2018-02-12 00:00:00+05:30,65.55,67.4,64.25,65.05,203970
2018-02-14 00:00:00+05:30,67.0,69.85,65.1,67.0,433751
2018-02-15 00:00:00+05:30,67.4,67.4,63.3,64.25,166395
2018-02-16 00:00:00+05:30,65.1,65.45,61.35,62.2,147503
2018-02-19 00:00:00+05:30,62.25,62.8,60.15,61.3,113380
2018-02-20 00:00:00+05:30,60.95,62.6,60.6,61.05,108126
2018-02-21 00:00:00+05:30,61.8,62.3,59.8,60.2,94809
2018-02-22 00:00:00+05:30,61.0,61.4,60.15,60.6,241372
2018-02-23 00:00:00+05:30,60.95,62.9,60.6,62.0,101338
2018-02-26 00:00:00+05:30,63.0,63.0,60.75,61.2,78433
2018-02-27 00:00:00+05:30,61.2,61.6,59.0,59.4,77346
2018-02-28 00:00:00+05:30,59.4,60.6,58.0,58.8,144515
2018-03-01 00:00:00+05:30,58.85,59.9,57.25,58.15,94490
2018-03-05 00:00:00+05:30,58.15,58.75,55.95,56.1,117570
2018-03-06 00:00:00+05:30,56.0,57.15,51.9,52.35,180128
2018-03-07 00:00:00+05:30,52.35,52.35,48.8,49.75,244966
2018-03-08 00:00:00+05:30,49.75,50.65,45.2,46.65,358699
2018-03-09 00:00:00+05:30,47.5,48.65,46.65,47.6,226066
2018-03-12 00:00:00+05:30,47.6,51.85,45.6,51.15,441479
2018-03-13 00:00:00+05:30,49.75,54.65,49.75,52.7,487095
2018-03-14 00:00:00+05:30,52.2,57.25,50.95,56.35,530551
2018-03-15 00:00:00+05:30,55.15,60.4,55.15,58.0,647730
2018-03-16 00:00:00+05:30,58.0,58.7,54.1,54.75,203728
2018-03-19 00:00:00+05:30,56.0,56.65,51.1,51.85,157999
2018-03-20 00:00:00+05:30,51.9,54.7,50.75,52.7,249091
2018-03-21 00:00:00+05:30,54.0,55.9,52.1,53.75,173295
2018-03-22 00:00:00+05:30,54.8,54.8,51.2,51.6,147718
2018-03-23 00:00:00+05:30,50.0,50.2,47.2,48.0,207069
2018-03-26 00:00:00+05:30,48.95,48.95,45.25,45.7,235052
2018-03-27 00:00:00+05:30,46.5,49.5,45.95,46.8,389050
2018-03-28 00:00:00+05:30,46.5,47.2,45.5,45.95,218211
2018-04-02 00:00:00+05:30,46.4,48.15,46.4,47.3,96954
2018-04-03 00:00:00+05:30,46.8,48.8,46.5,48.25,154777
2018-04-04 00:00:00+05:30,48.05,52.15,47.1,49.05,344664
2018-04-05 00:00:00+05:30,50.9,51.9,49.95,50.45,140984
2018-04-06 00:00:00+05:30,51.25,51.4,49.5,49.95,96760
2018-04-09 00:00:00+05:30,50.0,54.0,49.95,50.2,70944
2018-04-10 00:00:00+05:30,50.55,54.75,50.55,52.6,527195
2018-04-11 00:00:00+05:30,53.2,53.6,51.0,51.2,129817
2018-04-12 00:00:00+05:30,51.15,51.15,49.0,49.45,103884
2018-04-13 00:00:00+05:30,49.05,50.05,48.7,49.05,80536
2018-04-16 00:00:00+05:30,48.8,49.8,47.95,48.7,106165
2018-04-17 00:00:00+05:30,48.7,49.9,47.5,48.65,104453
2018-04-18 00:00:00+05:30,48.8,48.8,46.65,46.8,95241
2018-04-19 00:00:00+05:30,47.0,47.15,45.25,45.5,109103
2018-04-20 00:00:00+05:30,45.9,46.55,45.5,46.05,91936
2018-04-23 00:00:00+05:30,46.1,47.5,45.5,46.5,96888
2018-04-24 00:00:00+05:30,47.5,47.9,46.4,46.5,70984
2018-04-25 00:00:00+05:30,46.4,46.7,44.8,45.0,77525
2018-04-26 00:00:00+05:30,45.0,45.5,41.35,41.55,273538
2018-04-27 00:00:00+05:30,42.0,45.0,40.5,41.3,501421
2018-04-30 00:00:00+05:30,41.4,43.4,41.3,42.4,164104
2018-05-02 00:00:00+05:30,43.05,44.25,40.5,40.7,240391
2018-05-03 00:00:00+05:30,41.0,41.6,39.8,40.1,136346
2018-05-04 00:00:00+05:30,40.65,41.35,39.55,40.4,243376
2018-05-07 00:00:00+05:30,40.75,41.0,39.55,40.25,107310
2018-05-08 00:00:00+05:30,40.15,40.8,39.95,40.5,64978
2018-05-09 00:00:00+05:30,40.2,40.9,38.55,39.35,202134
2018-05-10 00:00:00+05:30,39.8,40.1,38.05,38.7,99822
2018-05-11 00:00:00+05:30,38.9,39.0,36.1,36.55,110670
2018-05-14 00:00:00+05:30,36.55,36.7,33.8,34.25,112198
2018-05-15 00:00:00+05:30,34.3,34.3,31.4,32.1,162614
2018-05-16 00:00:00+05:30,31.9,33.5,29.85,32.15,137797
2018-05-17 00:00:00+05:30,32.25,36.1,31.8,34.7,283264
2018-05-18 00:00:00+05:30,35.45,38.5,34.0,35.95,243297
2018-05-21 00:00:00+05:30,36.0,38.4,35.95,37.4,261717
2018-05-22 00:00:00+05:30,37.7,41.85,37.7,41.15,535706
2018-05-23 00:00:00+05:30,41.85,42.45,38.15,39.2,280040
2018-05-24 00:00:00+05:30,38.95,39.5,37.1,38.6,186704
2018-05-25 00:00:00+05:30,39.1,39.1,37.3,37.55,84841
2018-05-28 00:00:00+05:30,38.05,40.0,38.05,39.25,156254
2018-05-29 00:00:00+05:30,41.0,42.25,40.0,40.6,208587
2018-05-30 00:00:00+05:30,39.8,40.55,38.5,40.25,91013
2018-05-31 00:00:00+05:30,40.55,41.2,39.0,39.65,105928
2018-06-01 00:00:00+05:30,40.1,41.4,39.25,39.7,112269
2018-06-04 00:00:00+05:30,40.6,40.6,37.2,37.55,72533
2018-06-05 00:00:00+05:30,40.2,40.2,37.55,38.5,197312
2018-06-06 00:00:00+05:30,38.5,39.8,36.55,37.6,365747
2018-06-07 00:00:00+05:30,37.6,37.75,36.15,36.65,108862
2018-06-08 00:00:00+05:30,36.25,37.1,35.55,36.15,66821
2018-06-11 00:00:00+05:30,36.8,38.1,36.8,37.45,128869
2018-06-12 00:00:00+05:30,37.45,37.95,37.1,37.35,45418
2018-06-13 00:00:00+05:30,37.35,37.35,36.05,36.45,36195
2018-06-14 00:00:00+05:30,36.25,36.85,36.0,36.15,35452
2018-06-15 00:00:00+05:30,36.3,39.25,36.0,37.3,153857
2018-06-18 00:00:00+05:30,37.3,37.3,35.9,36.05,28146
2018-06-19 00:00:00+05:30,36.1,36.15,35.1,35.5,30178
2018-06-20 00:00:00+05:30,36.35,36.35,35.05,35.15,18746
2018-06-21 00:00:00+05:30,35.7,35.75,34.55,35.1,35827
2018-06-22 00:00:00+05:30,35.0,35.35,34.25,35.05,36735
2018-06-25 00:00:00+05:30,34.8,34.9,33.1,34.0,37276
2018-06-26 00:00:00+05:30,34.95,35.0,33.25,33.65,24927
2018-06-27 00:00:00+05:30,34.4,34.4,31.85,33.5,71354
2018-06-28 00:00:00+05:30,34.4,34.5,32.55,34.15,46426
2018-06-29 00:00:00+05:30,34.05,35.0,33.7,34.35,34684
2018-07-02 00:00:00+05:30,34.55,34.7,33.3,33.7,18930
2018-07-03 00:00:00+05:30,33.6,34.75,33.5,34.0,46458
2018-07-04 00:00:00+05:30,33.8,33.95,33.3,33.6,16816
2018-07-05 00:00:00+05:30,33.65,35.25,33.5,34.25,44134
2018-07-06 00:00:00+05:30,34.3,34.95,34.15,34.45,19858
2018-07-09 00:00:00+05:30,34.5,35.5,34.2,34.5,11325
2018-07-10 00:00:00+05:30,34.65,35.85,33.95,35.15,97871
2018-07-11 00:00:00+05:30,35.15,35.7,34.5,35.05,47402
2018-07-12 00:00:00+05:30,35.2,36.95,34.6,36.5,120106
2018-07-13 00:00:00+05:30,36.5,36.55,34.8,34.9,50161
2018-07-16 00:00:00+05:30,34.9,34.9,33.8,33.9,19687
2018-07-17 00:00:00+05:30,33.15,35.0,33.15,34.2,31468
2018-07-18 00:00:00+05:30,34.45,34.85,33.35,33.7,38018
2018-07-19 00:00:00+05:30,33.75,34.05,32.3,33.3,70105
2018-07-20 00:00:00+05:30,32.4,33.35,31.55,31.95,57009
2018-07-23 00:00:00+05:30,33.85,33.85,31.35,32.0,63692
2018-07-24 00:00:00+05:30,31.8,33.6,31.6,32.75,100692
2018-07-25 00:00:00+05:30,32.85,33.65,32.55,32.75,36328
2018-07-26 00:00:00+05:30,32.1,33.15,31.9,32.3,34930
2018-07-27 00:00:00+05:30,32.55,34.65,31.95,33.55,61905
2018-07-30 00:00:00+05:30,34.0,35.9,32.7,35.4,89052
2018-07-31 00:00:00+05:30,35.85,37.5,35.2,36.75,117922
2018-08-01 00:00:00+05:30,36.75,38.35,36.1,37.85,60790
2018-08-02 00:00:00+05:30,37.95,38.5,36.6,38.25,58329
2018-08-03 00:00:00+05:30,38.6,40.2,38.55,39.2,113684
2018-08-06 00:00:00+05:30,39.6,40.7,39.0,40.1,83180
2018-08-07 00:00:00+05:30,40.6,41.5,39.2,39.7,173994
2018-08-08 00:00:00+05:30,39.25,40.25,37.85,38.25,79270
2018-08-09 00:00:00+05:30,38.25,39.45,38.25,39.1,39130
2018-08-10 00:00:00+05:30,40.25,40.9,38.85,40.2,161514
2018-08-13 00:00:00+05:30,41.85,41.85,39.1,40.15,125099
2018-08-14 00:00:00+05:30,40.7,40.85,39.05,39.35,42386
2018-08-16 00:00:00+05:30,38.4,40.2,38.4,39.5,39111
2018-08-17 00:00:00+05:30,39.0,39.95,39.0,39.4,16739
2018-08-20 00:00:00+05:30,40.3,43.45,40.3,42.7,357408
2018-08-21 00:00:00+05:30,42.4,43.0,40.7,41.0,94537
2018-08-23 00:00:00+05:30,41.85,41.95,40.3,41.15,48280
2018-08-24 00:00:00+05:30,41.5,42.45,40.75,41.55,128039
2018-08-27 00:00:00+05:30,41.85,42.85,41.3,41.55,40560
2018-08-28 00:00:00+05:30,42.6,43.0,40.9,41.1,70632
2018-08-29 00:00:00+05:30,40.9,42.4,40.7,41.75,59858
2018-08-30 00:00:00+05:30,41.85,43.05,40.7,42.65,92519
2018-08-31 00:00:00+05:30,42.9,43.45,41.0,42.85,68109
2018-09-03 00:00:00+05:30,42.3,43.45,41.5,42.35,59636
2018-09-04 00:00:00+05:30,42.4,48.7,42.0,45.7,388535
2018-09-05 00:00:00+05:30,47.4,47.4,44.0,44.25,80351
2018-09-06 00:00:00+05:30,44.85,47.3,44.3,45.3,129841
2018-09-07 00:00:00+05:30,45.9,46.85,44.65,45.6,64924
2018-09-10 00:00:00+05:30,46.45,50.9,45.55,49.55,230111
2018-09-11 00:00:00+05:30,49.45,54.0,48.55,49.35,223235
2018-09-12 00:00:00+05:30,50.0,51.7,47.7,50.75,399647
2018-09-14 00:00:00+05:30,51.4,60.9,51.35,59.5,2563855
2018-09-17 00:00:00+05:30,60.0,71.4,60.0,71.05,3967479
2018-09-18 00:00:00+05:30,73.5,73.5,63.95,63.95,1881982
2018-09-19 00:00:00+05:30,65.0,68.0,62.55,64.6,848418
2018-09-21 00:00:00+05:30,65.0,65.85,58.15,58.15,367668
2018-09-24 00:00:00+05:30,56.4,59.15,52.6,55.25,817094
2018-09-25 00:00:00+05:30,54.1,58.0,52.55,56.4,956598
2018-09-26 00:00:00+05:30,57.95,58.4,53.6,53.6,670572
2018-09-27 00:00:00+05:30,52.0,52.5,50.95,50.95,82789
2018-09-28 00:00:00+05:30,51.0,51.0,48.45,48.45,47481
2018-10-01 00:00:00+05:30,46.25,50.5,46.05,49.85,98576
2018-10-03 00:00:00+05:30,47.5,52.3,47.5,50.85,86158
2018-10-04 00:00:00+05:30,50.85,53.35,48.35,50.05,69663
2018-10-05 00:00:00+05:30,50.55,52.55,47.8,48.9,80847
2018-10-08 00:00:00+05:30,51.0,51.0,46.5,49.25,60817
2018-10-09 00:00:00+05:30,50.0,51.7,48.5,51.55,118111
2018-10-10 00:00:00+05:30,51.95,54.1,51.75,54.1,87048
2018-10-11 00:00:00+05:30,56.8,56.8,55.0,56.8,173385
2018-10-12 00:00:00+05:30,57.35,59.6,57.35,59.6,86966
2018-10-15 00:00:00+05:30,62.55,62.55,62.55,62.55,50177
2018-10-16 00:00:00+05:30,65.65,65.65,60.0,64.35,164768
2018-10-17 00:00:00+05:30,62.15,65.0,61.15,61.15,58013
2018-10-19 00:00:00+05:30,59.8,61.9,58.1,60.75,58258
2018-10-22 00:00:00+05:30,61.0,61.85,57.75,57.75,26100
2018-10-23 00:00:00+05:30,55.1,57.45,54.9,55.75,40347
2018-10-24 00:00:00+05:30,57.0,58.45,53.0,54.65,33483
2018-10-25 00:00:00+05:30,55.3,57.35,52.6,57.05,48686
2018-10-26 00:00:00+05:30,58.8,59.9,56.15,59.4,61210
2018-10-29 00:00:00+05:30,56.6,59.4,56.45,57.7,95123
2018-10-30 00:00:00+05:30,58.25,58.9,54.85,54.85,80767
2018-10-31 00:00:00+05:30,54.0,54.85,52.15,53.05,39678
2018-11-01 00:00:00+05:30,51.2,55.25,50.4,51.45,43314
2018-11-02 00:00:00+05:30,51.7,53.8,51.2,51.85,35729
2018-11-05 00:00:00+05:30,53.0,53.0,50.15,51.6,23087
2018-11-06 00:00:00+05:30,51.0,53.0,50.0,52.0,33991
2018-11-07 00:00:00+05:30,52.0,54.0,52.0,52.55,16476
2018-11-09 00:00:00+05:30,53.7,55.0,52.5,53.15,19759
2018-11-12 00:00:00+05:30,53.2,55.8,53.2,55.8,90460
2018-11-13 00:00:00+05:30,56.0,56.9,53.1,54.4,32832
2018-11-14 00:00:00+05:30,53.5,55.95,52.5,52.95,35340
2018-11-15 00:00:00+05:30,53.0,53.0,50.35,51.05,40366
2018-11-16 00:00:00+05:30,51.0,51.7,49.25,49.55,33428
2018-11-19 00:00:00+05:30,49.55,49.55,47.8,48.95,25825
2018-11-20 00:00:00+05:30,48.5,50.3,47.6,48.1,24467
2018-11-21 00:00:00+05:30,48.0,49.9,45.9,48.3,5222
2018-11-22 00:00:00+05:30,49.4,49.5,47.0,47.35,28228
2018-11-26 00:00:00+05:30,46.05,48.0,45.0,45.0,27746
2018-11-27 00:00:00+05:30,43.25,46.5,43.05,45.65,23976
2018-11-28 00:00:00+05:30,43.4,46.95,43.4,43.5,17106
2018-11-29 00:00:00+05:30,45.5,45.65,44.0,45.35,36479
2018-11-30 00:00:00+05:30,45.7,47.0,45.2,46.1,34899
2018-12-03 00:00:00+05:30,47.0,47.9,45.7,46.7,16475
2018-12-04 00:00:00+05:30,46.15,49.0,46.15,49.0,28625
2018-12-05 00:00:00+05:30,50.0,50.0,46.6,47.95,11216
2018-12-06 00:00:00+05:30,46.5,49.9,45.9,46.25,26669
2018-12-07 00:00:00+05:30,45.6,46.05,44.0,45.0,21760
2018-12-10 00:00:00+05:30,43.0,45.4,43.0,45.15,8733
2018-12-11 00:00:00+05:30,45.6,47.4,44.0,46.0,16668
2018-12-12 00:00:00+05:30,46.0,48.3,46.0,48.3,30294
2018-12-13 00:00:00+05:30,48.3,50.5,48.3,48.9,43227
2018-12-14 00:00:00+05:30,51.0,51.0,48.5,49.15,16952
2018-12-17 00:00:00+05:30,49.0,51.2,49.0,49.5,23141
2018-12-18 00:00:00+05:30,48.1,49.95,48.1,48.95,6814
2018-12-19 00:00:00+05:30,48.55,51.35,48.2,49.15,35774
2018-12-20 00:00:00+05:30,50.65,50.65,48.25,48.95,12743
2018-12-21 00:00:00+05:30,48.05,49.5,47.5,48.2,6565
2018-12-24 00:00:00+05:30,48.5,49.3,47.2,48.65,7744
2018-12-26 00:00:00+05:30,48.9,49.05,46.5,46.55,14024
2018-12-27 00:00:00+05:30,48.35,48.35,45.2,45.85,9954
2018-12-28 00:00:00+05:30,45.8,47.95,44.5,45.0,21562
2018-12-31 00:00:00+05:30,44.9,46.5,44.5,45.65,10058
2019-01-01 00:00:00+05:30,45.2,47.0,44.55,45.05,11766
2019-01-02 00:00:00+05:30,44.55,45.9,44.55,45.25,5040
2019-01-03 00:00:00+05:30,43.0,47.5,43.0,47.25,55666
2019-01-04 00:00:00+05:30,47.0,48.75,46.55,47.2,53388
2019-01-07 00:00:00+05:30,47.0,47.8,45.6,47.35,17622
2019-01-08 00:00:00+05:30,46.05,48.6,46.05,47.55,89182
2019-01-09 00:00:00+05:30,47.8,48.3,45.8,46.25,63230
2019-01-10 00:00:00+05:30,45.95,46.55,45.15,45.5,41841
2019-01-11 00:00:00+05:30,45.15,47.3,44.45,46.6,74163
2019-01-14 00:00:00+05:30,46.05,46.55,44.6,45.05,17363
2019-01-15 00:00:00+05:30,45.65,47.3,44.3,47.3,45941
2019-01-16 00:00:00+05:30,48.35,49.2,46.25,47.3,71653
2019-01-17 00:00:00+05:30,47.2,48.0,46.4,47.15,9819
2019-01-18 00:00:00+05:30,47.95,47.95,46.05,46.2,12760
2019-01-21 00:00:00+05:30,44.95,47.1,44.95,45.85,32692
2019-01-22 00:00:00+05:30,45.9,46.9,44.6,44.75,12901
2019-01-23 00:00:00+05:30,44.75,45.9,43.8,44.25,15833
2019-01-24 00:00:00+05:30,44.05,45.6,43.15,43.45,21016
2019-01-25 00:00:00+05:30,44.9,44.9,42.55,42.75,10267
2019-01-28 00:00:00+05:30,41.5,42.4,40.65,40.65,30808
2019-01-29 00:00:00+05:30,40.0,40.95,38.7,39.5,74977
2019-01-30 00:00:00+05:30,38.65,41.3,38.65,41.1,22787
2019-01-31 00:00:00+05:30,41.3,41.65,40.55,40.9,18382
2019-02-01 00:00:00+05:30,42.35,42.35,40.5,40.85,44842
2019-02-04 00:00:00+05:30,40.6,40.75,39.0,39.4,23266
2019-02-05 00:00:00+05:30,40.5,41.35,40.0,41.2,49284
2019-02-06 00:00:00+05:30,42.9,42.9,41.5,41.75,46866
2019-02-07 00:00:00+05:30,41.55,43.5,38.05,43.0,42771
2019-02-08 00:00:00+05:30,43.0,43.8,39.3,40.2,50701
2019-02-11 00:00:00+05:30,39.7,40.5,38.0,38.3,29396
2019-02-12 00:00:00+05:30,39.05,40.8,38.9,39.8,40671
2019-02-13 00:00:00+05:30,40.6,42.55,40.3,41.0,41066
2019-02-14 00:00:00+05:30,41.2,41.7,38.3,40.75,57691
2019-02-15 00:00:00+05:30,41.0,42.1,39.1,40.45,56818
2019-02-18 00:00:00+05:30,39.15,41.5,39.15,39.55,78103
2019-02-19 00:00:00+05:30,39.85,42.5,39.3,41.55,90749
2019-02-20 00:00:00+05:30,41.8,42.45,40.3,40.5,73314
2019-02-21 00:00:00+05:30,40.5,40.9,39.05,39.95,47854
2019-02-22 00:00:00+05:30,40.45,42.0,40.3,41.25,64261
2019-02-25 00:00:00+05:30,40.95,45.35,40.75,45.25,510041
2019-02-26 00:00:00+05:30,44.5,45.35,40.75,42.9,295035
2019-02-27 00:00:00+05:30,42.9,45.9,40.8,41.65,248609
2019-02-28 00:00:00+05:30,42.05,44.4,42.0,43.0,213569
2019-03-01 00:00:00+05:30,44.8,45.65,44.15,44.85,323482
2019-03-05 00:00:00+05:30,44.85,47.3,44.55,46.25,173931
2019-03-06 00:00:00+05:30,46.75,50.85,46.4,49.95,446512
2019-03-07 00:00:00+05:30,51.75,52.6,48.45,49.15,301671
2019-03-08 00:00:00+05:30,49.15,50.75,48.0,48.65,91262
2019-03-11 00:00:00+05:30,47.8,48.35,46.0,47.0,124107
2019-03-12 00:00:00+05:30,47.1,48.5,47.1,47.7,65890
2019-03-13 00:00:00+05:30,47.8,47.8,46.35,46.65,55216
2019-03-14 00:00:00+05:30,47.15,49.0,46.0,47.7,135440
2019-03-15 00:00:00+05:30,47.8,48.5,46.5,46.85,76622
2019-03-18 00:00:00+05:30,47.25,48.3,46.6,47.0,96672
2019-03-19 00:00:00+05:30,46.55,47.9,45.8,45.95,64210
2019-03-20 00:00:00+05:30,46.0,46.8,44.75,45.05,61547
2019-03-22 00:00:00+05:30,45.35,46.0,43.9,44.25,109590
2019-03-25 00:00:00+05:30,44.35,44.8,42.5,43.3,57599
2019-03-26 00:00:00+05:30,43.4,44.05,42.0,43.2,97764
2019-03-27 00:00:00+05:30,43.0,44.3,42.6,43.95,168437
2019-03-28 00:00:00+05:30,44.2,46.3,44.2,44.45,110148
2019-03-29 00:00:00+05:30,44.1,45.65,44.1,44.95,74001
2019-04-01 00:00:00+05:30,44.75,46.6,43.7,45.45,82672
2019-04-02 00:00:00+05:30,45.15,46.05,43.5,44.25,80093
2019-04-03 00:00:00+05:30,44.85,44.95,43.25,43.55,30684
2019-04-04 00:00:00+05:30,43.75,43.75,42.05,42.3,56945
2019-04-05 00:00:00+05:30,45.5,49.85,44.6,48.35,929109
2019-04-08 00:00:00+05:30,48.35,48.8,45.2,46.05,218533
2019-04-09 00:00:00+05:30,46.6,47.8,45.8,47.0,121159
2019-04-10 00:00:00+05:30,46.8,49.2,46.7,46.85,124871
2019-04-11 00:00:00+05:30,46.75,47.2,46.3,46.65,63942
2019-04-12 00:00:00+05:30,46.65,46.9,45.45,45.8,47777
2019-04-15 00:00:00+05:30,45.55,46.65,45.25,45.6,58934
2019-04-16 00:00:00+05:30,45.8,46.45,44.8,45.5,85519
2019-04-18 00:00:00+05:30,45.35,46.3,44.35,45.3,79588
2019-04-22 00:00:00+05:30,44.25,46.0,44.25,45.15,38537
2019-04-23 00:00:00+05:30,44.25,45.55,44.0,44.25,33309
2019-04-24 00:00:00+05:30,44.45,44.9,43.25,43.65,84481
2019-04-25 00:00:00+05:30,43.65,46.95,43.55,45.9,336004
2019-04-26 00:00:00+05:30,46.25,47.4,45.8,47.0,129158
2019-04-30 00:00:00+05:30,47.25,48.0,45.5,45.8,62791
2019-05-02 00:00:00+05:30,45.8,47.6,45.7,46.95,90116
2019-05-03 00:00:00+05:30,46.55,47.6,46.45,46.65,102276
2019-05-06 00:00:00+05:30,46.8,47.65,46.3,46.4,56700
2019-05-07 00:00:00+05:30,46.15,46.7,44.15,44.9,69327
2019-05-08 00:00:00+05:30,44.9,45.0,43.3,43.65,107933
2019-05-09 00:00:00+05:30,43.85,47.5,43.7,46.45,192203
2019-05-10 00:00:00+05:30,47.0,47.35,45.05,45.55,67687
2019-05-13 00:00:00+05:30,45.55,46.35,43.65,44.1,40764
2019-05-14 00:00:00+05:30,45.35,45.7,43.5,45.0,41018
2019-05-15 00:00:00+05:30,46.4,46.8,44.1,44.45,98838
2019-05-16 00:00:00+05:30,45.1,45.2,44.05,44.3,22404
2019-05-17 00:00:00+05:30,45.15,45.4,44.55,44.95,65528
2019-05-20 00:00:00+05:30,45.95,47.25,45.3,46.3,52756
2019-05-21 00:00:00+05:30,47.4,47.85,46.45,46.95,103974
2019-05-22 00:00:00+05:30,46.7,47.5,46.25,46.8,29639
2019-05-23 00:00:00+05:30,48.0,48.9,46.8,48.3,77741
2019-05-24 00:00:00+05:30,48.4,57.95,48.4,57.95,1265017
2019-05-27 00:00:00+05:30,60.7,67.0,54.95,55.65,972629
2019-05-28 00:00:00+05:30,55.55,57.4,53.15,53.7,295984
2019-05-29 00:00:00+05:30,52.75,55.2,52.0,52.35,150939
2019-05-30 00:00:00+05:30,52.1,53.85,51.0,51.3,154206
2019-05-31 00:00:00+05:30,52.8,53.6,50.3,50.55,183354
2019-06-03 00:00:00+05:30,51.7,52.1,50.55,50.85,106951
2019-06-04 00:00:00+05:30,52.9,55.0,52.15,52.7,546450
2019-06-06 00:00:00+05:30,52.4,53.6,51.5,51.8,133732
2019-06-07 00:00:00+05:30,51.9,52.3,49.4,50.15,216271
2019-06-10 00:00:00+05:30,51.9,52.4,49.55,49.75,189478
2019-06-11 00:00:00+05:30,50.0,50.0,46.9,47.15,218265
2019-06-12 00:00:00+05:30,47.15,48.25,45.5,45.65,170920
2019-06-13 00:00:00+05:30,45.15,46.55,45.15,45.9,114288
2019-06-14 00:00:00+05:30,46.25,46.7,44.35,44.7,122843
2019-06-17 00:00:00+05:30,44.85,44.9,42.15,42.6,84136
2019-06-18 00:00:00+05:30,42.2,43.8,41.55,42.25,101285
2019-06-19 00:00:00+05:30,43.45,43.85,39.3,39.95,155674
2019-06-20 00:00:00+05:30,40.0,42.4,38.15,42.05,122304
2019-06-21 00:00:00+05:30,42.7,45.5,42.2,44.65,175204
2019-06-24 00:00:00+05:30,44.75,46.3,44.15,45.65,124546
2019-06-25 00:00:00+05:30,45.15,45.45,44.0,44.25,46828
2019-06-26 00:00:00+05:30,44.0,45.25,43.7,43.9,61791
2019-06-27 00:00:00+05:30,47.0,47.9,45.55,45.9,361558
2019-06-28 00:00:00+05:30,46.5,47.45,44.95,46.95,128506
2019-07-01 00:00:00+05:30,52.0,52.0,48.25,49.45,384921
2019-07-02 00:00:00+05:30,49.4,49.45,48.3,48.85,95018
2019-07-03 00:00:00+05:30,48.5,49.4,48.05,48.3,53282
2019-07-04 00:00:00+05:30,48.2,49.9,47.7,49.55,138617
2019-07-05 00:00:00+05:30,49.5,49.75,45.6,47.35,111231
2019-07-08 00:00:00+05:30,47.6,47.6,44.4,44.65,100302
2019-07-09 00:00:00+05:30,45.35,45.35,43.2,43.65,113546
2019-07-10 00:00:00+05:30,43.9,43.95,41.5,41.8,113520
2019-07-11 00:00:00+05:30,42.05,42.4,40.45,41.0,110240
2019-07-12 00:00:00+05:30,41.2,45.9,40.7,44.55,438601
2019-07-15 00:00:00+05:30,44.55,44.6,41.85,42.15,187402
2019-07-16 00:00:00+05:30,43.0,44.05,42.55,43.1,366038
2019-07-17 00:00:00+05:30,43.0,43.4,41.65,42.2,77809
2019-07-18 00:00:00+05:30,41.9,42.3,40.25,40.45,114814
2019-07-19 00:00:00+05:30,40.4,40.9,38.55,38.9,131430
2019-07-22 00:00:00+05:30,38.8,39.7,36.7,37.3,123787
2019-07-23 00:00:00+05:30,37.95,39.7,37.1,38.95,157615
2019-07-24 00:00:00+05:30,41.5,41.55,39.5,40.1,290701
2019-07-25 00:00:00+05:30,40.8,41.45,38.0,38.25,125559
2019-07-26 00:00:00+05:30,38.4,38.9,37.6,38.35,70264
2019-07-29 00:00:00+05:30,38.4,38.55,35.8,36.15,139487
2019-07-30 00:00:00+05:30,35.75,36.55,32.75,33.5,137752
2019-07-31 00:00:00+05:30,34.4,34.8,31.6,34.6,208707
2019-08-01 00:00:00+05:30,34.0,35.3,33.05,34.1,97043
2019-08-02 00:00:00+05:30,33.95,34.15,31.85,32.6,74972
2019-08-05 00:00:00+05:30,31.5,31.95,30.3,30.75,94780
2019-08-06 00:00:00+05:30,31.3,36.4,27.65,32.75,290459
2019-08-07 00:00:00+05:30,34.4,34.45,30.25,31.4,137305
2019-08-08 00:00:00+05:30,32.45,32.45,30.1,30.3,94297
2019-08-09 00:00:00+05:30,30.2,32.15,29.8,30.2,136376
2019-08-13 00:00:00+05:30,30.25,31.5,28.75,29.4,113329
2019-08-14 00:00:00+05:30,30.25,32.3,29.15,30.8,280552
2019-08-16 00:00:00+05:30,30.2,31.75,29.65,30.6,181522
2019-08-19 00:00:00+05:30,30.1,32.0,30.1,30.85,88672
2019-08-20 00:00:00+05:30,31.55,32.2,30.1,30.55,138447
2019-08-21 00:00:00+05:30,30.35,31.2,29.15,29.35,68661
2019-08-22 00:00:00+05:30,29.0,29.25,26.75,27.2,137624
2019-08-23 00:00:00+05:30,27.1,27.5,24.2,26.45,113668
2019-08-26 00:00:00+05:30,27.2,27.4,26.05,27.1,78850
2019-08-27 00:00:00+05:30,27.5,30.5,26.95,30.25,157440
2019-08-28 00:00:00+05:30,31.25,31.25,27.45,29.55,231461
2019-08-29 00:00:00+05:30,30.45,30.95,29.55,29.65,173646
2019-08-30 00:00:00+05:30,29.6,29.9,28.55,29.05,55508
2019-09-03 00:00:00+05:30,29.05,29.25,28.25,28.6,64039
2019-09-04 00:00:00+05:30,28.0,31.75,28.0,31.5,258076
2019-09-05 00:00:00+05:30,32.25,33.2,31.1,32.75,267408
2019-09-06 00:00:00+05:30,32.9,33.35,32.05,32.4,87506
2019-09-09 00:00:00+05:30,33.4,33.4,32.1,33.0,67622
2019-09-11 00:00:00+05:30,33.2,36.0,32.9,35.2,506774
2019-09-12 00:00:00+05:30,35.5,35.55,34.0,34.3,144112
2019-09-13 00:00:00+05:30,34.45,36.75,33.7,36.0,242105
2019-09-16 00:00:00+05:30,35.05,37.3,35.0,36.3,143820
2019-09-17 00:00:00+05:30,36.9,37.5,35.45,35.8,218850
2019-09-18 00:00:00+05:30,36.65,36.9,35.45,36.05,115177
2019-09-19 00:00:00+05:30,36.5,36.5,33.85,34.75,114296
2019-09-20 00:00:00+05:30,35.4,35.65,33.75,34.85,208939
2019-09-23 00:00:00+05:30,35.35,35.4,33.35,34.1,141002
2019-09-24 00:00:00+05:30,34.1,35.2,33.95,34.5,135358
2019-09-25 00:00:00+05:30,34.15,36.2,34.05,35.4,232349
2019-09-26 00:00:00+05:30,35.9,36.4,34.8,35.5,85775
2019-09-27 00:00:00+05:30,36.25,36.25,33.45,33.75,114123
2019-09-30 00:00:00+05:30,34.45,34.45,32.2,32.9,114555
2019-10-01 00:00:00+05:30,32.8,33.45,32.2,32.7,75815
2019-10-03 00:00:00+05:30,32.3,35.45,32.25,34.75,219568
2019-10-04 00:00:00+05:30,34.95,35.4,34.15,34.7,62679
2019-10-07 00:00:00+05:30,34.95,35.2,34.0,34.15,45101
2019-10-09 00:00:00+05:30,33.95,34.65,32.85,34.4,51361
2019-10-10 00:00:00+05:30,34.0,35.1,33.85,34.35,40927
2019-10-11 00:00:00+05:30,34.85,35.0,34.15,34.4,30100
2019-10-14 00:00:00+05:30,34.45,34.95,34.15,34.25,37718
2019-10-15 00:00:00+05:30,34.15,34.85,33.95,34.25,33186
2019-10-16 00:00:00+05:30,33.95,34.65,33.5,33.6,16849
2019-10-17 00:00:00+05:30,34.25,34.25,32.85,33.25,41688
2019-10-18 00:00:00+05:30,33.3,34.4,32.5,33.45,34309
2019-10-22 00:00:00+05:30,32.8,34.85,32.8,34.15,84936
2019-10-23 00:00:00+05:30,35.2,36.0,34.6,34.9,99266
2019-10-24 00:00:00+05:30,36.35,36.75,34.8,34.9,210287
2019-10-25 00:00:00+05:30,34.75,35.25,33.4,33.9,42421
2019-10-27 00:00:00+05:30,33.1,34.2,33.1,33.75,16475
2019-10-29 00:00:00+05:30,33.7,33.95,33.0,33.3,50936
2019-10-30 00:00:00+05:30,33.6,33.6,32.7,32.75,204775
2019-10-31 00:00:00+05:30,33.7,34.3,32.75,33.5,164041
2019-11-01 00:00:00+05:30,35.8,36.15,34.7,35.05,573910
2019-11-04 00:00:00+05:30,34.75,35.85,34.75,35.25,86685
2019-11-05 00:00:00+05:30,35.6,35.6,34.7,35.2,81367
2019-11-06 00:00:00+05:30,36.3,36.75,34.5,34.95,172436
2019-11-07 00:00:00+05:30,34.15,35.8,34.15,34.6,60804
2019-11-08 00:00:00+05:30,36.25,36.25,34.5,34.7,201878
2019-11-11 00:00:00+05:30,35.4,35.4,34.3,34.9,113235
2019-11-13 00:00:00+05:30,35.75,35.75,28.6,32.85,191946
2019-11-14 00:00:00+05:30,32.85,34.0,32.2,32.4,100876
2019-11-15 00:00:00+05:30,31.5,32.2,30.95,31.5,122552
2019-11-18 00:00:00+05:30,31.25,32.15,31.1,31.3,86603
2019-11-19 00:00:00+05:30,31.0,35.05,31.0,33.7,439717
2019-11-20 00:00:00+05:30,33.75,34.25,32.5,32.8,89401
2019-11-21 00:00:00+05:30,33.45,34.25,32.3,33.0,78231
2019-11-22 00:00:00+05:30,32.5,33.15,32.0,32.45,45483
2019-11-25 00:00:00+05:30,33.2,33.55,32.5,32.6,59216
2019-11-26 00:00:00+05:30,32.3,33.15,31.8,32.05,58759
2019-11-27 00:00:00+05:30,31.75,32.4,31.6,31.75,25180
2019-11-28 00:00:00+05:30,31.6,32.6,31.6,32.45,41372
2019-11-29 00:00:00+05:30,32.4,33.1,32.0,32.5,50608
2019-12-02 00:00:00+05:30,32.15,32.8,31.85,32.1,38338
2019-12-03 00:00:00+05:30,32.45,32.45,30.7,30.95,72613
2019-12-04 00:00:00+05:30,31.0,33.1,30.75,32.6,72060
2019-12-05 00:00:00+05:30,32.6,33.9,32.3,33.4,210223
2019-12-06 00:00:00+05:30,33.25,33.4,31.85,32.4,51582
2019-12-09 00:00:00+05:30,32.05,33.4,31.5,32.5,93880
2019-12-10 00:00:00+05:30,32.15,32.85,31.05,31.65,60692
2019-12-11 00:00:00+05:30,31.25,31.75,31.0,31.25,40377
2019-12-12 00:00:00+05:30,31.2,31.5,30.1,31.0,39585
2019-12-13 00:00:00+05:30,31.1,32.3,31.05,32.05,94431
2019-12-16 00:00:00+05:30,32.3,32.9,31.55,32.1,89230
2019-12-17 00:00:00+05:30,32.1,32.35,31.3,31.85,60646
2019-12-18 00:00:00+05:30,33.65,33.7,32.65,32.85,201665
2019-12-19 00:00:00+05:30,33.0,34.2,32.5,33.4,176867
2019-12-20 00:00:00+05:30,33.75,33.8,32.25,32.5,44032
2019-12-23 00:00:00+05:30,32.25,32.85,31.75,32.2,41917
2019-12-24 00:00:00+05:30,32.25,32.5,31.5,31.8,19119
2019-12-26 00:00:00+05:30,31.25,33.7,31.25,33.5,168679
2019-12-27 00:00:00+05:30,33.6,34.9,33.0,34.2,309145
2019-12-30 00:00:00+05:30,34.1,34.8,33.6,34.0,122979
2019-12-31 00:00:00+05:30,33.35,35.8,33.35,35.1,469854
2020-01-01 00:00:00+05:30,35.1,39.5,35.1,37.85,2006287
2020-01-02 00:00:00+05:30,38.2,40.0,37.0,37.45,912965
2020-01-03 00:00:00+05:30,37.5,38.05,36.0,36.55,407936
2020-01-06 00:00:00+05:30,36.0,37.7,35.55,36.45,421952
2020-01-07 00:00:00+05:30,38.05,40.7,38.05,40.05,1173250
2020-01-08 00:00:00+05:30,39.6,40.8,38.7,40.05,706615
2020-01-09 00:00:00+05:30,41.8,41.9,40.55,41.2,420950
2020-01-10 00:00:00+05:30,41.55,42.05,40.1,40.4,325154
2020-01-13 00:00:00+05:30,40.9,42.35,40.65,42.05,443647
2020-01-14 00:00:00+05:30,42.8,43.6,42.05,42.7,336372
2020-01-15 00:00:00+05:30,42.1,42.9,41.15,41.95,237566
2020-01-16 00:00:00+05:30,42.3,48.8,42.15,47.1,1343752
2020-01-17 00:00:00+05:30,47.0,48.4,45.65,46.3,527999
2020-01-20 00:00:00+05:30,46.45,46.45,43.8,45.0,256871
2020-01-21 00:00:00+05:30,44.0,45.55,42.55,42.9,240876
2020-01-22 00:00:00+05:30,43.4,44.9,42.55,44.05,299816
2020-01-23 00:00:00+05:30,44.0,44.8,43.25,43.75,160779
2020-01-24 00:00:00+05:30,43.5,44.1,40.7,41.85,231790
2020-01-27 00:00:00+05:30,42.0,42.6,40.5,40.65,177243
2020-01-28 00:00:00+05:30,41.0,41.7,38.8,39.1,149405
2020-01-29 00:00:00+05:30,39.9,42.5,39.9,41.55,234231
2020-01-30 00:00:00+05:30,41.5,41.5,39.6,40.4,136782
2020-01-31 00:00:00+05:30,40.6,40.75,39.3,39.75,128921
2020-02-01 00:00:00+05:30,40.7,41.0,36.2,37.6,284941
2020-02-03 00:00:00+05:30,37.45,38.1,34.2,36.85,371634
2020-02-04 00:00:00+05:30,37.9,41.15,37.2,39.05,321473
2020-02-05 00:00:00+05:30,39.1,39.7,37.5,38.15,93558
2020-02-06 00:00:00+05:30,39.0,42.0,38.8,41.55,428089
2020-02-07 00:00:00+05:30,41.35,44.0,41.1,41.55,616772
2020-02-10 00:00:00+05:30,41.7,41.7,40.05,40.85,71933
2020-02-11 00:00:00+05:30,40.8,41.1,39.3,39.65,119001
2020-02-12 00:00:00+05:30,39.95,41.5,38.5,40.9,335067
2020-02-13 00:00:00+05:30,40.85,42.25,38.55,38.95,714821
2020-02-14 00:00:00+05:30,38.7,39.75,38.35,38.7,120334
2020-02-17 00:00:00+05:30,41.15,44.0,40.2,40.75,898891
2020-02-18 00:00:00+05:30,40.5,40.5,38.2,38.75,191209
2020-02-19 00:00:00+05:30,41.0,41.3,39.1,39.7,236730
2020-02-20 00:00:00+05:30,39.6,40.7,39.5,39.7,128844
2020-02-24 00:00:00+05:30,38.6,40.25,38.6,39.55,85905
2020-02-25 00:00:00+05:30,39.55,40.15,38.85,39.9,130402
2020-02-26 00:00:00+05:30,39.1,39.9,38.55,38.7,100711
2020-02-27 00:00:00+05:30,38.7,38.7,37.1,37.3,73988
2020-02-28 00:00:00+05:30,36.0,37.5,33.45,34.6,288427
2020-03-02 00:00:00+05:30,35.6,37.9,32.7,33.3,96830
2020-03-03 00:00:00+05:30,33.7,35.75,33.1,34.7,138985
2020-03-04 00:00:00+05:30,34.9,35.2,32.6,33.9,81723
2020-03-05 00:00:00+05:30,34.1,35.8,33.7,35.2,121652
2020-03-06 00:00:00+05:30,33.6,34.6,31.85,34.0,84854
2020-03-09 00:00:00+05:30,33.7,33.7,28.6,29.0,245111
2020-03-11 00:00:00+05:30,30.15,31.2,28.55,29.65,190134
2020-03-12 00:00:00+05:30,28.1,28.1,24.75,25.0,213438
2020-03-13 00:00:00+05:30,24.4,29.05,21.45,27.25,222876
2020-03-16 00:00:00+05:30,25.65,26.5,24.5,25.0,67571
2020-03-17 00:00:00+05:30,24.25,26.55,24.25,25.2,77605
2020-03-18 00:00:00+05:30,25.3,26.0,22.55,23.3,80648
2020-03-19 00:00:00+05:30,22.6,22.6,21.0,21.5,126024
2020-03-20 00:00:00+05:30,21.5,25.0,21.5,23.0,60176
2020-03-23 00:00:00+05:30,22.0,23.0,18.5,18.85,132972
2020-03-24 00:00:00+05:30,20.85,20.85,15.1,16.15,325125
2020-03-25 00:00:00+05:30,16.0,16.45,15.05,16.35,166678
2020-03-26 00:00:00+05:30,17.05,17.95,17.0,17.95,52891
2020-03-27 00:00:00+05:30,19.7,19.7,19.05,19.7,44955
2020-03-30 00:00:00+05:30,21.1,21.65,20.2,21.65,68503
2020-03-31 00:00:00+05:30,22.7,22.7,22.5,22.7,15625
2020-04-01 00:00:00+05:30,23.8,23.8,23.75,23.8,26698
2020-04-03 00:00:00+05:30,24.95,24.95,23.05,24.95,128923
2020-04-07 00:00:00+05:30,26.15,26.15,26.0,26.15,23875
2020-04-08 00:00:00+05:30,27.45,27.45,27.45,27.45,24839
2020-04-09 00:00:00+05:30,28.8,28.8,28.8,28.8,19532
2020-04-13 00:00:00+05:30,30.2,30.2,27.4,27.4,94792
2020-04-15 00:00:00+05:30,26.1,26.9,26.05,26.05,203234
2020-04-16 00:00:00+05:30,25.0,25.5,24.75,25.15,170774
2020-04-17 00:00:00+05:30,25.9,25.9,24.2,24.95,99970
2020-04-20 00:00:00+05:30,25.15,26.15,24.4,24.95,68947
2020-04-21 00:00:00+05:30,26.0,26.0,24.25,24.45,155455
2020-04-22 00:00:00+05:30,24.25,25.0,23.35,23.7,82603
2020-04-23 00:00:00+05:30,23.7,24.4,23.7,24.0,30567
2020-04-24 00:00:00+05:30,24.9,24.9,23.2,23.45,70944
2020-04-27 00:00:00+05:30,23.5,24.0,22.3,22.7,134388
2020-04-28 00:00:00+05:30,22.35,23.65,22.35,22.7,41080
2020-04-29 00:00:00+05:30,22.45,23.6,22.15,23.2,80192
2020-04-30 00:00:00+05:30,23.25,23.65,22.7,23.05,71323
2020-05-04 00:00:00+05:30,22.1,23.25,22.1,22.8,42317
2020-05-05 00:00:00+05:30,22.4,23.35,22.35,22.6,29539
2020-05-06 00:00:00+05:30,23.15,23.7,22.0,23.7,65038
2020-05-07 00:00:00+05:30,24.5,24.7,23.0,23.25,30960
2020-05-08 00:00:00+05:30,22.8,24.2,22.1,22.1,74330
2020-05-11 00:00:00+05:30,22.25,23.2,22.0,22.7,45202
2020-05-12 00:00:00+05:30,22.9,22.9,22.0,22.35,13310
2020-05-13 00:00:00+05:30,23.0,23.45,21.3,23.15,47166
2020-05-14 00:00:00+05:30,23.0,23.5,22.6,22.85,43977
2020-05-15 00:00:00+05:30,23.25,23.5,22.4,22.65,27100
2020-05-18 00:00:00+05:30,22.35,22.75,21.55,21.55,59634
2020-05-19 00:00:00+05:30,21.75,22.1,20.75,21.1,61910
2020-05-20 00:00:00+05:30,21.45,21.65,21.0,21.2,24028
2020-05-21 00:00:00+05:30,21.2,22.25,21.2,22.25,82497
2020-05-22 00:00:00+05:30,22.25,23.0,21.3,22.3,133789
2020-05-26 00:00:00+05:30,22.5,22.75,21.5,21.9,48603
2020-05-27 00:00:00+05:30,22.1,22.95,21.9,22.9,112826
2020-05-28 00:00:00+05:30,22.55,23.25,22.3,22.4,50799
2020-05-29 00:00:00+05:30,23.0,23.0,22.0,22.3,38361
2020-06-01 00:00:00+05:30,22.85,23.4,22.4,23.05,146461
2020-06-02 00:00:00+05:30,23.5,23.5,22.55,23.35,38274
2020-06-03 00:00:00+05:30,24.0,24.5,23.2,24.25,141050
2020-06-04 00:00:00+05:30,24.75,25.45,24.75,25.45,90637
2020-06-05 00:00:00+05:30,26.45,26.7,25.6,26.7,42025
2020-06-08 00:00:00+05:30,28.0,28.0,27.85,28.0,75997
2020-06-09 00:00:00+05:30,29.0,29.4,26.6,29.0,323522
2020-06-10 00:00:00+05:30,29.0,30.45,27.8,30.45,307730
2020-06-11 00:00:00+05:30,31.95,31.95,30.65,31.6,189194
2020-06-12 00:00:00+05:30,30.05,33.15,30.05,33.1,205280
2020-06-15 00:00:00+05:30,33.9,33.9,32.1,32.95,98241
2020-06-16 00:00:00+05:30,33.55,33.95,31.35,31.4,86709
2020-06-17 00:00:00+05:30,31.4,31.5,30.15,30.55,42205
2020-06-18 00:00:00+05:30,31.0,31.75,29.25,30.3,55558
2020-06-19 00:00:00+05:30,30.6,31.8,30.6,31.75,64163
2020-06-22 00:00:00+05:30,30.25,33.0,30.25,32.25,73388
2020-06-23 00:00:00+05:30,33.5,33.5,32.4,32.7,57317
2020-06-24 00:00:00+05:30,32.7,33.6,31.2,31.6,35971
2020-06-25 00:00:00+05:30,30.55,33.15,30.15,33.15,96003
2020-06-26 00:00:00+05:30,33.15,33.5,31.5,32.75,69314
2020-06-29 00:00:00+05:30,31.15,32.9,31.15,31.15,70160
2020-06-30 00:00:00+05:30,31.15,31.15,29.6,29.6,33882
2020-07-01 00:00:00+05:30,30.25,30.25,28.2,29.4,49665
2020-07-02 00:00:00+05:30,29.5,30.0,28.35,29.65,23177
2020-07-03 00:00:00+05:30,28.65,30.75,28.65,29.75,24836
2020-07-06 00:00:00+05:30,28.5,31.2,28.5,30.9,120161
2020-07-07 00:00:00+05:30,30.9,30.9,29.8,30.15,19302
2020-07-08 00:00:00+05:30,30.0,30.95,29.25,29.5,29325
2020-07-09 00:00:00+05:30,29.15,29.5,29.0,29.25,30629
2020-07-10 00:00:00+05:30,30.2,30.2,27.8,28.35,36345
2020-07-13 00:00:00+05:30,29.5,29.5,27.0,28.2,19104
2020-07-14 00:00:00+05:30,28.1,29.6,26.8,29.35,43201
2020-07-15 00:00:00+05:30,29.35,29.6,28.0,28.1,34571
2020-07-16 00:00:00+05:30,29.45,29.45,28.25,28.7,17623
2020-07-17 00:00:00+05:30,27.5,29.4,27.5,28.25,22710
2020-07-20 00:00:00+05:30,28.3,28.8,28.0,28.05,18834
2020-07-21 00:00:00+05:30,28.1,28.7,27.25,28.0,18722
2020-07-22 00:00:00+05:30,28.5,29.3,27.6,28.4,48021
2020-07-23 00:00:00+05:30,28.95,29.3,28.15,28.4,15033
2020-07-24 00:00:00+05:30,28.4,28.5,27.4,27.9,36291
2020-07-27 00:00:00+05:30,27.45,27.45,27.05,27.25,11092
2020-07-28 00:00:00+05:30,26.8,27.45,26.8,27.0,14643
2020-07-29 00:00:00+05:30,27.5,27.95,25.65,26.85,14059
2020-07-30 00:00:00+05:30,26.55,27.0,26.05,26.6,13984
2020-07-31 00:00:00+05:30,27.45,27.45,25.35,26.1,26310
2020-08-03 00:00:00+05:30,27.2,27.2,25.35,26.35,11244
2020-08-04 00:00:00+05:30,25.35,27.0,25.35,26.0,18910
2020-08-05 00:00:00+05:30,26.05,26.85,25.7,25.9,14040
2020-08-06 00:00:00+05:30,26.75,26.75,25.8,26.4,18338
2020-08-07 00:00:00+05:30,25.8,27.35,25.2,26.6,35547
2020-08-10 00:00:00+05:30,27.0,27.9,26.8,27.9,88481
2020-08-11 00:00:00+05:30,29.25,29.25,28.75,29.25,77679
2020-08-12 00:00:00+05:30,29.3,29.4,28.0,28.95,59355
2020-08-13 00:00:00+05:30,28.0,29.95,28.0,28.6,25881
2020-08-14 00:00:00+05:30,30.0,30.0,29.0,29.95,160737
2020-08-17 00:00:00+05:30,30.7,31.4,30.2,31.25,79191
2020-08-18 00:00:00+05:30,31.45,31.45,29.8,30.1,235020
2020-08-19 00:00:00+05:30,30.45,30.95,29.55,30.65,240149
2020-08-20 00:00:00+05:30,30.65,31.5,29.7,30.15,111781
2020-08-21 00:00:00+05:30,31.0,31.6,30.15,30.7,229788
2020-08-24 00:00:00+05:30,31.4,31.4,30.0,30.4,129798
2020-08-25 00:00:00+05:30,30.4,31.1,30.3,30.4,77507
2020-08-26 00:00:00+05:30,30.5,30.7,29.95,30.05,34748
2020-08-27 00:00:00+05:30,30.1,31.55,29.85,31.35,202348
2020-08-28 00:00:00+05:30,31.55,31.9,30.5,31.45,117622
2020-08-31 00:00:00+05:30,31.5,31.55,29.9,29.9,108516
2020-09-01 00:00:00+05:30,30.0,30.8,28.45,30.2,263836
2020-09-02 00:00:00+05:30,30.2,30.85,29.2,29.75,64270
2020-09-03 00:00:00+05:30,30.45,30.8,29.55,29.75,45401
2020-09-04 00:00:00+05:30,31.0,31.0,28.65,28.75,45515
2020-09-07 00:00:00+05:30,29.05,29.05,27.9,28.1,30740
2020-09-08 00:00:00+05:30,28.0,29.0,27.0,27.15,27188
2020-09-09 00:00:00+05:30,27.25,27.25,26.3,26.65,157095
2020-09-10 00:00:00+05:30,26.5,27.05,26.3,26.5,54160
2020-09-11 00:00:00+05:30,27.65,27.65,25.8,25.95,104204
2020-09-14 00:00:00+05:30,26.95,27.0,25.7,25.85,67562
2020-09-15 00:00:00+05:30,26.95,27.1,26.5,27.1,142182
2020-09-16 00:00:00+05:30,27.55,27.85,27.1,27.3,65034
2020-09-17 00:00:00+05:30,27.3,28.1,26.35,27.0,48178
2020-09-18 00:00:00+05:30,27.55,27.55,26.25,26.4,60023
2020-09-21 00:00:00+05:30,27.05,27.05,25.1,25.1,69820
2020-09-22 00:00:00+05:30,25.1,25.1,23.85,24.05,148359
2020-09-23 00:00:00+05:30,24.5,24.65,23.6,24.45,63979
2020-09-24 00:00:00+05:30,24.25,24.25,23.6,23.95,24519
2020-09-25 00:00:00+05:30,24.6,25.05,23.0,23.5,80683
2020-09-28 00:00:00+05:30,24.6,24.65,23.9,24.2,78580
2020-09-29 00:00:00+05:30,24.8,25.0,23.65,23.8,33141
2020-09-30 00:00:00+05:30,24.0,24.45,23.15,23.7,79064
2020-10-01 00:00:00+05:30,23.15,24.2,23.15,24.0,38274
2020-10-05 00:00:00+05:30,24.5,24.5,23.6,24.0,50788
2020-10-06 00:00:00+05:30,24.75,24.8,23.95,24.15,117970
2020-10-07 00:00:00+05:30,24.55,24.55,23.3,23.4,60311
2020-10-08 00:00:00+05:30,23.95,24.35,23.0,23.8,60352
2020-10-09 00:00:00+05:30,23.85,24.15,23.5,24.0,78098
2020-10-12 00:00:00+05:30,24.95,24.95,23.55,23.65,35382
2020-10-13 00:00:00+05:30,23.7,23.95,23.1,23.4,24063
2020-10-14 00:00:00+05:30,24.85,24.85,22.9,23.75,35957
2020-10-15 00:00:00+05:30,23.55,23.95,22.8,23.05,21341
2020-10-16 00:00:00+05:30,23.6,23.9,22.8,23.25,32568
2020-10-19 00:00:00+05:30,23.3,23.75,23.0,23.15,19373
2020-10-20 00:00:00+05:30,23.15,24.3,22.9,23.65,73874
2020-10-21 00:00:00+05:30,23.65,23.95,23.1,23.3,20272
2020-10-22 00:00:00+05:30,23.35,23.8,23.35,23.55,22508
2020-10-23 00:00:00+05:30,23.55,24.3,23.0,23.4,80258
2020-10-26 00:00:00+05:30,23.5,24.0,23.15,23.35,30098
2020-10-27 00:00:00+05:30,23.35,23.8,23.2,23.3,18792
2020-10-28 00:00:00+05:30,23.35,23.9,23.2,23.3,31295
2020-10-29 00:00:00+05:30,23.0,25.6,22.65,23.7,48569
2020-10-30 00:00:00+05:30,23.5,25.0,23.3,23.4,31712
2020-11-02 00:00:00+05:30,23.25,23.6,22.8,23.05,22549
2020-11-03 00:00:00+05:30,23.05,23.45,22.85,23.05,13164
2020-11-04 00:00:00+05:30,23.0,23.4,22.3,22.55,27718
2020-11-05 00:00:00+05:30,22.7,22.75,22.35,22.6,16148
2020-11-06 00:00:00+05:30,23.05,23.6,22.6,22.85,30762
2020-11-09 00:00:00+05:30,24.0,24.95,23.6,24.55,173070
2020-11-10 00:00:00+05:30,24.55,24.85,22.65,23.85,76238
2020-11-11 00:00:00+05:30,23.8,23.95,22.65,23.2,48433
2020-11-12 00:00:00+05:30,23.0,23.75,23.0,23.2,50157
2020-11-13 00:00:00+05:30,23.25,23.25,22.6,23.05,32192
2020-11-17 00:00:00+05:30,23.1,23.45,23.0,23.25,44240
2020-11-18 00:00:00+05:30,23.25,23.6,23.0,23.1,66788
2020-11-19 00:00:00+05:30,23.15,23.45,23.0,23.1,36925
2020-11-20 00:00:00+05:30,23.1,23.9,23.1,23.55,136940
2020-11-23 00:00:00+05:30,23.7,24.4,23.25,23.95,121198
2020-11-24 00:00:00+05:30,23.9,23.95,23.35,23.6,49856
2020-11-25 00:00:00+05:30,23.75,24.8,23.25,23.7,70898
2020-11-26 00:00:00+05:30,24.7,26.05,24.3,26.05,356979
2020-11-27 00:00:00+05:30,26.3,28.55,26.0,27.9,405863
2020-12-01 00:00:00+05:30,28.5,28.5,27.2,27.95,122125
2020-12-02 00:00:00+05:30,28.25,28.25,27.15,27.2,44528
2020-12-03 00:00:00+05:30,27.2,29.9,27.1,29.9,415517
2020-12-04 00:00:00+05:30,29.3,31.3,29.0,30.05,277334
2020-12-07 00:00:00+05:30,30.5,36.05,30.5,36.05,831711
2020-12-08 00:00:00+05:30,38.0,38.0,33.5,36.1,473393
2020-12-09 00:00:00+05:30,36.9,43.3,36.0,41.05,2009200
2020-12-10 00:00:00+05:30,39.4,42.4,38.4,41.15,536231
2020-12-11 00:00:00+05:30,41.0,41.9,39.95,40.6,302643
2020-12-14 00:00:00+05:30,43.9,44.0,41.4,41.7,356778
2020-12-15 00:00:00+05:30,41.7,42.4,40.05,42.0,218936
2020-12-16 00:00:00+05:30,42.7,43.1,41.1,41.4,467316
2020-12-17 00:00:00+05:30,42.1,42.1,39.35,39.35,113083
2020-12-18 00:00:00+05:30,39.0,39.65,37.4,37.4,43094
2020-12-21 00:00:00+05:30,37.4,37.85,35.55,35.55,98043
2020-12-22 00:00:00+05:30,33.8,34.55,33.8,34.1,82116
2020-12-23 00:00:00+05:30,33.95,35.65,33.05,34.85,53567
2020-12-24 00:00:00+05:30,34.9,35.8,34.5,34.95,44477
2020-12-28 00:00:00+05:30,35.0,35.5,33.3,33.65,63524
2020-12-29 00:00:00+05:30,33.9,34.5,33.5,33.95,34064
2020-12-30 00:00:00+05:30,34.25,34.3,33.5,33.7,36309
2020-12-31 00:00:00+05:30,34.65,34.65,32.55,34.05,32193
2021-01-01 00:00:00+05:30,34.6,35.6,33.1,34.4,35893
2021-01-04 00:00:00+05:30,34.5,36.0,34.05,35.8,104873
2021-01-05 00:00:00+05:30,35.1,36.2,35.1,35.75,39336
2021-01-06 00:00:00+05:30,35.75,36.4,33.9,35.85,67393
2021-01-07 00:00:00+05:30,36.0,36.1,34.4,35.9,81352
2021-01-08 00:00:00+05:30,36.5,36.5,35.25,35.35,46583
2021-01-11 00:00:00+05:30,34.2,36.35,33.6,34.6,27109
2021-01-12 00:00:00+05:30,33.9,36.3,33.9,35.7,62651
2021-01-13 00:00:00+05:30,35.9,35.9,34.1,35.0,59515
2021-01-14 00:00:00+05:30,35.0,35.4,34.1,34.25,19658
2021-01-15 00:00:00+05:30,34.7,34.9,33.5,33.9,59132
2021-01-18 00:00:00+05:30,33.55,33.9,32.25,32.9,64644
2021-01-19 00:00:00+05:30,33.0,33.75,32.15,32.8,31401
2021-01-20 00:00:00+05:30,32.1,33.75,32.05,32.5,20878
2021-01-21 00:00:00+05:30,32.6,33.2,32.15,32.3,14459
2021-01-22 00:00:00+05:30,32.0,32.3,31.15,31.65,21914
2021-01-25 00:00:00+05:30,32.25,32.25,30.55,31.1,24279
2021-01-27 00:00:00+05:30,30.05,31.4,30.05,30.9,13532
2021-01-28 00:00:00+05:30,30.9,31.9,30.0,30.65,9814
2021-01-29 00:00:00+05:30,30.95,32.0,30.1,30.4,10094
2021-02-01 00:00:00+05:30,30.25,30.95,29.6,30.5,25373
2021-02-02 00:00:00+05:30,32.0,32.0,30.3,31.2,29898
2021-02-03 00:00:00+05:30,31.7,31.9,30.85,31.0,22295
2021-02-04 00:00:00+05:30,31.0,31.5,30.8,31.45,22029
2021-02-05 00:00:00+05:30,31.6,32.1,31.0,31.05,36874
2021-02-08 00:00:00+05:30,31.3,34.25,31.1,34.25,246715
2021-02-09 00:00:00+05:30,35.0,36.25,32.1,32.75,193586
2021-02-10 00:00:00+05:30,32.5,33.75,29.5,29.8,507538
2021-02-11 00:00:00+05:30,30.5,32.75,30.25,32.75,140018
2021-02-12 00:00:00+05:30,33.3,36.0,33.05,34.3,300678
2021-02-15 00:00:00+05:30,34.25,34.65,32.55,33.7,96091
2021-02-16 00:00:00+05:30,33.9,34.9,33.0,34.0,63775
2021-02-17 00:00:00+05:30,33.7,34.6,33.2,33.75,90977
2021-02-18 00:00:00+05:30,34.45,36.1,33.6,34.5,293304
2021-02-19 00:00:00+05:30,35.4,36.05,34.0,34.8,158174
2021-02-22 00:00:00+05:30,34.8,35.55,34.1,34.6,74348
2021-02-23 00:00:00+05:30,35.35,37.9,35.05,37.05,293050
2021-02-24 00:00:00+05:30,37.6,40.7,33.35,39.3,451566
2021-02-25 00:00:00+05:30,39.4,40.1,38.0,39.0,219545
2021-02-26 00:00:00+05:30,39.4,42.45,37.85,40.55,286048
2021-03-01 00:00:00+05:30,41.1,41.4,38.55,39.5,267658
2021-03-02 00:00:00+05:30,39.8,42.05,39.55,40.9,213663
2021-03-03 00:00:00+05:30,42.0,42.9,39.75,42.15,383797
2021-03-04 00:00:00+05:30,41.95,43.2,40.9,42.4,291097
2021-03-05 00:00:00+05:30,43.0,44.25,41.55,41.85,281340
2021-03-08 00:00:00+05:30,43.0,43.0,41.25,41.7,142315
2021-03-09 00:00:00+05:30,42.15,42.15,40.25,40.4,79326
2021-03-10 00:00:00+05:30,40.45,40.8,38.6,38.85,81230
2021-03-12 00:00:00+05:30,39.45,39.5,37.45,38.5,58069
2021-03-15 00:00:00+05:30,39.4,39.4,37.55,38.05,28107
2021-03-16 00:00:00+05:30,38.0,38.65,37.5,37.6,38530
2021-03-17 00:00:00+05:30,37.75,38.05,36.1,36.4,39938
2021-03-18 00:00:00+05:30,36.65,37.25,35.2,35.7,44700
2021-03-19 00:00:00+05:30,36.0,37.45,34.0,37.45,67985
2021-03-22 00:00:00+05:30,39.15,39.3,37.5,39.2,54462
2021-03-23 00:00:00+05:30,40.0,40.1,38.5,38.7,52961
2021-03-24 00:00:00+05:30,38.6,39.0,37.05,37.2,82077
2021-03-25 00:00:00+05:30,37.4,38.9,35.75,36.1,132933
2021-03-26 00:00:00+05:30,36.75,36.8,34.55,35.65,54657
2021-03-30 00:00:00+05:30,35.6,36.8,35.05,35.5,20870
2021-03-31 00:00:00+05:30,35.5,36.4,35.35,35.65,17588
2021-04-01 00:00:00+05:30,36.5,37.2,35.95,37.1,38631
2021-04-05 00:00:00+05:30,37.65,37.65,35.25,36.0,19606
2021-04-06 00:00:00+05:30,35.15,36.55,35.15,35.85,12429
2021-04-07 00:00:00+05:30,35.95,36.35,35.55,35.7,38394
2021-04-08 00:00:00+05:30,36.9,37.45,35.75,37.4,63898
2021-04-09 00:00:00+05:30,37.75,39.25,37.7,39.25,83401
2021-04-12 00:00:00+05:30,39.0,39.0,37.3,37.3,45665
2021-04-13 00:00:00+05:30,36.8,38.75,36.0,38.45,69411
2021-04-15 00:00:00+05:30,38.4,40.3,37.3,38.6,186031
2021-04-16 00:00:00+05:30,39.4,40.5,38.3,39.5,155507
2021-04-19 00:00:00+05:30,38.15,39.6,37.6,37.8,165644
2021-04-20 00:00:00+05:30,38.15,39.55,37.95,38.15,90956
2021-04-22 00:00:00+05:30,38.45,40.05,37.35,39.15,141980
2021-04-23 00:00:00+05:30,39.15,40.8,38.8,39.0,120137
2021-04-26 00:00:00+05:30,39.2,40.75,39.2,39.6,59465
2021-04-27 00:00:00+05:30,39.95,40.7,39.35,39.65,37759
2021-04-28 00:00:00+05:30,40.4,41.05,39.4,40.05,169071
2021-04-29 00:00:00+05:30,40.15,42.05,39.55,41.75,268927
2021-04-30 00:00:00+05:30,41.25,43.8,40.95,43.8,347201
2021-05-03 00:00:00+05:30,44.4,45.95,44.4,45.95,145117
2021-05-04 00:00:00+05:30,48.2,48.2,45.0,47.4,962587
2021-05-05 00:00:00+05:30,47.0,49.75,46.2,49.75,410277
2021-05-06 00:00:00+05:30,50.7,50.7,47.3,48.25,252012
2021-05-07 00:00:00+05:30,49.95,50.65,48.7,49.55,413441
2021-05-10 00:00:00+05:30,49.75,52.0,49.75,52.0,186721
2021-05-11 00:00:00+05:30,54.6,54.6,53.85,54.6,237047
2021-05-12 00:00:00+05:30,55.6,57.3,51.95,54.15,431618
2021-05-14 00:00:00+05:30,54.4,55.75,51.45,51.45,135462
2021-05-17 00:00:00+05:30,51.45,54.0,49.0,53.15,624001
2021-05-18 00:00:00+05:30,53.2,53.25,50.5,50.75,327117
2021-05-19 00:00:00+05:30,50.75,53.1,50.1,50.85,177010
2021-05-20 00:00:00+05:30,50.0,51.8,48.6,49.15,158746
2021-05-21 00:00:00+05:30,49.5,49.75,47.3,48.45,148994
2021-05-24 00:00:00+05:30,48.45,50.85,47.05,50.6,217445
2021-05-25 00:00:00+05:30,49.25,52.9,49.25,51.05,137067
2021-05-26 00:00:00+05:30,51.75,53.45,50.85,51.6,97393
2021-05-27 00:00:00+05:30,52.45,52.45,50.5,51.25,76278
2021-05-28 00:00:00+05:30,50.8,51.8,49.6,50.55,51823
2021-05-31 00:00:00+05:30,50.6,51.3,49.65,50.0,88805
2021-06-01 00:00:00+05:30,50.8,51.8,48.3,51.05,117825
2021-06-02 00:00:00+05:30,51.5,52.5,50.5,51.05,92720
2021-06-03 00:00:00+05:30,51.7,53.6,51.7,52.7,247792
2021-06-04 00:00:00+05:30,53.35,53.9,51.75,52.35,119331
2021-06-07 00:00:00+05:30,54.0,54.95,53.75,54.95,147343
2021-06-08 00:00:00+05:30,57.65,57.65,57.65,57.65,106405
2021-06-09 00:00:00+05:30,60.5,60.5,57.55,60.25,490393
2021-06-10 00:00:00+05:30,62.5,63.25,62.0,63.25,197495
2021-06-11 00:00:00+05:30,65.85,66.4,62.3,66.2,509935
2021-06-14 00:00:00+05:30,69.0,69.0,63.0,67.45,340275
2021-06-15 00:00:00+05:30,68.55,68.8,64.1,64.2,300576
2021-06-17 00:00:00+05:30,58.05,62.0,58.05,60.2,55075
2021-06-18 00:00:00+05:30,59.5,61.3,57.2,57.95,64935
2021-06-21 00:00:00+05:30,57.0,60.8,57.0,60.8,82083
2021-06-22 00:00:00+05:30,62.0,63.8,60.1,60.45,78660
2021-06-23 00:00:00+05:30,62.9,62.9,59.55,59.95,37911
2021-06-24 00:00:00+05:30,61.85,62.9,60.0,62.55,108891
2021-06-25 00:00:00+05:30,64.85,65.65,62.5,65.65,194256
2021-06-28 00:00:00+05:30,68.9,68.9,68.9,68.9,63379
2021-06-29 00:00:00+05:30,72.3,72.3,72.3,72.3,21529
2021-06-30 00:00:00+05:30,75.9,75.9,75.9,75.9,33080
2021-07-01 00:00:00+05:30,79.65,79.65,79.65,79.65,42890
2021-07-02 00:00:00+05:30,83.6,83.6,83.6,83.6,17397
2021-07-05 00:00:00+05:30,87.75,87.75,87.75,87.75,14783
2021-07-06 00:00:00+05:30,92.1,92.1,92.1,92.1,107967
2021-07-07 00:00:00+05:30,96.7,96.7,87.5,96.7,501700
2021-07-08 00:00:00+05:30,101.5,101.5,101.5,101.5,65149
2021-07-09 00:00:00+05:30,106.55,106.55,106.55,106.55,33632
2021-07-12 00:00:00+05:30,111.85,111.85,111.85,111.85,12818
2021-07-13 00:00:00+05:30,117.4,117.4,117.4,117.4,25039
2021-07-14 00:00:00+05:30,120.0,120.0,111.55,111.55,460033
2021-07-15 00:00:00+05:30,107.0,112.0,106.0,106.0,313330
2021-07-16 00:00:00+05:30,106.0,108.0,100.7,100.7,226977
2021-07-19 00:00:00+05:30,95.7,105.7,95.7,105.7,304418
2021-07-20 00:00:00+05:30,107.8,107.8,100.5,102.05,105610
2021-07-22 00:00:00+05:30,105.0,105.0,100.5,102.35,83358
2021-07-23 00:00:00+05:30,105.9,106.0,99.0,100.4,114330
2021-07-26 00:00:00+05:30,102.8,102.95,96.35,99.8,57160
2021-07-27 00:00:00+05:30,100.0,104.75,99.0,102.5,148368
2021-07-28 00:00:00+05:30,103.0,103.0,97.4,97.4,92923
2021-07-29 00:00:00+05:30,92.55,102.25,92.55,101.45,220273
2021-07-30 00:00:00+05:30,101.0,103.0,99.0,100.35,42080
2021-08-02 00:00:00+05:30,102.4,102.4,97.7,97.95,46194
2021-08-03 00:00:00+05:30,97.95,100.0,95.35,96.25,50070
2021-08-04 00:00:00+05:30,96.1,97.0,91.45,91.85,85612
2021-08-05 00:00:00+05:30,91.1,91.1,87.3,87.6,69255
2021-08-06 00:00:00+05:30,89.0,91.95,83.25,91.7,67231
2021-08-09 00:00:00+05:30,91.7,95.3,87.15,87.15,40336
2021-08-10 00:00:00+05:30,83.5,88.8,82.8,82.8,82025
2021-08-11 00:00:00+05:30,80.0,85.85,78.7,85.3,114818
2021-08-12 00:00:00+05:30,87.0,89.4,82.2,88.0,42631
2021-08-13 00:00:00+05:30,90.0,90.0,83.6,83.8,77310
2021-08-16 00:00:00+05:30,79.65,85.85,79.65,79.65,64165
2021-08-17 00:00:00+05:30,80.55,83.6,80.55,83.55,72742
2021-08-18 00:00:00+05:30,83.05,87.6,79.45,80.5,45382
2021-08-20 00:00:00+05:30,81.0,81.0,77.15,79.1,35473
2021-08-23 00:00:00+05:30,78.6,80.95,75.15,75.2,32050
2021-08-24 00:00:00+05:30,75.2,78.0,71.45,77.45,169193
2021-08-25 00:00:00+05:30,78.0,81.3,75.6,80.4,85897
2021-08-26 00:00:00+05:30,80.0,83.4,79.0,81.95,34255
2021-08-27 00:00:00+05:30,82.4,83.75,79.05,81.45,34779
2021-08-30 00:00:00+05:30,82.6,82.6,78.3,81.25,26641
2021-08-31 00:00:00+05:30,83.25,85.3,81.0,84.35,68731
2021-09-01 00:00:00+05:30,84.35,84.5,81.35,82.5,33325
2021-09-02 00:00:00+05:30,82.6,84.5,82.0,82.7,27535
2021-09-03 00:00:00+05:30,83.0,84.5,81.0,82.05,41983
2021-09-06 00:00:00+05:30,83.5,86.0,79.2,83.0,63067
2021-09-07 00:00:00+05:30,83.1,84.0,81.5,81.9,18476
2021-09-08 00:00:00+05:30,80.55,84.0,80.55,82.05,23853
2021-09-09 00:00:00+05:30,83.7,83.7,80.5,81.0,17727
2021-09-13 00:00:00+05:30,83.5,83.5,79.0,81.3,26402
2021-09-14 00:00:00+05:30,83.5,85.35,81.4,84.6,77253
2021-09-15 00:00:00+05:30,86.0,88.8,84.8,88.75,113424
2021-09-16 00:00:00+05:30,89.4,90.0,86.5,88.75,71560
2021-09-17 00:00:00+05:30,89.5,89.9,84.6,86.05,36866
2021-09-20 00:00:00+05:30,86.0,86.0,81.75,82.15,48842
2021-09-21 00:00:00+05:30,80.15,82.0,80.1,81.85,38250
2021-09-22 00:00:00+05:30,83.65,83.65,81.0,81.9,15441
2021-09-23 00:00:00+05:30,83.5,83.75,81.9,82.05,16926
2021-09-24 00:00:00+05:30,84.75,84.75,82.0,82.25,22443
2021-09-27 00:00:00+05:30,82.9,84.95,78.3,80.55,25148
2021-09-28 00:00:00+05:30,80.6,82.75,76.55,79.05,28641
2021-09-29 00:00:00+05:30,79.2,82.6,79.05,81.5,42688
2021-09-30 00:00:00+05:30,81.45,81.45,79.3,80.0,40791
2021-10-01 00:00:00+05:30,80.0,82.8,78.2,80.8,62379
2021-10-04 00:00:00+05:30,83.3,84.8,81.6,84.8,42691
2021-10-05 00:00:00+05:30,88.0,89.0,86.0,89.0,115207
2021-10-06 00:00:00+05:30,89.0,90.9,87.05,87.9,55163
2021-10-07 00:00:00+05:30,89.7,89.7,83.6,86.45,58699
2021-10-08 00:00:00+05:30,84.65,90.75,84.65,90.75,96067
2021-10-11 00:00:00+05:30,93.9,93.9,87.3,89.5,48610
2021-10-12 00:00:00+05:30,93.0,93.5,89.9,91.65,103812
2021-10-13 00:00:00+05:30,93.45,93.45,90.0,91.8,74758
2021-10-14 00:00:00+05:30,90.65,92.9,89.0,89.2,38800
2021-10-18 00:00:00+05:30,89.2,93.65,86.8,90.95,143664
2021-10-19 00:00:00+05:30,90.95,91.95,86.75,87.95,104603
2021-10-20 00:00:00+05:30,87.5,89.5,86.5,89.0,75746
2021-10-21 00:00:00+05:30,89.5,90.55,87.05,88.45,80698
2021-10-22 00:00:00+05:30,89.9,89.9,87.45,87.55,59470
2021-10-25 00:00:00+05:30,88.0,88.9,83.4,85.8,81634
2021-10-26 00:00:00+05:30,85.15,90.05,85.0,87.2,285711
2021-10-27 00:00:00+05:30,90.9,91.0,83.5,84.0,366802
2021-10-28 00:00:00+05:30,85.7,85.7,82.5,83.55,41632
2021-10-29 00:00:00+05:30,83.35,86.0,81.85,82.55,41863
2021-11-01 00:00:00+05:30,85.5,85.5,82.05,84.0,21441
2021-11-02 00:00:00+05:30,84.4,86.5,84.1,85.4,42224
2021-11-03 00:00:00+05:30,86.5,86.5,83.2,84.1,18595
2021-11-04 00:00:00+05:30,84.1,86.85,81.2,83.05,34771
2021-11-08 00:00:00+05:30,83.2,84.15,81.3,81.95,80177
2021-11-09 00:00:00+05:30,82.6,86.0,80.6,85.6,254709
2021-11-10 00:00:00+05:30,86.95,88.9,84.25,87.5,118885
2021-11-11 00:00:00+05:30,87.6,88.7,84.35,85.5,80047
2021-11-12 00:00:00+05:30,84.15,86.45,82.1,83.75,99238
2021-11-15 00:00:00+05:30,81.5,83.5,80.05,82.65,88737
2021-11-16 00:00:00+05:30,82.9,83.4,81.3,82.0,55289
2021-11-17 00:00:00+05:30,80.5,83.5,80.5,82.5,65311
2021-11-18 00:00:00+05:30,82.6,82.75,80.45,81.9,67007
2021-11-22 00:00:00+05:30,81.9,82.55,77.85,78.6,116361
2021-11-23 00:00:00+05:30,75.2,81.4,75.2,79.65,58280
2021-11-24 00:00:00+05:30,81.75,83.6,79.7,81.85,73651
2021-11-25 00:00:00+05:30,82.8,82.95,79.85,80.8,35943
2021-11-26 00:00:00+05:30,81.3,81.65,78.3,79.2,24232
2021-11-29 00:00:00+05:30,79.2,79.7,77.05,78.0,51377
2021-11-30 00:00:00+05:30,79.9,80.8,77.45,78.6,19706
2021-12-01 00:00:00+05:30,79.9,80.35,77.65,78.55,23942
2021-12-02 00:00:00+05:30,79.75,79.9,77.8,79.05,73666
2021-12-03 00:00:00+05:30,79.9,80.9,78.5,78.65,21295
2021-12-06 00:00:00+05:30,78.65,79.85,74.75,75.2,40725
2021-12-07 00:00:00+05:30,76.5,79.7,74.1,78.45,49117
2021-12-08 00:00:00+05:30,79.8,79.8,76.5,77.75,52779
2021-12-09 00:00:00+05:30,79.0,85.5,77.95,83.0,113090
2021-12-10 00:00:00+05:30,83.55,83.95,80.5,81.1,53654
2021-12-13 00:00:00+05:30,80.0,82.8,79.25,79.75,89569
2021-12-14 00:00:00+05:30,79.75,81.5,78.95,79.55,35304
2021-12-15 00:00:00+05:30,78.05,81.95,78.05,78.9,98105
2021-12-16 00:00:00+05:30,80.9,80.9,77.55,77.85,55868
2021-12-17 00:00:00+05:30,79.5,79.9,75.65,76.25,48322
2021-12-20 00:00:00+05:30,77.8,77.8,69.3,71.15,102199
2021-12-21 00:00:00+05:30,72.5,73.85,72.05,73.05,16911
2021-12-22 00:00:00+05:30,73.6,74.5,72.5,72.85,40482
2021-12-23 00:00:00+05:30,73.3,74.6,71.25,72.75,53987
2021-12-24 00:00:00+05:30,73.0,73.9,72.0,72.95,24736
2021-12-27 00:00:00+05:30,73.35,73.9,71.5,73.05,21500
2021-12-28 00:00:00+05:30,74.0,77.5,70.65,76.95,83465
2021-12-29 00:00:00+05:30,77.4,81.9,77.1,81.1,123403
2021-12-30 00:00:00+05:30,82.2,82.3,78.5,79.25,36098
2021-12-31 00:00:00+05:30,78.6,79.9,78.2,78.95,27225
2022-01-03 00:00:00+05:30,78.6,80.5,78.5,80.05,27328
2022-01-04 00:00:00+05:30,80.15,88.05,79.4,88.05,398912
2022-01-05 00:00:00+05:30,88.0,90.55,85.1,85.8,251564
2022-01-06 00:00:00+05:30,85.0,92.25,83.6,87.2,454268
2022-01-07 00:00:00+05:30,87.2,88.5,85.0,85.3,114826
2022-01-10 00:00:00+05:30,89.5,89.55,85.65,86.15,93207
2022-01-11 00:00:00+05:30,87.35,87.35,82.0,82.75,129710
2022-01-12 00:00:00+05:30,83.15,84.4,80.0,81.65,161837
2022-01-13 00:00:00+05:30,80.25,87.05,80.25,85.95,324245
2022-01-14 00:00:00+05:30,85.9,88.95,85.0,85.85,217192
2022-01-17 00:00:00+05:30,87.0,89.2,84.5,85.6,275966
2022-01-18 00:00:00+05:30,86.5,88.65,84.55,85.0,159028
2022-01-19 00:00:00+05:30,86.0,86.0,82.55,84.4,103370
2022-01-20 00:00:00+05:30,85.9,88.0,84.65,86.9,160447
2022-01-21 00:00:00+05:30,87.0,89.0,83.05,84.1,122812
2022-01-24 00:00:00+05:30,85.0,85.7,77.55,79.25,85041
2022-01-25 00:00:00+05:30,80.0,81.3,76.2,79.3,87703
2022-01-27 00:00:00+05:30,78.0,84.8,78.0,83.5,169907
2022-01-28 00:00:00+05:30,85.95,86.65,82.05,82.85,97857
2022-01-31 00:00:00+05:30,83.5,84.75,81.2,83.8,34154
2022-02-01 00:00:00+05:30,84.8,85.7,82.3,83.55,87931
2022-02-02 00:00:00+05:30,84.3,85.15,82.7,83.15,51454
2022-02-03 00:00:00+05:30,82.2,89.5,82.2,86.25,197456
2022-02-04 00:00:00+05:30,85.5,88.6,85.5,85.9,133762
2022-02-07 00:00:00+05:30,88.05,99.95,87.65,97.1,1327467
2022-02-08 00:00:00+05:30,97.85,99.2,88.7,93.2,536179
2022-02-09 00:00:00+05:30,93.9,99.75,92.8,97.8,443680
2022-02-10 00:00:00+05:30,97.6,99.7,95.05,96.75,252856
2022-02-11 00:00:00+05:30,95.9,102.4,93.8,97.55,741053
2022-02-14 00:00:00+05:30,94.0,101.0,87.3,89.15,885370
2022-02-15 00:00:00+05:30,90.5,93.0,87.45,91.25,361499
2022-02-16 00:00:00+05:30,90.5,109.5,90.5,109.25,1461204
2022-02-17 00:00:00+05:30,114.0,128.8,114.0,123.05,4756922
2022-02-18 00:00:00+05:30,120.9,127.7,115.25,117.9,1638599
2022-02-21 00:00:00+05:30,119.2,121.9,103.0,104.35,1031302
2022-02-22 00:00:00+05:30,100.0,110.8,96.95,103.35,1397069
2022-02-23 00:00:00+05:30,105.0,114.0,105.0,111.5,1201282
2022-02-24 00:00:00+05:30,105.0,109.75,94.4,96.45,1150931
2022-02-25 00:00:00+05:30,104.45,108.9,103.15,105.8,595653
2022-02-28 00:00:00+05:30,105.0,108.75,102.6,105.9,490280
2022-03-02 00:00:00+05:30,104.0,112.0,104.0,108.3,712422
2022-03-03 00:00:00+05:30,109.85,124.2,109.85,117.9,1991280
2022-03-04 00:00:00+05:30,117.85,122.9,115.0,116.25,1027667
2022-03-07 00:00:00+05:30,115.0,121.0,114.15,119.4,716224
2022-03-08 00:00:00+05:30,120.8,143.25,120.8,143.25,4297678
2022-03-09 00:00:00+05:30,148.9,153.75,139.9,141.6,4114991
2022-03-10 00:00:00+05:30,144.2,149.9,138.0,139.8,1409513
2022-03-11 00:00:00+05:30,139.8,153.75,138.0,153.75,2078098
2022-03-14 00:00:00+05:30,153.5,169.1,148.5,164.05,4656838
2022-03-15 00:00:00+05:30,167.45,168.1,149.05,156.0,1768278
2022-03-16 00:00:00+05:30,159.0,161.2,151.8,152.8,855761
2022-03-17 00:00:00+05:30,155.0,155.8,146.05,147.3,696825
2022-03-21 00:00:00+05:30,148.65,157.3,147.7,153.5,1074509
2022-03-22 00:00:00+05:30,154.0,162.4,149.75,158.85,1140822
2022-03-23 00:00:00+05:30,159.5,163.35,154.1,155.95,553231
2022-03-24 00:00:00+05:30,158.0,159.55,149.7,150.4,560733
2022-03-25 00:00:00+05:30,150.8,151.7,138.0,142.45,670326
2022-03-28 00:00:00+05:30,142.3,144.8,135.0,139.1,621207
2022-03-29 00:00:00+05:30,137.85,140.8,128.7,131.6,552786
2022-03-30 00:00:00+05:30,132.3,138.8,131.8,135.0,377801
2022-03-31 00:00:00+05:30,135.5,136.0,130.05,132.7,291711
2022-04-01 00:00:00+05:30,132.05,140.15,132.05,137.65,307556
2022-04-04 00:00:00+05:30,138.55,151.4,138.3,142.3,467848
2022-04-05 00:00:00+05:30,143.35,144.2,139.0,140.5,353340
2022-04-06 00:00:00+05:30,140.0,154.55,139.1,154.15,1466478
2022-04-07 00:00:00+05:30,155.8,158.65,145.95,150.95,1046604
2022-04-08 00:00:00+05:30,153.7,156.4,148.6,150.8,319986
2022-04-11 00:00:00+05:30,151.3,154.15,149.55,150.05,218395
2022-04-12 00:00:00+05:30,149.9,150.9,142.2,145.35,284207
2022-04-13 00:00:00+05:30,146.4,154.4,145.25,150.1,457018
2022-04-18 00:00:00+05:30,150.1,165.1,146.7,164.8,2073401
2022-04-19 00:00:00+05:30,169.0,179.7,155.4,162.5,1696679
2022-04-20 00:00:00+05:30,164.4,172.4,162.0,166.15,588461
2022-04-21 00:00:00+05:30,168.0,174.35,167.35,169.75,583621
2022-04-22 00:00:00+05:30,169.0,177.4,168.95,173.0,848349
2022-04-25 00:00:00+05:30,171.35,175.65,160.2,161.75,659589
2022-04-26 00:00:00+05:30,164.1,169.6,161.25,163.2,336147
2022-04-27 00:00:00+05:30,163.2,164.9,151.5,154.15,327143
2022-04-28 00:00:00+05:30,155.9,160.8,154.0,154.9,262630
2022-04-29 00:00:00+05:30,155.95,157.9,151.5,152.3,223186
2022-05-02 00:00:00+05:30,146.3,152.5,145.05,148.45,201685
2022-05-04 00:00:00+05:30,146.8,157.15,139.05,142.65,327702
2022-05-05 00:00:00+05:30,146.0,149.5,143.05,145.2,209972
2022-05-06 00:00:00+05:30,141.0,142.9,136.15,140.0,230763
2022-05-09 00:00:00+05:30,136.15,139.1,129.1,130.8,296682
2022-05-10 00:00:00+05:30,128.2,134.9,117.75,119.1,377096
2022-05-11 00:00:00+05:30,118.05,123.6,107.2,109.9,652143
2022-05-12 00:00:00+05:30,109.0,113.95,106.45,109.65,294669
2022-05-13 00:00:00+05:30,112.0,115.1,112.0,114.5,208595
2022-05-16 00:00:00+05:30,114.7,120.2,114.7,120.2,169974
2022-05-17 00:00:00+05:30,125.0,126.2,122.85,126.2,123924
2022-05-18 00:00:00+05:30,131.9,132.5,130.65,132.5,41017
2022-05-19 00:00:00+05:30,131.05,139.1,128.0,138.3,681657
2022-05-20 00:00:00+05:30,144.6,145.0,135.1,136.9,322107
2022-05-23 00:00:00+05:30,136.6,139.8,130.1,130.1,231284
2022-05-24 00:00:00+05:30,128.1,129.75,123.6,123.6,112884
2022-05-25 00:00:00+05:30,117.55,121.0,117.45,117.45,136756
2022-05-26 00:00:00+05:30,111.6,119.95,111.6,117.4,510060
2022-05-27 00:00:00+05:30,121.4,122.3,116.25,118.75,221013
2022-05-30 00:00:00+05:30,122.0,122.2,114.3,116.1,332373
2022-05-31 00:00:00+05:30,115.0,121.9,113.15,121.85,276258
2022-06-01 00:00:00+05:30,124.8,126.8,118.35,121.6,265208
2022-06-02 00:00:00+05:30,123.0,124.3,120.0,121.1,154059
2022-06-03 00:00:00+05:30,123.35,123.35,116.45,117.85,105801
2022-06-06 00:00:00+05:30,119.0,120.1,113.25,118.2,143932
2022-06-07 00:00:00+05:30,117.9,118.9,112.3,113.35,138909
2022-06-08 00:00:00+05:30,114.4,114.4,107.7,109.15,158318
2022-06-09 00:00:00+05:30,108.25,112.5,106.4,111.8,152147
2022-06-10 00:00:00+05:30,110.8,113.45,108.8,109.45,135918
2022-06-13 00:00:00+05:30,108.0,108.0,104.0,104.0,102645
2022-06-14 00:00:00+05:30,102.0,105.9,100.5,102.35,161290
2022-06-15 00:00:00+05:30,104.1,104.85,102.85,103.8,65825
2022-06-16 00:00:00+05:30,107.6,107.9,98.65,98.65,84698
2022-06-17 00:00:00+05:30,95.6,100.8,94.0,96.9,161332
2022-06-20 00:00:00+05:30,96.5,99.4,92.1,92.1,101729
2022-06-21 00:00:00+05:30,92.3,96.7,92.3,96.7,85892
2022-06-22 00:00:00+05:30,97.2,98.65,95.0,96.25,99401
2022-06-23 00:00:00+05:30,97.0,99.0,94.0,95.2,82592
2022-06-24 00:00:00+05:30,98.8,99.95,96.45,99.95,82575
2022-06-27 00:00:00+05:30,103.95,104.9,102.65,103.4,86915
2022-06-28 00:00:00+05:30,103.0,104.0,101.35,103.1,43965
2022-06-29 00:00:00+05:30,100.85,104.45,100.85,103.4,57933
2022-06-30 00:00:00+05:30,104.0,104.2,99.55,100.55,30101
2022-07-01 00:00:00+05:30,101.65,101.65,95.55,98.0,82830
2022-07-04 00:00:00+05:30,97.05,101.9,96.85,100.05,41357
2022-07-05 00:00:00+05:30,102.9,105.0,100.15,101.15,83036
2022-07-06 00:00:00+05:30,101.15,102.45,98.1,99.3,45400
2022-07-07 00:00:00+05:30,101.0,102.0,98.95,100.2,70296
2022-07-08 00:00:00+05:30,100.8,104.75,100.45,102.45,128543
2022-07-11 00:00:00+05:30,102.45,106.5,101.85,104.4,95855
2022-07-12 00:00:00+05:30,104.8,107.45,102.3,103.7,150348
2022-07-13 00:00:00+05:30,106.0,108.0,101.0,101.4,96075
2022-07-14 00:00:00+05:30,102.6,103.55,99.15,100.95,32484
2022-07-15 00:00:00+05:30,101.05,104.4,101.0,103.95,88463
2022-07-18 00:00:00+05:30,105.9,105.9,102.55,103.3,63530
2022-07-19 00:00:00+05:30,102.3,103.85,100.75,101.55,107753
2022-07-20 00:00:00+05:30,102.15,103.3,100.25,101.25,222549
2022-07-21 00:00:00+05:30,102.45,105.85,102.0,102.9,263206
2022-07-22 00:00:00+05:30,103.85,103.85,100.4,101.1,133741
2022-07-25 00:00:00+05:30,102.65,102.65,96.05,96.1,331132
2022-07-26 00:00:00+05:30,96.5,97.05,93.15,94.25,107275
2022-07-27 00:00:00+05:30,95.45,95.5,90.95,94.05,62510
2022-07-28 00:00:00+05:30,94.05,97.5,93.4,95.7,100052
2022-07-29 00:00:00+05:30,97.7,97.7,94.2,96.5,141743
2022-08-01 00:00:00+05:30,96.8,99.0,94.7,95.05,261545
2022-08-02 00:00:00+05:30,93.05,96.45,92.0,93.0,284850
2022-08-03 00:00:00+05:30,93.75,94.45,93.0,93.25,100481
2022-08-04 00:00:00+05:30,93.95,94.8,89.55,90.4,203568
2022-08-05 00:00:00+05:30,90.65,92.7,89.5,90.05,148647
2022-08-08 00:00:00+05:30,91.95,93.3,91.0,91.45,83566
2022-08-10 00:00:00+05:30,92.25,92.8,87.6,88.05,229078
2022-08-11 00:00:00+05:30,88.1,89.9,86.05,86.45,142339
2022-08-12 00:00:00+05:30,86.5,88.6,85.55,85.85,113144
2022-08-16 00:00:00+05:30,86.9,86.9,82.7,84.1,325306
2022-08-17 00:00:00+05:30,83.1,88.9,82.7,88.25,218923
2022-08-18 00:00:00+05:30,89.9,89.9,84.6,85.6,234701
2022-08-19 00:00:00+05:30,86.0,86.45,84.05,84.95,158054
2022-08-22 00:00:00+05:30,85.3,85.3,83.0,83.35,82390
2022-08-23 00:00:00+05:30,82.5,86.05,81.55,85.1,159639
2022-08-24 00:00:00+05:30,85.0,86.3,84.3,84.85,66658
2022-08-25 00:00:00+05:30,85.65,86.95,83.95,84.95,154576
2022-08-26 00:00:00+05:30,85.1,86.2,85.05,85.9,64512
2022-08-29 00:00:00+05:30,82.75,85.55,82.75,84.95,81248
2022-08-30 00:00:00+05:30,85.1,88.0,85.0,86.45,187576
2022-09-01 00:00:00+05:30,85.95,87.95,85.65,86.65,128764
2022-09-02 00:00:00+05:30,87.45,88.1,86.45,87.75,140238
2022-09-05 00:00:00+05:30,88.45,89.0,87.05,88.0,110477
2022-09-06 00:00:00+05:30,89.4,94.65,87.6,93.3,680417
2022-09-07 00:00:00+05:30,92.9,94.45,92.0,92.85,234657
2022-09-08 00:00:00+05:30,93.15,94.55,90.9,91.8,211081
2022-09-09 00:00:00+05:30,92.5,92.6,89.2,90.15,139796
2022-09-12 00:00:00+05:30,90.7,92.0,90.4,91.7,79438
2022-09-13 00:00:00+05:30,91.7,92.9,91.7,92.25,67716
2022-09-14 00:00:00+05:30,91.85,93.9,90.6,93.2,158961
2022-09-15 00:00:00+05:30,93.9,96.45,93.65,94.0,199121
2022-09-16 00:00:00+05:30,94.75,94.85,90.4,91.7,165474
2022-09-19 00:00:00+05:30,91.5,93.6,90.7,91.1,159899
2022-09-20 00:00:00+05:30,91.9,94.95,91.2,94.15,342758
2022-09-21 00:00:00+05:30,92.5,94.9,90.15,90.65,311671
2022-09-22 00:00:00+05:30,89.3,91.0,87.6,88.25,207250
2022-09-23 00:00:00+05:30,88.15,88.9,86.5,86.75,58264
2022-09-26 00:00:00+05:30,82.75,84.85,78.1,78.45,430246
2022-09-27 00:00:00+05:30,80.05,81.9,77.0,78.65,119597
2022-09-28 00:00:00+05:30,77.5,79.3,77.05,77.4,90965
2022-09-29 00:00:00+05:30,80.7,80.7,77.05,77.5,64228
2022-09-30 00:00:00+05:30,77.55,79.1,76.1,78.75,129515
2022-10-03 00:00:00+05:30,79.3,79.5,75.9,76.05,79974
2022-10-04 00:00:00+05:30,77.9,77.9,76.0,76.8,113280
2022-10-06 00:00:00+05:30,77.7,82.5,77.55,81.2,210547
2022-10-07 00:00:00+05:30,81.9,84.1,80.85,83.7,209576
2022-10-10 00:00:00+05:30,82.85,84.5,82.25,82.6,166668
2022-10-11 00:00:00+05:30,83.15,92.85,82.75,86.9,813907
2022-10-12 00:00:00+05:30,87.5,89.9,84.25,86.5,276715
2022-10-13 00:00:00+05:30,86.5,88.45,85.65,87.05,149189
2022-10-14 00:00:00+05:30,88.2,88.45,84.1,84.55,107201
2022-10-17 00:00:00+05:30,85.4,85.55,80.5,82.15,126116
2022-10-18 00:00:00+05:30,82.15,83.65,81.5,82.6,137853
2022-10-19 00:00:00+05:30,82.9,82.9,80.85,81.35,91391
2022-10-20 00:00:00+05:30,81.25,81.6,80.3,81.3,54156
2022-10-21 00:00:00+05:30,81.8,83.7,81.6,83.05,150938
2022-10-24 00:00:00+05:30,84.3,84.3,82.95,83.85,24673
2022-10-25 00:00:00+05:30,83.85,84.1,82.05,82.85,52615
2022-10-27 00:00:00+05:30,82.85,83.4,81.0,81.25,74122
2022-10-28 00:00:00+05:30,81.35,81.8,78.2,78.9,97658
2022-10-31 00:00:00+05:30,78.9,80.7,77.6,79.4,102025
2022-11-01 00:00:00+05:30,79.95,84.1,79.1,83.25,251392
2022-11-02 00:00:00+05:30,84.0,84.45,82.0,82.9,111965
2022-11-03 00:00:00+05:30,82.2,83.2,81.05,81.35,61251
2022-11-04 00:00:00+05:30,81.9,82.35,80.6,81.05,57269
2022-11-07 00:00:00+05:30,81.3,84.0,81.3,82.5,155790
2022-11-09 00:00:00+05:30,83.8,83.8,80.55,81.4,108305
2022-11-10 00:00:00+05:30,80.15,81.3,78.15,78.55,137312
2022-11-11 00:00:00+05:30,80.0,80.0,78.8,78.95,64532
2022-11-14 00:00:00+05:30,79.35,80.95,78.1,78.85,198953
2022-11-15 00:00:00+05:30,79.15,80.35,73.85,78.1,249024
2022-11-16 00:00:00+05:30,77.95,84.8,77.95,83.75,535766
2022-11-17 00:00:00+05:30,83.75,88.95,83.7,86.25,535297
2022-11-18 00:00:00+05:30,86.65,86.8,83.0,84.0,163871
2022-11-21 00:00:00+05:30,84.0,84.25,81.15,82.7,81324
2022-11-22 00:00:00+05:30,82.9,83.0,80.15,80.85,111531
2022-11-23 00:00:00+05:30,80.3,82.15,80.3,81.15,45467
2022-11-24 00:00:00+05:30,82.15,84.4,82.15,82.65,137360
2022-11-25 00:00:00+05:30,82.9,84.25,81.5,83.7,133889
2022-11-28 00:00:00+05:30,83.55,87.75,83.0,85.3,245461
2022-11-29 00:00:00+05:30,85.3,86.75,84.7,86.0,163917
2022-11-30 00:00:00+05:30,86.9,87.15,84.8,85.85,95735
2022-12-01 00:00:00+05:30,86.3,87.7,85.05,85.85,83112
2022-12-02 00:00:00+05:30,86.3,89.9,84.95,88.25,469837
2022-12-05 00:00:00+05:30,89.7,91.0,88.6,89.6,236865
2022-12-06 00:00:00+05:30,89.0,92.4,89.0,90.15,313693
2022-12-07 00:00:00+05:30,90.95,91.1,88.5,89.05,122803
2022-12-08 00:00:00+05:30,89.55,89.95,87.0,87.45,53615
2022-12-09 00:00:00+05:30,87.85,88.3,85.45,86.35,80840
2022-12-12 00:00:00+05:30,87.25,87.25,83.5,84.65,93717
2022-12-13 00:00:00+05:30,83.8,85.4,83.8,84.25,62301
2022-12-14 00:00:00+05:30,85.0,87.35,84.05,86.2,113200
2022-12-15 00:00:00+05:30,86.45,88.0,85.0,85.8,80316
2022-12-16 00:00:00+05:30,85.0,101.8,85.0,99.3,2787737
2022-12-19 00:00:00+05:30,101.7,114.25,101.7,103.65,3274061
2022-12-20 00:00:00+05:30,104.0,105.8,100.1,100.9,928437
2022-12-21 00:00:00+05:30,102.45,105.4,91.85,94.55,791792
2022-12-22 00:00:00+05:30,96.45,96.9,88.75,91.65,735371
2022-12-23 00:00:00+05:30,89.0,92.7,84.7,85.3,552844
2022-12-26 00:00:00+05:30,84.0,90.75,84.0,88.75,383011
2022-12-27 00:00:00+05:30,92.25,100.4,91.5,98.8,1299559
2022-12-28 00:00:00+05:30,99.0,99.55,95.5,96.8,561224
2022-12-29 00:00:00+05:30,96.35,102.95,95.15,99.35,1209319
2022-12-30 00:00:00+05:30,100.25,103.9,98.1,99.45,620003
2023-01-02 00:00:00+05:30,99.9,102.0,97.95,100.05,377456
2023-01-03 00:00:00+05:30,100.7,102.75,99.15,99.5,413368
2023-01-04 00:00:00+05:30,100.45,100.8,97.4,98.55,320165
2023-01-05 00:00:00+05:30,99.0,99.45,96.15,96.55,188196
2023-01-06 00:00:00+05:30,96.4,97.4,93.75,95.15,221888
2023-01-09 00:00:00+05:30,95.8,98.2,95.0,95.3,175589
2023-01-10 00:00:00+05:30,96.05,97.2,94.5,95.05,129954
2023-01-11 00:00:00+05:30,95.4,99.5,95.4,96.35,379542
2023-01-12 00:00:00+05:30,96.95,97.9,95.45,96.4,125478
2023-01-13 00:00:00+05:30,97.1,98.8,96.0,96.85,221040
2023-01-16 00:00:00+05:30,96.9,97.5,95.2,95.4,185728
2023-01-17 00:00:00+05:30,95.7,96.8,94.1,95.7,190999
2023-01-18 00:00:00+05:30,96.2,98.5,95.55,95.95,331301
2023-01-19 00:00:00+05:30,95.5,96.4,94.6,94.85,112613
2023-01-20 00:00:00+05:30,95.35,95.8,92.7,93.5,145799
2023-01-23 00:00:00+05:30,94.0,94.05,90.55,91.15,149295
2023-01-24 00:00:00+05:30,91.45,92.35,89.45,90.25,203103
2023-01-25 00:00:00+05:30,90.65,90.7,88.3,88.6,127227
2023-01-27 00:00:00+05:30,89.0,89.8,85.15,85.8,147524
2023-01-30 00:00:00+05:30,87.0,87.25,84.1,84.6,83397
2023-01-31 00:00:00+05:30,85.7,90.75,84.5,90.1,180796
2023-02-01 00:00:00+05:30,91.4,91.4,86.0,86.8,147353
2023-02-02 00:00:00+05:30,86.75,88.5,86.0,86.8,97942
2023-02-03 00:00:00+05:30,87.55,87.55,83.5,86.15,103829
2023-02-06 00:00:00+05:30,86.35,87.5,85.05,86.15,101828
2023-02-07 00:00:00+05:30,86.6,86.75,85.0,85.15,56109
2023-02-08 00:00:00+05:30,85.65,86.4,84.6,86.0,63967
2023-02-09 00:00:00+05:30,86.1,86.6,83.8,84.45,95099
2023-02-10 00:00:00+05:30,84.4,88.25,84.4,87.15,123153
2023-02-13 00:00:00+05:30,87.5,89.8,85.6,86.65,113094
2023-02-14 00:00:00+05:30,86.9,86.9,82.05,83.95,110482
2023-02-15 00:00:00+05:30,83.6,86.4,83.55,85.15,77591
2023-02-16 00:00:00+05:30,85.8,86.5,84.3,85.15,66116
2023-02-17 00:00:00+05:30,84.85,86.25,83.4,83.7,78840
2023-02-20 00:00:00+05:30,84.55,84.7,82.5,83.4,56049
2023-02-21 00:00:00+05:30,83.6,84.25,82.1,82.95,45842
2023-02-22 00:00:00+05:30,82.2,82.6,80.6,81.0,72454
2023-02-23 00:00:00+05:30,81.0,81.4,79.15,80.6,81617
2023-02-24 00:00:00+05:30,80.55,81.65,79.45,79.95,52780
2023-02-27 00:00:00+05:30,79.9,79.9,77.65,79.2,51024
2023-02-28 00:00:00+05:30,78.8,80.55,78.2,79.15,64735
2023-03-01 00:00:00+05:30,80.0,81.8,79.1,81.0,47239
2023-03-02 00:00:00+05:30,80.6,82.4,79.25,79.6,72672
2023-03-03 00:00:00+05:30,80.35,81.0,79.15,80.2,69089
2023-03-06 00:00:00+05:30,80.9,82.75,80.45,81.95,98713
2023-03-08 00:00:00+05:30,81.35,97.65,81.15,97.0,2023235
2023-03-09 00:00:00+05:30,99.0,100.5,88.0,88.8,1236443
2023-03-10 00:00:00+05:30,87.1,95.2,86.3,90.55,974953
2023-03-13 00:00:00+05:30,91.25,92.95,88.2,88.9,245627
2023-03-14 00:00:00+05:30,88.55,90.55,86.2,86.85,157302
2023-03-15 00:00:00+05:30,87.8,88.8,85.2,86.05,77298
2023-03-16 00:00:00+05:30,85.85,86.55,82.4,83.95,200419
2023-03-17 00:00:00+05:30,84.8,86.4,83.4,83.8,123054
2023-03-20 00:00:00+05:30,84.1,84.1,81.7,82.7,86587
2023-03-21 00:00:00+05:30,83.1,85.0,83.0,83.55,100970
2023-03-22 00:00:00+05:30,84.0,84.95,82.05,82.45,88881
2023-03-23 00:00:00+05:30,82.45,86.75,82.3,84.1,325618
2023-03-24 00:00:00+05:30,84.5,84.6,81.55,82.15,109789
2023-03-27 00:00:00+05:30,81.8,82.55,79.8,80.3,96429
2023-03-28 00:00:00+05:30,79.3,80.35,78.0,78.6,124752
2023-03-29 00:00:00+05:30,78.95,92.0,78.9,89.45,1006581
2023-03-31 00:00:00+05:30,89.45,93.2,88.2,89.4,831195
2023-04-03 00:00:00+05:30,90.2,94.3,90.2,93.65,731487
2023-04-05 00:00:00+05:30,94.35,96.6,93.05,93.55,525447
2023-04-06 00:00:00+05:30,94.9,96.65,90.9,91.7,491929
2023-04-10 00:00:00+05:30,94.0,94.0,89.75,90.35,166326
2023-04-11 00:00:00+05:30,91.1,93.75,90.45,92.45,352485
2023-04-12 00:00:00+05:30,93.25,96.65,93.25,93.75,689772
2023-04-13 00:00:00+05:30,93.8,93.85,90.4,91.1,134183
2023-04-17 00:00:00+05:30,90.7,95.55,89.85,93.05,343041
2023-04-18 00:00:00+05:30,93.2,94.65,92.05,92.8,200082
2023-04-19 00:00:00+05:30,93.0,98.1,92.25,97.45,1033684
2023-04-20 00:00:00+05:30,98.15,99.75,95.05,95.3,661701
2023-04-21 00:00:00+05:30,96.4,98.25,93.5,93.9,429936
2023-04-24 00:00:00+05:30,93.9,94.5,92.6,93.25,190929
2023-04-25 00:00:00+05:30,93.5,99.0,93.45,95.95,604719
2023-04-26 00:00:00+05:30,96.1,96.65,95.0,95.6,187879
2023-04-27 00:00:00+05:30,95.6,97.45,94.15,95.25,249921
2023-04-28 00:00:00+05:30,95.6,96.45,95.0,96.0,183643
2023-05-02 00:00:00+05:30,95.75,98.2,94.6,95.45,328208
2023-05-03 00:00:00+05:30,95.0,97.6,93.75,94.85,455068
2023-05-04 00:00:00+05:30,94.9,102.4,94.85,97.85,1201330
2023-05-05 00:00:00+05:30,97.85,98.7,95.7,96.2,189501
2023-05-08 00:00:00+05:30,96.95,97.5,96.0,96.8,201859
2023-05-09 00:00:00+05:30,97.1,98.75,94.1,95.25,389923
2023-05-10 00:00:00+05:30,95.6,95.6,91.55,92.3,290500
2023-05-11 00:00:00+05:30,92.4,94.0,91.95,92.25,180765
2023-05-12 00:00:00+05:30,92.2,93.1,91.15,91.75,137254
2023-05-15 00:00:00+05:30,91.8,92.85,90.9,92.15,105424
2023-05-16 00:00:00+05:30,92.15,93.95,91.35,91.65,121788
2023-05-17 00:00:00+05:30,91.95,92.45,91.3,92.15,69072
2023-05-18 00:00:00+05:30,92.3,92.8,90.4,90.85,70339
2023-05-19 00:00:00+05:30,91.3,92.25,89.45,91.5,126233
2023-05-22 00:00:00+05:30,91.9,91.9,89.7,90.35,107070
2023-05-23 00:00:00+05:30,90.65,91.2,90.1,90.4,69954
2023-05-24 00:00:00+05:30,90.0,92.1,89.8,90.05,116635
2023-05-25 00:00:00+05:30,90.25,91.0,89.75,90.15,61987
2023-05-26 00:00:00+05:30,90.65,91.65,89.55,90.0,100097
2023-05-29 00:00:00+05:30,90.45,93.3,89.7,92.6,260946
2023-05-30 00:00:00+05:30,92.55,99.7,91.0,97.15,1665636
2023-05-31 00:00:00+05:30,97.0,97.0,94.2,96.1,241998
2023-06-01 00:00:00+05:30,95.2,97.3,95.2,96.05,115099
2023-06-02 00:00:00+05:30,96.4,97.0,94.55,95.0,125934
2023-06-05 00:00:00+05:30,95.85,97.2,95.1,96.3,143709
2023-06-06 00:00:00+05:30,96.75,96.9,93.8,95.75,72849
2023-06-07 00:00:00+05:30,95.75,99.5,87.2,95.95,1177616
2023-06-08 00:00:00+05:30,96.4,98.6,94.85,95.7,329117
2023-06-09 00:00:00+05:30,97.15,101.4,96.9,100.65,1223596
2023-06-12 00:00:00+05:30,101.7,101.7,98.0,98.3,305808
2023-06-13 00:00:00+05:30,99.15,100.2,97.4,98.15,165692
2023-06-14 00:00:00+05:30,98.75,99.4,96.9,97.15,179469
2023-06-15 00:00:00+05:30,97.7,98.3,96.7,97.0,160726
2023-06-16 00:00:00+05:30,97.0,102.5,97.0,99.05,909424
2023-06-19 00:00:00+05:30,99.65,101.45,98.3,99.25,167635
2023-06-20 00:00:00+05:30,99.9,101.45,98.2,99.7,230875
2023-06-21 00:00:00+05:30,100.2,101.0,98.6,99.7,283091
2023-06-22 00:00:00+05:30,99.05,107.7,99.05,103.9,2344775
2023-06-23 00:00:00+05:30,104.0,105.5,99.55,100.3,649349
2023-06-26 00:00:00+05:30,100.0,100.95,97.6,97.8,297607
2023-06-27 00:00:00+05:30,98.85,99.45,98.15,98.55,138850
2023-06-28 00:00:00+05:30,98.2,100.0,97.9,98.85,146197
2023-06-30 00:00:00+05:30,99.25,101.5,99.0,99.6,264268
2023-07-03 00:00:00+05:30,101.5,101.5,100.0,101.45,151154
2023-07-04 00:00:00+05:30,102.2,102.6,100.7,101.15,295331
2023-07-05 00:00:00+05:30,101.4,103.8,101.4,102.8,293258
2023-07-06 00:00:00+05:30,103.7,104.0,102.65,103.55,280440
2023-07-07 00:00:00+05:30,100.6,103.55,99.0,99.8,430823
2023-07-10 00:00:00+05:30,99.5,99.75,97.4,97.55,172058
2023-07-11 00:00:00+05:30,98.4,98.4,97.2,98.0,128676
2023-07-12 00:00:00+05:30,98.35,100.25,97.55,99.0,208542
2023-07-13 00:00:00+05:30,99.85,100.55,98.3,99.05,130911
2023-07-14 00:00:00+05:30,99.9,100.75,99.0,99.85,116989
2023-07-17 00:00:00+05:30,99.75,101.0,99.35,100.3,187074
2023-07-18 00:00:00+05:30,100.3,100.55,98.6,99.0,142754
2023-07-19 00:00:00+05:30,99.85,100.4,98.35,99.0,118571
2023-07-20 00:00:00+05:30,100.75,104.85,99.45,100.2,828899
2023-07-21 00:00:00+05:30,99.1,104.85,99.1,103.3,634673
2023-07-24 00:00:00+05:30,104.35,110.0,104.35,107.0,1229728
2023-07-25 00:00:00+05:30,107.35,107.7,103.55,104.0,281281
2023-07-26 00:00:00+05:30,104.8,104.9,102.25,104.45,287222
2023-07-27 00:00:00+05:30,104.55,105.15,102.4,102.9,180710
2023-07-28 00:00:00+05:30,103.5,104.6,101.2,101.7,149801
2023-07-31 00:00:00+05:30,102.5,104.65,101.0,101.5,267365
2023-08-01 00:00:00+05:30,101.6,102.7,100.25,100.35,168609
2023-08-02 00:00:00+05:30,100.9,102.2,96.95,98.75,308746
2023-08-03 00:00:00+05:30,98.95,100.85,98.25,99.3,241562
2023-08-04 00:00:00+05:30,99.75,101.95,98.8,100.7,252954
2023-08-07 00:00:00+05:30,101.4,105.7,101.4,102.7,353995
2023-08-08 00:00:00+05:30,102.95,104.55,102.3,103.3,206152
2023-08-09 00:00:00+05:30,103.25,107.8,100.4,105.0,360083
2023-08-10 00:00:00+05:30,104.9,108.4,104.9,105.8,408353
2023-08-11 00:00:00+05:30,106.95,107.25,103.6,104.0,151638
2023-08-14 00:00:00+05:30,101.0,101.0,96.65,99.3,566612
2023-08-16 00:00:00+05:30,98.95,100.9,97.55,100.05,125018
2023-08-17 00:00:00+05:30,107.0,107.0,100.65,101.15,233596
2023-08-18 00:00:00+05:30,101.4,102.15,99.2,99.6,185039
2023-08-21 00:00:00+05:30,100.1,100.15,98.55,99.5,133872
2023-08-22 00:00:00+05:30,99.75,100.5,97.7,98.8,182628
2023-08-23 00:00:00+05:30,98.3,99.7,97.95,98.9,137819
2023-08-24 00:00:00+05:30,99.0,102.4,98.25,99.4,417411
2023-08-25 00:00:00+05:30,99.3,99.8,96.15,96.7,212822
2023-08-28 00:00:00+05:30,98.9,99.5,97.5,98.3,186275
2023-08-29 00:00:00+05:30,98.95,99.5,98.1,98.45,75182
2023-08-30 00:00:00+05:30,98.5,101.25,98.45,99.1,284710
2023-08-31 00:00:00+05:30,99.35,100.4,98.5,98.75,151995
2023-09-01 00:00:00+05:30,99.0,101.3,99.0,99.55,224510
2023-09-04 00:00:00+05:30,101.0,104.3,100.25,102.65,780304
2023-09-05 00:00:00+05:30,104.0,105.5,101.05,102.65,332814
2023-09-06 00:00:00+05:30,104.95,113.7,103.55,109.5,2529762
2023-09-07 00:00:00+05:30,110.6,114.8,108.15,112.35,1135748
2023-09-08 00:00:00+05:30,112.85,113.3,108.0,109.35,315938
2023-09-11 00:00:00+05:30,110.9,116.55,110.9,111.45,558850
2023-09-12 00:00:00+05:30,111.9,112.35,100.35,102.6,491736
2023-09-13 00:00:00+05:30,103.0,109.65,102.05,108.5,455906
2023-09-14 00:00:00+05:30,109.8,120.9,109.05,114.75,2473881
2023-09-15 00:00:00+05:30,115.55,116.5,112.45,115.65,723309
2023-09-18 00:00:00+05:30,114.55,117.3,111.5,112.7,515001
2023-09-20 00:00:00+05:30,111.05,118.0,110.7,112.6,743110
2023-09-21 00:00:00+05:30,112.6,114.3,108.5,109.6,339203
2023-09-22 00:00:00+05:30,109.95,112.3,107.2,110.6,244080
2023-09-25 00:00:00+05:30,111.15,117.7,110.6,113.45,889126
2023-09-26 00:00:00+05:30,114.05,114.05,110.55,110.85,167887
2023-09-27 00:00:00+05:30,111.1,112.5,109.35,111.5,201725
2023-09-28 00:00:00+05:30,111.9,115.6,110.75,111.25,466757
2023-09-29 00:00:00+05:30,112.15,112.3,110.35,111.25,148260
2023-10-03 00:00:00+05:30,110.4,112.15,107.25,109.1,220688
2023-10-04 00:00:00+05:30,108.85,111.5,106.6,108.65,230756
2023-10-05 00:00:00+05:30,109.4,110.65,107.35,108.05,145374
2023-10-06 00:00:00+05:30,108.9,110.6,106.8,107.35,201908
2023-10-09 00:00:00+05:30,108.0,108.75,104.5,105.2,238908
2023-10-10 00:00:00+05:30,106.95,107.75,106.05,106.75,113351
2023-10-11 00:00:00+05:30,107.65,108.75,105.6,106.3,106269
2023-10-12 00:00:00+05:30,106.5,107.8,104.75,105.35,154563
2023-10-13 00:00:00+05:30,104.85,106.7,104.55,104.8,151042
2023-10-16 00:00:00+05:30,105.85,109.5,105.45,107.05,242156
2023-10-17 00:00:00+05:30,107.0,108.45,105.6,106.3,108684
2023-10-18 00:00:00+05:30,106.95,111.35,106.1,107.6,579615
2023-10-19 00:00:00+05:30,108.55,108.7,105.5,105.9,109427
2023-10-20 00:00:00+05:30,106.95,106.95,103.85,104.5,121564
2023-10-23 00:00:00+05:30,104.5,105.65,95.65,96.15,376642
2023-10-25 00:00:00+05:30,99.35,101.4,96.4,97.1,313693
2023-10-26 00:00:00+05:30,97.25,98.0,93.35,96.75,297449
2023-10-27 00:00:00+05:30,98.95,100.4,96.15,98.4,151104
2023-10-30 00:00:00+05:30,98.1,100.9,97.3,98.35,108085
2023-10-31 00:00:00+05:30,98.95,100.4,97.95,99.9,177210
2023-11-01 00:00:00+05:30,100.3,100.55,98.35,98.7,70010
2023-11-02 00:00:00+05:30,100.1,101.0,99.0,99.55,92973
2023-11-03 00:00:00+05:30,100.35,102.25,98.95,99.3,232752
2023-11-06 00:00:00+05:30,100.25,104.4,99.85,101.75,625133
2023-11-07 00:00:00+05:30,102.4,102.85,100.1,100.4,123357
2023-11-08 00:00:00+05:30,100.9,101.55,99.55,100.15,133336
2023-11-09 00:00:00+05:30,100.3,100.55,98.1,98.1,119982
2023-11-10 00:00:00+05:30,98.65,100.25,94.1,99.6,309563
2023-11-12 00:00:00+05:30,100.2,100.2,97.6,98.2,59566
2023-11-13 00:00:00+05:30,98.0,100.0,97.55,97.75,118550
2023-11-15 00:00:00+05:30,99.0,99.2,97.65,98.35,168137
2023-11-16 00:00:00+05:30,98.35,99.15,96.85,97.15,116051
2023-11-17 00:00:00+05:30,98.05,99.6,97.7,99.1,159762
2023-11-20 00:00:00+05:30,99.5,101.05,99.05,100.3,141518
2023-11-21 00:00:00+05:30,101.05,101.6,99.5,100.25,126747
2023-11-22 00:00:00+05:30,100.0,100.8,98.1,99.3,57963
2023-11-23 00:00:00+05:30,99.9,103.65,99.9,102.8,497442
2023-11-24 00:00:00+05:30,103.8,103.8,101.0,101.45,146915
2023-11-28 00:00:00+05:30,101.8,101.85,99.0,99.3,193287
2023-11-29 00:00:00+05:30,99.9,100.4,98.85,99.75,150942
2023-11-30 00:00:00+05:30,99.95,102.7,99.95,100.1,202347
2023-12-01 00:00:00+05:30,100.4,101.4,99.95,100.4,107168
2023-12-04 00:00:00+05:30,101.35,103.7,100.55,102.4,203039
2023-12-05 00:00:00+05:30,102.9,103.95,101.95,102.9,134394
2023-12-06 00:00:00+05:30,103.95,107.2,99.0,100.5,470222
2023-12-07 00:00:00+05:30,98.95,100.9,96.7,98.45,503604
2023-12-08 00:00:00+05:30,97.3,97.3,93.0,93.9,493759
2023-12-11 00:00:00+05:30,93.9,97.1,93.5,95.7,290975
2023-12-12 00:00:00+05:30,96.65,97.5,95.1,96.15,137015
2023-12-13 00:00:00+05:30,96.55,97.25,95.6,96.05,82363
2023-12-14 00:00:00+05:30,96.7,97.75,95.1,95.65,132100
2023-12-15 00:00:00+05:30,96.1,96.95,95.65,96.05,66757
2023-12-18 00:00:00+05:30,101.95,102.25,99.4,99.65,446514
2023-12-19 00:00:00+05:30,100.0,100.3,96.15,98.0,170203
2023-12-20 00:00:00+05:30,98.0,98.85,92.9,94.2,171680
2023-12-21 00:00:00+05:30,94.0,96.75,93.0,96.3,120000
2023-12-22 00:00:00+05:30,97.05,97.3,95.0,96.05,98023
2023-12-26 00:00:00+05:30,96.3,96.65,94.65,95.15,95730
2023-12-27 00:00:00+05:30,95.5,97.6,95.45,96.65,138323
2023-12-28 00:00:00+05:30,96.3,97.15,95.5,95.75,55990
2023-12-29 00:00:00+05:30,95.8,98.95,95.75,96.65,195146
2024-01-01 00:00:00+05:30,96.65,98.75,96.65,97.7,135558
2024-01-02 00:00:00+05:30,98.0,99.15,96.55,97.5,116965
2024-01-03 00:00:00+05:30,97.5,98.3,96.6,97.25,91082
2024-01-04 00:00:00+05:30,97.0,98.4,96.95,97.1,97773
2024-01-05 00:00:00+05:30,97.15,98.9,96.0,97.15,139881
2024-01-08 00:00:00+05:30,97.1,97.75,95.5,95.75,70806
2024-01-09 00:00:00+05:30,96.85,98.0,96.05,96.25,78474
2024-01-10 00:00:00+05:30,96.25,96.95,95.0,95.25,79774
2024-01-11 00:00:00+05:30,95.5,96.2,95.2,95.85,65831
2024-01-12 00:00:00+05:30,96.0,96.65,95.85,96.1,64726
2024-01-15 00:00:00+05:30,96.15,96.75,95.05,95.85,73064
2024-01-16 00:00:00+05:30,95.4,97.8,95.4,97.05,155702
2024-01-17 00:00:00+05:30,97.05,98.2,94.7,97.0,135727
2024-01-18 00:00:00+05:30,95.3,97.8,94.5,96.0,96670
2024-01-19 00:00:00+05:30,96.3,97.05,95.0,96.45,73974
2024-01-20 00:00:00+05:30,96.15,97.25,95.75,96.55,45646
2024-01-23 00:00:00+05:30,96.3,96.85,93.25,93.45,87526
2024-01-24 00:00:00+05:30,94.1,94.95,93.5,94.25,49538
2024-01-25 00:00:00+05:30,95.3,97.85,94.65,95.05,196848
2024-01-29 00:00:00+05:30,95.1,97.95,94.7,96.2,191423
2024-01-30 00:00:00+05:30,96.6,98.55,95.7,96.4,150746
2024-01-31 00:00:00+05:30,96.4,98.15,96.0,97.0,178966
2024-02-01 00:00:00+05:30,97.15,97.8,95.7,95.95,77462
2024-02-02 00:00:00+05:30,95.95,99.0,95.8,98.0,349696
2024-02-05 00:00:00+05:30,98.0,102.6,98.0,100.65,508799
2024-02-06 00:00:00+05:30,102.15,103.0,99.1,99.9,274113
2024-02-07 00:00:00+05:30,101.45,111.0,100.0,108.85,2276398
2024-02-08 00:00:00+05:30,110.05,112.65,104.2,105.45,608745
2024-02-09 00:00:00+05:30,106.55,106.8,99.3,104.3,381378
2024-02-12 00:00:00+05:30,111.8,111.8,102.5,103.7,542709
2024-02-13 00:00:00+05:30,102.2,103.45,99.45,100.35,218158
2024-02-14 00:00:00+05:30,100.0,105.55,97.95,102.75,222536
2024-02-15 00:00:00+05:30,103.45,105.55,101.1,102.45,164679
2024-02-16 00:00:00+05:30,103.7,104.2,101.15,101.6,105294
2024-02-19 00:00:00+05:30,102.6,105.3,102.45,103.3,171238
2024-02-20 00:00:00+05:30,103.95,108.0,102.8,103.9,375560
2024-02-21 00:00:00+05:30,104.9,107.2,102.8,104.55,503073
2024-02-22 00:00:00+05:30,104.45,104.45,101.05,101.4,199733
2024-02-23 00:00:00+05:30,102.4,103.0,100.25,100.65,110309
2024-02-26 00:00:00+05:30,101.65,101.9,100.05,100.45,100751
2024-02-27 00:00:00+05:30,100.65,101.5,99.0,99.2,82275
2024-02-28 00:00:00+05:30,99.65,101.95,96.95,97.75,155332
2024-02-29 00:00:00+05:30,98.5,99.5,97.0,97.65,70231
2024-03-01 00:00:00+05:30,98.4,99.9,97.25,97.75,61816
2024-03-02 00:00:00+05:30,98.5,101.0,98.4,99.65,18354
2024-03-04 00:00:00+05:30,99.6,103.4,99.0,100.75,187545
2024-03-05 00:00:00+05:30,101.1,101.15,98.0,98.25,76609
2024-03-06 00:00:00+05:30,98.25,98.85,95.0,95.8,147122
2024-03-07 00:00:00+05:30,96.3,97.35,96.0,96.5,58282
2024-03-11 00:00:00+05:30,96.1,97.0,93.15,93.8,117476
2024-03-12 00:00:00+05:30,94.2,94.2,91.25,92.55,145163
2024-03-13 00:00:00+05:30,93.4,94.9,85.5,87.4,197727
2024-03-14 00:00:00+05:30,86.05,90.5,85.0,88.55,116653
2024-03-15 00:00:00+05:30,88.9,90.5,86.75,87.55,115794
2024-03-18 00:00:00+05:30,87.7,88.75,85.95,86.5,110041
2024-03-19 00:00:00+05:30,86.8,87.75,85.5,85.95,60867
2024-03-20 00:00:00+05:30,85.55,87.5,85.0,86.0,88165
2024-03-21 00:00:00+05:30,86.35,87.95,86.15,87.0,65022
2024-03-22 00:00:00+05:30,87.0,88.5,86.55,87.15,92526
2024-03-26 00:00:00+05:30,87.1,87.95,85.35,86.4,152036
2024-03-27 00:00:00+05:30,86.05,86.95,83.4,83.7,191651
2024-03-28 00:00:00+05:30,84.2,86.7,84.2,84.8,156485
2024-04-01 00:00:00+05:30,85.5,91.05,85.5,89.15,190851
2024-04-02 00:00:00+05:30,89.7,91.15,89.15,90.85,82142
2024-04-03 00:00:00+05:30,91.0,95.5,91.0,94.3,182257
2024-04-04 00:00:00+05:30,95.05,95.5,93.1,94.5,74376
2024-04-05 00:00:00+05:30,93.75,95.5,93.75,94.45,65391
2024-04-08 00:00:00+05:30,95.45,95.45,93.1,93.25,43756
2024-04-09 00:00:00+05:30,93.8,97.0,91.4,95.7,150171
2024-04-10 00:00:00+05:30,96.7,98.0,94.25,94.8,121848
2024-04-12 00:00:00+05:30,94.85,95.65,93.7,94.55,71873
2024-04-15 00:00:00+05:30,92.0,93.85,90.2,91.8,81143
2024-04-16 00:00:00+05:30,91.35,93.95,91.35,93.7,47578
2024-04-18 00:00:00+05:30,93.7,95.6,92.35,93.25,52212
2024-04-19 00:00:00+05:30,92.8,93.25,91.5,92.55,45976
2024-04-22 00:00:00+05:30,92.65,97.0,92.65,95.65,99650
2024-04-23 00:00:00+05:30,95.15,97.6,95.15,95.95,84715
2024-04-24 00:00:00+05:30,95.95,98.4,95.4,95.95,68148
2024-04-25 00:00:00+05:30,96.15,99.0,96.0,97.7,94025
2024-04-26 00:00:00+05:30,98.0,99.05,96.8,97.3,83074
2024-04-29 00:00:00+05:30,97.35,101.15,97.35,98.3,213489
2024-04-30 00:00:00+05:30,98.95,100.0,96.55,97.35,123815
2024-05-02 00:00:00+05:30,97.0,97.65,96.2,97.1,67589
2024-05-03 00:00:00+05:30,96.55,98.35,96.05,97.25,65905
2024-05-06 00:00:00+05:30,98.0,98.05,95.05,95.75,41516
2024-05-07 00:00:00+05:30,95.95,95.95,92.65,93.35,35053
2024-05-08 00:00:00+05:30,93.3,95.75,92.9,95.1,52145
2024-05-09 00:00:00+05:30,95.0,95.3,90.25,91.3,40559
2024-05-10 00:00:00+05:30,91.55,93.55,91.5,92.0,43254
2024-05-13 00:00:00+05:30,92.75,93.85,90.0,91.25,33861
2024-05-14 00:00:00+05:30,92.0,93.15,91.05,92.45,29589
2024-05-15 00:00:00+05:30,92.5,94.0,92.5,93.05,22035
2024-05-16 00:00:00+05:30,93.05,94.0,92.0,93.0,29901
2024-05-17 00:00:00+05:30,93.5,96.3,92.85,95.25,103213
2024-05-18 00:00:00+05:30,95.85,96.45,94.6,95.6,12245
2024-05-21 00:00:00+05:30,95.6,97.95,94.85,95.9,89183
2024-05-22 00:00:00+05:30,96.0,97.25,95.5,96.25,41985
2024-05-23 00:00:00+05:30,96.5,97.25,96.0,96.6,82867
2024-05-24 00:00:00+05:30,96.5,97.35,94.2,96.8,135601
2024-05-27 00:00:00+05:30,102.35,103.9,98.2,100.75,383058
2024-05-28 00:00:00+05:30,100.85,101.45,98.35,98.75,94168
2024-05-29 00:00:00+05:30,98.7,100.4,98.3,99.35,95240
2024-05-30 00:00:00+05:30,99.3,101.1,98.0,98.6,81820
2024-05-31 00:00:00+05:30,98.1,102.4,98.1,100.7,166608
2024-06-03 00:00:00+05:30,104.6,105.9,99.6,100.1,143352
2024-06-04 00:00:00+05:30,98.7,99.85,89.85,94.1,192991
2024-06-05 00:00:00+05:30,94.65,99.1,94.4,98.05,111633
2024-06-06 00:00:00+05:30,99.65,101.5,99.05,100.55,96605
2024-06-07 00:00:00+05:30,100.0,104.4,100.0,102.4,267451
2024-06-10 00:00:00+05:30,103.05,104.95,102.0,102.44,125406
2024-06-11 00:00:00+05:30,102.62,107.0,102.31,106.56,514406
2024-06-12 00:00:00+05:30,107.4,109.2,106.56,108.09,390413
2024-06-13 00:00:00+05:30,109.7,124.56,109.5,120.76,3957903
2024-06-14 00:00:00+05:30,122.0,122.5,117.55,119.14,1075609
2024-06-18 00:00:00+05:30,120.2,123.35,120.2,122.61,733381
2024-06-19 00:00:00+05:30,122.8,134.2,121.1,130.6,2999082
2024-06-20 00:00:00+05:30,131.69,135.0,130.5,131.77,1139561
2024-06-21 00:00:00+05:30,132.0,135.0,129.2,130.66,1078658
2024-06-24 00:00:00+05:30,130.4,132.45,128.25,129.35,371031
2024-06-25 00:00:00+05:30,130.0,136.1,127.06,127.85,1028883
2024-06-26 00:00:00+05:30,128.2,129.79,127.41,127.95,325073
2024-06-27 00:00:00+05:30,128.02,129.2,123.5,124.44,383638
2024-06-28 00:00:00+05:30,121.0,123.69,117.63,120.03,526004
2024-07-01 00:00:00+05:30,121.22,121.22,117.0,117.28,252006
2024-07-02 00:00:00+05:30,118.0,120.99,114.41,117.64,355739
2024-07-03 00:00:00+05:30,118.51,123.25,116.6,122.04,585252
2024-07-04 00:00:00+05:30,123.02,127.0,122.69,124.58,542848
2024-07-05 00:00:00+05:30,124.0,124.4,121.52,122.52,182309
2024-07-08 00:00:00+05:30,122.52,126.45,116.25,117.07,397528
2024-07-09 00:00:00+05:30,118.2,125.9,117.05,122.53,913941
2024-07-10 00:00:00+05:30,122.95,123.16,117.0,119.14,337238
2024-07-11 00:00:00+05:30,120.2,124.35,120.2,122.41,408599
2024-07-12 00:00:00+05:30,122.41,123.9,120.51,121.48,169425
2024-07-15 00:00:00+05:30,127.1,128.82,123.4,124.03,1054045
2024-07-16 00:00:00+05:30,124.4,125.88,120.22,120.94,310274
2024-07-18 00:00:00+05:30,120.55,121.14,118.18,118.62,183860
2024-07-19 00:00:00+05:30,118.1,118.57,112.51,113.16,276713
2024-07-22 00:00:00+05:30,113.16,116.73,112.42,113.43,274377
2024-07-23 00:00:00+05:30,113.6,115.85,105.98,110.7,418380
2024-07-24 00:00:00+05:30,111.29,116.68,111.0,113.28,230486
2024-07-25 00:00:00+05:30,112.4,119.0,111.1,115.15,443902
2024-07-26 00:00:00+05:30,116.09,116.09,113.23,114.28,228313
2024-07-29 00:00:00+05:30,115.77,118.6,115.09,115.86,245199
2024-07-30 00:00:00+05:30,116.4,120.6,115.32,118.63,280903
2024-07-31 00:00:00+05:30,118.63,121.15,118.0,119.15,250135
2024-08-01 00:00:00+05:30,118.5,119.69,114.0,114.22,154364
2024-08-02 00:00:00+05:30,113.92,115.79,113.38,114.05,156580
2024-08-05 00:00:00+05:30,112.0,112.0,105.81,106.63,211805
2024-08-06 00:00:00+05:30,106.87,109.7,104.8,105.25,243788
2024-08-07 00:00:00+05:30,106.9,107.8,106.02,106.86,184451
2024-08-08 00:00:00+05:30,107.0,108.49,105.31,105.61,181377
2024-08-09 00:00:00+05:30,106.51,107.53,104.42,104.77,110752
2024-08-12 00:00:00+05:30,101.0,107.2,101.0,105.07,197661
2024-08-13 00:00:00+05:30,107.03,110.98,107.03,107.9,396016
2024-08-14 00:00:00+05:30,108.3,108.44,104.01,105.08,198736
2024-08-16 00:00:00+05:30,106.65,109.94,104.63,108.76,180442
2024-08-19 00:00:00+05:30,109.25,119.0,108.26,115.6,456513
2024-08-20 00:00:00+05:30,116.2,120.0,115.05,118.95,388157
2024-08-21 00:00:00+05:30,118.9,120.5,115.83,116.75,269946
2024-08-22 00:00:00+05:30,117.53,119.85,117.0,117.92,205278
2024-08-23 00:00:00+05:30,118.5,123.6,118.2,119.51,587080
2024-08-26 00:00:00+05:30,119.75,119.89,117.16,117.55,82111
2024-08-27 00:00:00+05:30,116.01,118.4,115.55,116.72,144648
2024-08-28 00:00:00+05:30,117.5,122.5,117.31,119.31,349109
2024-08-29 00:00:00+05:30,122.8,130.5,122.6,125.55,2628762
2024-08-30 00:00:00+05:30,134.0,137.0,128.52,129.82,2592474
2024-09-02 00:00:00+05:30,130.83,131.5,123.07,126.26,525587
2024-09-03 00:00:00+05:30,127.4,127.4,124.0,124.53,210866
2024-09-04 00:00:00+05:30,122.65,126.96,122.65,124.44,274059
2024-09-05 00:00:00+05:30,126.0,126.95,122.32,122.87,176411
2024-09-06 00:00:00+05:30,123.27,124.1,118.0,118.95,280919
2024-09-09 00:00:00+05:30,120.5,120.59,117.15,118.12,244964
2024-09-10 00:00:00+05:30,119.0,121.1,118.22,119.74,123554
2024-09-11 00:00:00+05:30,119.74,120.2,113.2,113.92,262944
2024-09-12 00:00:00+05:30,114.9,115.49,113.2,113.72,269999
2024-09-13 00:00:00+05:30,114.2,118.71,114.1,115.3,186240
2024-09-16 00:00:00+05:30,116.45,121.3,116.45,118.05,275311
2024-09-17 00:00:00+05:30,118.65,118.85,114.6,115.28,181939
2024-09-18 00:00:00+05:30,117.1,121.0,115.65,116.89,262270
2024-09-19 00:00:00+05:30,119.0,122.5,115.25,117.68,434527
2024-09-20 00:00:00+05:30,118.6,124.0,117.81,122.02,511506
2024-09-23 00:00:00+05:30,124.45,126.5,122.25,122.94,210799
2024-09-24 00:00:00+05:30,123.3,123.61,120.8,121.29,131682
2024-09-25 00:00:00+05:30,122.0,126.9,121.5,122.34,479420
2024-09-26 00:00:00+05:30,122.95,122.95,118.0,118.7,190336
2024-09-27 00:00:00+05:30,122.1,129.35,121.98,124.18,1296332
2024-09-30 00:00:00+05:30,124.18,125.81,122.01,124.54,348053
2024-10-01 00:00:00+05:30,124.45,128.3,124.09,126.7,382404
2024-10-03 00:00:00+05:30,124.58,126.25,120.06,121.65,310269
2024-10-04 00:00:00+05:30,121.7,123.36,118.0,119.04,183968
2024-10-07 00:00:00+05:30,119.04,120.35,111.47,112.46,241929
2024-10-08 00:00:00+05:30,112.8,117.35,111.21,116.66,150279
2024-10-09 00:00:00+05:30,116.77,118.2,116.0,116.37,74069
2024-10-10 00:00:00+05:30,116.51,117.28,112.61,113.14,150991
2024-10-11 00:00:00+05:30,113.6,117.37,112.6,115.79,259115
2024-10-14 00:00:00+05:30,116.15,119.52,115.28,116.46,106191
2024-10-15 00:00:00+05:30,116.75,117.51,114.36,116.2,109018
2024-10-16 00:00:00+05:30,116.49,116.49,114.21,114.61,87012
2024-10-17 00:00:00+05:30,114.91,115.29,111.0,111.42,129037
2024-10-18 00:00:00+05:30,111.0,113.37,109.23,112.98,126323
2024-10-21 00:00:00+05:30,113.0,113.35,109.15,109.72,83459
2024-10-22 00:00:00+05:30,110.0,110.0,106.15,106.72,132708
2024-10-23 00:00:00+05:30,106.72,110.52,104.6,109.21,181202
2024-10-24 00:00:00+05:30,109.21,109.49,107.01,108.21,52245
2024-10-25 00:00:00+05:30,108.5,108.7,102.0,102.83,108409
2024-10-28 00:00:00+05:30,101.6,102.16,95.62,98.87,656052
2024-10-29 00:00:00+05:30,100.4,103.9,99.4,100.43,169416
2024-10-30 00:00:00+05:30,100.45,106.5,100.45,105.14,192657
2024-10-31 00:00:00+05:30,105.69,106.99,103.52,104.99,90678
2024-11-01 00:00:00+05:30,105.9,106.92,104.61,105.46,25520
2024-11-04 00:00:00+05:30,106.95,106.95,101.8,102.75,98709
2024-11-05 00:00:00+05:30,104.0,106.89,104.0,105.97,101646
2024-11-06 00:00:00+05:30,106.35,108.09,105.8,107.45,117031
2024-11-07 00:00:00+05:30,107.95,108.48,105.55,105.76,78572
2024-11-08 00:00:00+05:30,106.8,107.19,103.55,105.49,108752
2024-11-11 00:00:00+05:30,103.91,105.06,101.77,102.22,175661
2024-11-12 00:00:00+05:30,103.95,106.22,103.0,103.77,98294
2024-11-13 00:00:00+05:30,103.77,103.99,97.9,99.48,201725
2024-11-14 00:00:00+05:30,99.98,101.74,99.74,100.4,74278
2024-11-18 00:00:00+05:30,101.9,102.68,98.81,101.46,131882
2024-11-19 00:00:00+05:30,102.66,104.5,101.86,103.79,179344
2024-11-21 00:00:00+05:30,103.9,104.5,102.25,103.84,118879
2024-11-22 00:00:00+05:30,101.16,101.95,100.0,100.83,166565
2024-11-25 00:00:00+05:30,102.69,102.69,100.0,100.15,139188
2024-11-26 00:00:00+05:30,100.3,102.0,100.1,101.6,120361
2024-11-27 00:00:00+05:30,101.7,103.11,101.35,102.37,79902
2024-11-28 00:00:00+05:30,102.59,104.7,102.29,102.97,117893
2024-11-29 00:00:00+05:30,103.0,103.7,101.87,102.97,77655
2024-12-02 00:00:00+05:30,103.0,104.0,102.01,103.04,79706
2024-12-03 00:00:00+05:30,102.97,105.0,102.97,104.38,51166
2024-12-04 00:00:00+05:30,104.98,105.84,103.3,104.95,102667
2024-12-05 00:00:00+05:30,104.95,105.67,104.0,104.78,64394
2024-12-06 00:00:00+05:30,105.19,105.68,104.0,104.6,55321
2024-12-09 00:00:00+05:30,104.05,105.0,103.03,103.29,80872
2024-12-10 00:00:00+05:30,103.9,107.1,103.55,106.58,139248
2024-12-11 00:00:00+05:30,107.5,108.75,105.0,105.43,134594
2024-12-12 00:00:00+05:30,106.0,107.39,103.0,103.63,87105
2024-12-13 00:00:00+05:30,103.0,103.95,102.0,102.79,66199
2024-12-16 00:00:00+05:30,103.44,103.85,102.48,102.66,123345
2024-12-17 00:00:00+05:30,101.01,106.0,98.2,104.01,160087
2024-12-18 00:00:00+05:30,104.3,104.3,100.01,100.68,91196
2024-12-19 00:00:00+05:30,100.01,102.38,98.28,101.07,193695
2024-12-20 00:00:00+05:30,101.6,101.9,99.15,100.48,90697
2024-12-23 00:00:00+05:30,100.9,101.68,98.15,98.7,83215
2024-12-24 00:00:00+05:30,99.69,100.0,96.75,97.96,136035
2024-12-26 00:00:00+05:30,99.25,99.3,97.0,97.35,73670
2024-12-27 00:00:00+05:30,97.5,98.25,97.0,97.27,45796
2024-12-30 00:00:00+05:30,97.49,98.01,95.7,96.88,42901
2024-12-31 00:00:00+05:30,98.0,98.7,97.15,98.36,29618
2025-01-01 00:00:00+05:30,99.68,101.27,98.86,100.27,66292
2025-01-02 00:00:00+05:30,101.0,101.6,99.2,99.66,60577
2025-01-03 00:00:00+05:30,100.94,100.94,99.66,100.06,15164
2025-01-06 00:00:00+05:30,100.98,102.01,96.0,96.85,66576
2025-01-07 00:00:00+05:30,96.99,99.93,96.99,99.56,42289
2025-01-08 00:00:00+05:30,99.8,99.8,96.4,96.96,68852
2025-01-09 00:00:00+05:30,97.99,97.99,96.41,97.2,23970
2025-01-10 00:00:00+05:30,97.5,97.5,92.55,93.23,94428
2025-01-13 00:00:00+05:30,90.52,92.99,89.75,90.82,96890
2025-01-14 00:00:00+05:30,90.2,94.3,90.2,93.41,52660
2025-01-15 00:00:00+05:30,93.99,94.89,92.02,92.74,32976
2025-01-16 00:00:00+05:30,95.99,98.28,95.51,97.03,89909
2025-01-17 00:00:00+05:30,96.99,97.88,95.41,97.33,23123
2025-01-20 00:00:00+05:30,99.5,103.0,99.0,100.58,150419
2025-01-21 00:00:00+05:30,102.0,103.0,98.0,98.59,83655
2025-01-22 00:00:00+05:30,100.6,100.6,95.24,96.6,74576
2025-01-23 00:00:00+05:30,98.0,98.55,95.15,95.66,74514
2025-01-24 00:00:00+05:30,96.42,96.81,93.62,94.37,35857
2025-01-27 00:00:00+05:30,95.99,95.99,92.31,92.85,47289
2025-01-28 00:00:00+05:30,94.1,94.95,87.11,90.88,76697
2025-01-29 00:00:00+05:30,90.95,97.0,90.3,96.33,76090
2025-01-30 00:00:00+05:30,96.9,96.9,95.16,95.41,25327
2025-01-31 00:00:00+05:30,96.0,96.0,94.52,95.22,32996
2025-02-01 00:00:00+05:30,95.9,96.0,94.01,94.41,32872
2025-02-03 00:00:00+05:30,94.41,96.0,93.35,94.5,41322
2025-02-04 00:00:00+05:30,95.81,97.5,95.12,96.38,51650
2025-02-05 00:00:00+05:30,97.9,98.61,95.9,96.47,31932
2025-02-06 00:00:00+05:30,97.95,99.59,97.1,98.19,92178
2025-02-07 00:00:00+05:30,98.19,98.19,93.91,94.86,85002
2025-02-10 00:00:00+05:30,97.85,98.04,91.41,92.02,113686
2025-02-11 00:00:00+05:30,93.0,93.23,87.6,89.89,78062
2025-02-12 00:00:00+05:30,90.4,93.0,86.6,90.52,77660
2025-02-13 00:00:00+05:30,90.55,94.7,88.51,93.04,79062
2025-02-14 00:00:00+05:30,93.04,93.3,89.6,90.32,55485
2025-02-17 00:00:00+05:30,91.88,91.88,87.07,88.28,47868
2025-02-18 00:00:00+05:30,90.6,90.6,84.67,85.3,92527
2025-02-19 00:00:00+05:30,85.9,89.1,84.91,86.53,82560
2025-02-20 00:00:00+05:30,86.99,89.0,85.15,87.53,110717
2025-02-21 00:00:00+05:30,87.1,89.69,86.21,86.66,73439
2025-02-24 00:00:00+05:30,84.66,86.35,84.24,85.54,41494
2025-02-25 00:00:00+05:30,85.54,85.99,83.93,84.18,40873
2025-02-27 00:00:00+05:30,85.0,85.0,83.16,83.86,38125
2025-02-28 00:00:00+05:30,84.39,84.39,78.54,79.32,126926
2025-03-03 00:00:00+05:30,80.0,81.49,78.43,80.87,82346
2025-03-04 00:00:00+05:30,79.0,82.8,79.0,81.41,55564
2025-03-05 00:00:00+05:30,82.5,84.73,81.24,84.16,60879
2025-03-06 00:00:00+05:30,85.5,86.86,85.0,85.4,55315
2025-03-07 00:00:00+05:30,85.9,88.4,85.45,88.11,48056
2025-03-10 00:00:00+05:30,88.8,89.75,84.01,84.54,36254
2025-03-11 00:00:00+05:30,85.38,85.38,82.99,83.24,60690
2025-03-12 00:00:00+05:30,84.01,86.91,83.3,84.39,54701
2025-03-13 00:00:00+05:30,84.6,85.49,83.78,83.9,38268
2025-03-17 00:00:00+05:30,86.34,86.34,82.87,83.11,41205
2025-03-18 00:00:00+05:30,84.9,89.4,83.82,86.82,149478
2025-03-19 00:00:00+05:30,89.0,92.1,87.2,89.82,122898
2025-03-20 00:00:00+05:30,90.5,91.5,88.0,88.22,97149
2025-03-21 00:00:00+05:30,88.82,91.0,88.82,89.82,129190
2025-03-24 00:00:00+05:30,90.74,92.8,89.67,90.13,76511
2025-03-25 00:00:00+05:30,90.13,91.1,87.2,87.27,124636
2025-03-26 00:00:00+05:30,87.98,92.0,86.01,90.37,174350
2025-03-27 00:00:00+05:30,90.3,91.62,87.5,88.15,218886
2025-03-28 00:00:00+05:30,88.25,90.55,85.6,86.31,141301
2025-04-01 00:00:00+05:30,85.91,93.85,85.86,91.08,237061
2025-04-02 00:00:00+05:30,91.79,93.15,89.61,91.42,70123
2025-04-03 00:00:00+05:30,91.3,92.03,90.0,91.07,85051
2025-04-04 00:00:00+05:30,91.95,91.95,87.61,88.14,79443
2025-04-07 00:00:00+05:30,83.6,86.24,79.61,85.22,181046
2025-04-08 00:00:00+05:30,87.0,87.99,84.99,86.79,61959
2025-04-09 00:00:00+05:30,86.79,86.79,84.8,85.51,35138
2025-04-11 00:00:00+05:30,86.35,87.3,86.19,86.83,38787
2025-04-15 00:00:00+05:30,87.55,92.0,87.55,91.35,140781
2025-04-16 00:00:00+05:30,92.35,93.1,90.39,90.98,69046
2025-04-17 00:00:00+05:30,91.95,92.15,90.61,91.34,50284
2025-04-21 00:00:00+05:30,92.99,92.99,91.2,92.38,52040
2025-04-22 00:00:00+05:30,92.98,95.39,91.72,93.44,127357
2025-04-23 00:00:00+05:30,93.6,94.41,91.48,92.36,69244
2025-04-24 00:00:00+05:30,92.98,96.24,92.85,94.03,116975
2025-04-25 00:00:00+05:30,94.1,94.8,90.5,91.29,91905
2025-04-28 00:00:00+05:30,91.29,92.31,91.07,91.24,43220
2025-04-29 00:00:00+05:30,91.1,92.7,90.98,91.87,40302
2025-04-30 00:00:00+05:30,91.0,91.5,88.6,88.89,44867
2025-05-02 00:00:00+05:30,90.0,90.68,87.0,88.06,69340
2025-05-05 00:00:00+05:30,88.0,89.99,86.6,87.74,91745
2025-05-06 00:00:00+05:30,88.17,89.24,84.91,85.71,50782
2025-05-07 00:00:00+05:30,83.0,87.1,83.0,86.83,33033
2025-05-08 00:00:00+05:30,86.9,88.19,85.46,85.84,36758
2025-05-09 00:00:00+05:30,84.1,86.48,83.42,86.13,21065
2025-05-12 00:00:00+05:30,87.5,89.5,87.5,88.8,60496
2025-05-13 00:00:00+05:30,89.0,91.38,89.0,90.91,78903
2025-05-14 00:00:00+05:30,91.5,95.32,91.5,94.83,126479
2025-05-15 00:00:00+05:30,95.5,96.75,94.91,95.51,98579
2025-05-16 00:00:00+05:30,96.24,98.0,95.51,97.34,116364
2025-05-19 00:00:00+05:30,97.99,100.0,96.99,97.87,213662
2025-05-20 00:00:00+05:30,98.05,98.68,94.1,95.15,98238
2025-05-21 00:00:00+05:30,95.62,96.95,94.61,96.24,49993
2025-05-22 00:00:00+05:30,96.24,98.88,95.15,96.68,131483
2025-05-23 00:00:00+05:30,97.0,99.53,96.79,99.34,107721
2025-05-26 00:00:00+05:30,102.5,103.87,99.3,100.58,304830
2025-05-27 00:00:00+05:30,101.0,101.0,97.85,98.31,137630
2025-05-28 00:00:00+05:30,98.1,100.0,97.57,98.81,162164
2025-05-29 00:00:00+05:30,99.31,100.9,97.47,98.28,101460
2025-05-30 00:00:00+05:30,98.7,102.19,98.25,101.45,204768
2025-06-02 00:00:00+05:30,100.9,102.79,99.46,100.5,111270
2025-06-03 00:00:00+05:30,100.99,102.9,100.0,102.09,161009
2025-06-04 00:00:00+05:30,101.6,107.7,101.6,105.74,415981
2025-06-05 00:00:00+05:30,106.33,108.5,105.0,107.93,233861
2025-06-06 00:00:00+05:30,108.0,110.4,105.03,107.38,201941
2025-06-09 00:00:00+05:30,107.9,110.17,107.5,107.79,138363
2025-06-10 00:00:00+05:30,108.02,110.21,106.0,108.11,175699
2025-06-11 00:00:00+05:30,108.03,111.5,107.74,108.83,194029
2025-06-12 00:00:00+05:30,109.05,109.5,105.22,106.24,84303
2025-06-13 00:00:00+05:30,105.0,107.0,102.41,104.77,102340
2025-06-16 00:00:00+05:30,105.1,105.62,102.05,103.79,78153
2025-06-17 00:00:00+05:30,103.85,105.54,102.0,102.56,83160
2025-06-18 00:00:00+05:30,102.0,103.22,100.2,101.25,95931
2025-06-19 00:00:00+05:30,101.9,102.29,98.1,98.69,99797
2025-06-20 00:00:00+05:30,98.68,101.0,97.51,99.11,76420
2025-06-23 00:00:00+05:30,98.25,99.75,97.71,99.3,57667
2025-06-24 00:00:00+05:30,100.98,102.35,99.82,100.18,87405
2025-06-25 00:00:00+05:30,100.7,103.79,100.7,103.17,85036
2025-06-26 00:00:00+05:30,102.5,104.4,101.5,102.34,78869
2025-06-27 00:00:00+05:30,102.55,104.5,101.45,102.73,119155
2025-06-30 00:00:00+05:30,103.0,103.35,102.0,102.41,31507
2025-07-01 00:00:00+05:30,101.51,103.95,101.29,101.8,47332
2025-07-02 00:00:00+05:30,101.8,102.4,100.16,100.9,56579
2025-07-03 00:00:00+05:30,100.12,101.31,100.05,100.72,37212
2025-07-04 00:00:00+05:30,100.66,102.0,99.61,100.45,60322
2025-07-07 00:00:00+05:30,100.5,104.68,100.12,101.04,142702
2025-07-08 00:00:00+05:30,101.06,103.9,99.7,101.84,77797
2025-07-09 00:00:00+05:30,100.9,102.34,100.36,101.56,39095
2025-07-10 00:00:00+05:30,100.8,102.2,100.44,100.94,21333
2025-07-11 00:00:00+05:30,101.0,102.2,100.0,101.01,41558
2025-07-14 00:00:00+05:30,101.5,101.5,99.75,100.1,67359
2025-07-15 00:00:00+05:30,100.1,101.78,99.9,100.17,59496
2025-07-16 00:00:00+05:30,100.05,100.9,99.8,100.01,65189
2025-07-17 00:00:00+05:30,100.5,100.8,98.8,99.19,63852
2025-07-18 00:00:00+05:30,99.45,99.45,95.22,97.21,152695
2025-07-21 00:00:00+05:30,97.75,98.3,96.35,97.66,47919
2025-07-22 00:00:00+05:30,98.0,98.48,95.5,95.96,59582
2025-07-23 00:00:00+05:30,97.0,97.49,95.5,96.96,30590
2025-07-24 00:00:00+05:30,97.49,98.0,96.2,97.35,22355
2025-07-25 00:00:00+05:30,97.0,98.6,96.25,96.78,37611
2025-07-28 00:00:00+05:30,97.0,98.3,96.0,96.67,49822
2025-07-29 00:00:00+05:30,96.01,97.0,95.43,96.33,32258
2025-07-30 00:00:00+05:30,96.8,97.24,94.56,96.35,46775
2025-07-31 00:00:00+05:30,96.0,96.47,95.0,95.85,31657
2025-08-01 00:00:00+05:30,94.05,97.16,91.31,92.02,153208
2025-08-04 00:00:00+05:30,91.91,91.91,89.3,90.04,90296
2025-08-05 00:00:00+05:30,90.0,90.59,88.85,89.25,35504
2025-08-06 00:00:00+05:30,89.25,89.62,88.0,88.44,31141
2025-08-07 00:00:00+05:30,88.0,88.73,85.5,86.84,61275
2025-08-08 00:00:00+05:30,87.22,89.2,87.02,87.95,49051
2025-08-11 00:00:00+05:30,88.38,88.6,85.74,88.14,35701
2025-08-12 00:00:00+05:30,88.74,90.15,88.0,89.46,24383
2025-08-13 00:00:00+05:30,89.5,90.14,88.08,89.66,36732
2025-08-14 00:00:00+05:30,90.0,90.0,88.11,88.94,20694
2025-08-18 00:00:00+05:30,89.03,90.0,87.55,88.15,21662
2025-08-19 00:00:00+05:30,88.15,91.0,88.15,90.31,20068
2025-08-20 00:00:00+05:30,90.31,92.75,89.75,91.55,73145
2025-08-21 00:00:00+05:30,92.99,92.99,90.4,91.11,27107
2025-08-22 00:00:00+05:30,92.87,92.87,89.0,89.25,28295
2025-08-25 00:00:00+05:30,89.25,90.48,88.23,88.9,24821
2025-08-26 00:00:00+05:30,89.04,89.89,88.0,88.51,14470
2025-08-28 00:00:00+05:30,88.51,88.51,86.55,88.07,14608
2025-08-29 00:00:00+05:30,88.92,89.5,87.41,87.65,13572
2025-09-01 00:00:00+05:30,89.49,89.49,87.11,87.94,20669
2025-09-02 00:00:00+05:30,89.89,95.65,89.89,92.3,369287
2025-09-03 00:00:00+05:30,92.1,95.0,92.1,93.91,103789
2025-09-04 00:00:00+05:30,95.9,95.9,93.0,93.19,47955
2025-09-05 00:00:00+05:30,93.01,94.75,92.69,93.01,16880
2025-09-08 00:00:00+05:30,93.15,93.55,90.1,90.65,26123
2025-09-09 00:00:00+05:30,91.15,98.0,90.49,94.41,255810
2025-09-10 00:00:00+05:30,94.4,95.49,91.2,92.29,53564
2025-09-11 00:00:00+05:30,91.64,94.98,91.41,93.44,48633
2025-09-12 00:00:00+05:30,94.15,94.9,92.16,92.51,25725
2025-09-15 00:00:00+05:30,92.69,94.35,92.3,92.46,46212
2025-09-16 00:00:00+05:30,94.27,94.27,92.55,93.01,22268
2025-09-17 00:00:00+05:30,93.0,93.75,92.0,92.71,23721
2025-09-18 00:00:00+05:30,93.83,94.8,92.19,92.64,43380
2025-09-19 00:00:00+05:30,92.5,93.05,91.16,91.78,29863
2025-09-22 00:00:00+05:30,91.7,93.24,91.1,91.48,15520
2025-09-23 00:00:00+05:30,91.0,92.43,91.0,91.93,14143
2025-09-24 00:00:00+05:30,91.93,93.0,91.05,91.37,50355
2025-09-25 00:00:00+05:30,91.6,91.94,90.01,90.16,28127
2025-09-26 00:00:00+05:30,91.48,91.48,87.0,88.03,49366
2025-09-29 00:00:00+05:30,90.0,90.0,88.14,88.5,16732
2025-09-30 00:00:00+05:30,89.59,89.59,87.25,88.0,25313
2025-10-01 00:00:00+05:30,88.0,90.0,87.19,89.36,31872
2025-10-03 00:00:00+05:30,88.0,90.39,88.0,89.49,14941
2025-10-06 00:00:00+05:30,90.0,90.46,88.8,89.23,15572
2025-10-07 00:00:00+05:30,88.89,90.9,88.5,90.11,38257
2025-10-08 00:00:00+05:30,90.9,91.69,89.6,90.44,59944
2025-10-09 00:00:00+05:30,90.44,91.1,89.0,90.25,30603
2025-10-10 00:00:00+05:30,90.45,90.8,89.59,90.22,29802
2025-10-13 00:00:00+05:30,88.8,90.99,88.8,89.09,41114
2025-10-14 00:00:00+05:30,89.1,89.91,83.3,85.04,155551
2025-10-15 00:00:00+05:30,85.05,87.89,85.05,87.01,22562
2025-10-16 00:00:00+05:30,87.4,88.0,86.3,87.08,32934
2025-10-17 00:00:00+05:30,87.05,88.0,85.1,85.72,38111
2025-10-20 00:00:00+05:30,87.7,87.7,85.74,86.32,29869
2025-10-21 00:00:00+05:30,88.0,88.0,86.8,87.64,17014
2025-10-23 00:00:00+05:30,87.64,88.7,87.0,87.28,49729
2025-10-24 00:00:00+05:30,87.74,87.74,86.1,86.89,40056
2025-10-27 00:00:00+05:30,87.9,87.9,86.05,86.71,19608
2025-10-28 00:00:00+05:30,87.5,87.5,86.78,87.27,50979
2025-10-29 00:00:00+05:30,87.7,88.5,86.98,88.48,40986
2025-10-30 00:00:00+05:30,88.55,88.55,87.55,87.82,18909
2025-10-31 00:00:00+05:30,88.4,88.4,87.3,87.39,11089
2025-11-03 00:00:00+05:30,87.0,87.99,87.0,87.15,18357
2025-11-04 00:00:00+05:30,86.35,87.94,86.35,87.25,12055
2025-11-06 00:00:00+05:30,86.65,87.86,85.51,86.18,20518
2025-11-07 00:00:00+05:30,85.8,86.89,85.0,85.5,28763
2025-11-10 00:00:00+05:30,85.0,86.4,84.99,85.1,77581
2025-11-11 00:00:00+05:30,85.1,85.23,84.0,84.64,15692
2025-11-12 00:00:00+05:30,84.64,85.19,84.1,84.44,22513
2025-11-13 00:00:00+05:30,84.7,85.26,82.5,83.0,39439
2025-11-14 00:00:00+05:30,83.05,84.74,82.6,84.45,22482
2025-11-17 00:00:00+05:30,84.81,84.89,83.8,84.15,15289
2025-11-18 00:00:00+05:30,84.7,84.7,83.31,83.45,12150
2025-11-19 00:00:00+05:30,83.73,84.45,83.69,84.3,16459
2025-11-20 00:00:00+05:30,84.4,85.0,83.85,84.23,24517
2025-11-21 00:00:00+05:30,84.0,84.79,83.16,83.8,13901
2025-11-24 00:00:00+05:30,84.3,84.3,82.75,82.75,17808
2025-11-25 00:00:00+05:30,82.1,83.5,82.1,82.25,13426
2025-11-26 00:00:00+05:30,82.44,83.49,82.44,82.75,18444
2025-11-27 00:00:00+05:30,82.8,84.0,82.21,82.64,16804
2025-11-28 00:00:00+05:30,82.25,83.98,82.25,83.98,12136
2025-12-01 00:00:00+05:30,85.0,85.0,83.5,83.51,6557
2025-12-02 00:00:00+05:30,84.79,84.79,82.14,82.5,78625
2025-12-03 00:00:00+05:30,83.8,83.8,82.0,82.17,11886
2025-12-04 00:00:00+05:30,83.0,83.01,82.01,82.01,11312
2025-12-05 00:00:00+05:30,83.29,83.29,80.76,81.09,20736
2025-12-08 00:00:00+05:30,81.3,81.3,78.32,78.74,35043
2025-12-09 00:00:00+05:30,78.74,81.0,78.74,80.95,24855
2025-12-10 00:00:00+05:30,79.0,86.49,79.0,85.58,129761
2025-12-11 00:00:00+05:30,84.0,85.49,82.83,83.84,55725
2025-12-12 00:00:00+05:30,85.35,85.35,83.5,83.98,26152
2025-12-15 00:00:00+05:30,85.73,85.73,82.8,84.27,13043
2025-12-16 00:00:00+05:30,83.08,85.0,83.06,83.85,21837
2025-12-17 00:00:00+05:30,84.8,84.8,82.1,82.65,24589
2025-12-18 00:00:00+05:30,82.1,83.83,81.6,82.44,22238
2025-12-19 00:00:00+05:30,83.88,85.25,81.0,84.8,82051
2025-12-22 00:00:00+05:30,85.03,85.03,83.02,83.98,36653
2025-12-23 00:00:00+05:30,85.0,85.94,83.31,84.31,39331
2025-12-24 00:00:00+05:30,85.99,85.99,83.0,83.6,33025
2025-12-26 00:00:00+05:30,84.8,90.55,84.03,89.73,227638
2025-12-29 00:00:00+05:30,88.11,90.99,87.9,89.39,68436
2025-12-30 00:00:00+05:30,89.5,89.9,88.0,89.61,27312
2025-12-31 00:00:00+05:30,88.7,92.25,88.06,90.14,63700
2026-01-01 00:00:00+05:30,90.59,90.59,87.02,87.78,61786
2026-01-02 00:00:00+05:30,88.0,88.5,87.2,87.44,37456
2026-01-05 00:00:00+05:30,87.02,87.77,86.3,86.7,36290
2026-01-06 00:00:00+05:30,88.49,88.49,85.05,86.5,25144
2026-01-07 00:00:00+05:30,87.48,88.79,85.61,88.03,44096
2026-01-08 00:00:00+05:30,89.49,89.49,84.1,84.45,45684
2026-01-09 00:00:00+05:30,84.45,85.8,83.62,85.0,33195
2026-01-12 00:00:00+05:30,84.9,84.9,81.2,83.35,34465
2026-01-13 00:00:00+05:30,81.8,85.0,81.8,82.4,54258
2026-01-14 00:00:00+05:30,81.9,84.79,81.71,83.6,88792
2026-01-16 00:00:00+05:30,83.6,84.04,82.01,82.48,22204
2026-01-19 00:00:00+05:30,82.0,83.98,81.0,81.9,21543
2026-01-20 00:00:00+05:30,82.24,83.1,80.0,80.11,29444
2026-01-21 00:00:00+05:30,80.0,81.97,79.5,80.08,62892
2026-01-22 00:00:00+05:30,80.25,82.2,80.25,80.84,18143
2026-01-23 00:00:00+05:30,80.5,81.8,77.66,78.45,48227
2026-01-27 00:00:00+05:30,79.6,79.87,78.0,78.36,29144
2026-01-28 00:00:00+05:30,80.0,81.05,79.1,80.05,37123
2026-01-29 00:00:00+05:30,80.5,80.59,78.71,79.34,37422
2026-01-30 00:00:00+05:30,79.05,83.0,79.01,82.12,143396
2026-02-01 00:00:00+05:30,83.4,83.4,78.71,78.9,43433
2026-02-02 00:00:00+05:30,80.61,80.61,78.49,79.38,25254
2026-02-03 00:00:00+05:30,82.4,83.4,76.1,78.49,134710
2026-02-04 00:00:00+05:30,78.85,80.5,77.7,79.77,44118
2026-02-05 00:00:00+05:30,79.77,80.79,79.02,79.4,24705
2026-02-06 00:00:00+05:30,80.2,80.2,78.55,78.89,20026
2026-02-09 00:00:00+05:30,79.99,80.8,79.29,80.6,52563
2026-02-10 00:00:00+05:30,81.5,81.5,79.74,81.16,49219
2026-02-11 00:00:00+05:30,82.5,82.5,80.55,81.65,25871
2026-02-12 00:00:00+05:30,81.55,82.0,80.41,81.23,25338
2026-02-13 00:00:00+05:30,81.0,81.0,79.23,79.57,39088
2026-02-16 00:00:00+05:30,79.57,79.76,78.62,78.95,33432
2026-02-17 00:00:00+05:30,80.0,80.0,78.01,78.54,25960
2026-02-18 00:00:00+05:30,78.1,79.89,78.05,78.16,28807
2026-02-19 00:00:00+05:30,78.0,79.34,76.1,77.45,16823
2026-02-20 00:00:00+05:30,77.0,78.5,76.26,78.07,25159
2026-02-23 00:00:00+05:30,78.0,79.0,77.5,77.72,25898
2026-02-24 00:00:00+05:30,77.72,78.75,77.5,77.99,17090
2026-02-25 00:00:00+05:30,78.75,78.75,76.23,76.81,17578
2026-02-26 00:00:00+05:30,76.55,78.53,76.55,78.4,35157
2026-02-27 00:00:00+05:30,78.39,82.0,78.01,81.7,107677
2026-03-02 00:00:00+05:30,78.72,80.69,78.0,78.46,44059
2026-03-04 00:00:00+05:30,78.01,85.5,77.2,82.47,201753
2026-03-05 00:00:00+05:30,81.55,83.0,80.1,80.65,58166
2026-03-06 00:00:00+05:30,80.3,81.95,77.49,78.43,52249
2026-03-09 00:00:00+05:30,78.1,81.73,76.8,77.62,134537
2026-03-10 00:00:00+05:30,77.5,80.6,77.5,79.47,39021
2026-03-11 00:00:00+05:30,80.2,81.75,79.73,80.82,59136
2026-03-12 00:00:00+05:30,80.82,80.82,79.31,79.98,34902
2026-03-13 00:00:00+05:30,80.1,80.79,76.7,77.28,46790
2026-03-16 00:00:00+05:30,77.49,78.61,75.08,76.08,59719
2026-03-17 00:00:00+05:30,76.58,78.08,76.21,77.13,28856
2026-03-18 00:00:00+05:30,78.4,78.89,77.64,78.27,23790
2026-03-19 00:00:00+05:30,78.99,79.85,77.62,78.39,75660
2026-03-20 00:00:00+05:30,79.9,84.44,79.32,82.6,184347
2026-03-23 00:00:00+05:30,80.75,84.0,80.15,81.78,78665
2026-03-24 00:00:00+05:30,81.95,82.75,77.82,80.01,95078
2026-03-25 00:00:00+05:30,80.05,82.6,79.82,80.46,101545
2026-03-27 00:00:00+05:30,81.0,91.01,80.74,86.87,570842
2026-03-30 00:00:00+05:30,86.8,97.6,86.0,94.52,690427
2026-04-01 00:00:00+05:30,94.25,97.99,91.18,91.69,271800
2026-04-02 00:00:00+05:30,91.0,94.89,88.56,92.85,181206
2026-04-06 00:00:00+05:30,93.0,101.0,93.0,99.82,584863
2026-04-07 00:00:00+05:30,101.0,105.3,99.82,101.58,281955
2026-04-08 00:00:00+05:30,103.5,103.5,95.2,96.05,293353
2026-04-09 00:00:00+05:30,97.49,97.49,94.0,94.97,106979
2026-04-10 00:00:00+05:30,96.8,101.8,95.31,98.2,284109
2026-04-13 00:00:00+05:30,96.0,98.99,95.41,97.25,117521
2026-04-15 00:00:00+05:30,99.0,99.4,97.26,98.18,77996
2026-04-16 00:00:00+05:30,99.31,102.25,97.97,101.51,137188
2026-04-17 00:00:00+05:30,101.51,105.0,100.31,104.6,214817
2026-04-20 00:00:00+05:30,104.0,106.75,102.41,104.52,229941
2026-04-21 00:00:00+05:30,104.52,107.0,102.11,102.45,134297
2026-04-22 00:00:00+05:30,102.5,106.9,102.5,105.56,182085
2026-04-23 00:00:00+05:30,106.0,110.0,105.56,106.23,429843
2026-04-24 00:00:00+05:30,107.35,107.35,102.8,103.78,123456
2026-04-27 00:00:00+05:30,102.25,106.82,102.25,104.88,154536
2026-04-28 00:00:00+05:30,104.22,105.78,101.05,101.74,126709
2026-04-29 00:00:00+05:30,102.85,107.05,102.85,103.85,138206
2026-04-30 00:00:00+05:30,103.85,116.79,103.4,113.03,1716386
2026-05-04 00:00:00+05:30,113.1,116.0,111.0,112.44,326205
2026-05-05 00:00:00+05:30,112.0,121.0,111.8,119.3,683872
2026-05-06 00:00:00+05:30,120.5,123.75,117.3,118.81,408821
2026-05-07 00:00:00+05:30,118.34,118.34,113.6,114.45,274270
2026-05-08 00:00:00+05:30,109.15,115.0,109.15,111.41,62298
2026-05-11 00:00:00+05:30,112.0,116.8,105.84,112.54,100264
2026-05-12 00:00:00+05:30,112.0,113.1,106.92,107.54,69899
2026-05-13 00:00:00+05:30,106.02,110.8,106.02,107.9,47319
2026-05-14 00:00:00+05:30,107.9,107.9,102.51,103.88,99972
2026-05-15 00:00:00+05:30,103.0,108.9,99.15,107.5,69040
2026-05-18 00:00:00+05:30,105.65,105.65,102.13,102.67,47657
2026-05-19 00:00:00+05:30,102.9,103.95,100.55,102.29,48775
2026-05-20 00:00:00+05:30,102.0,104.0,100.7,103.0,30732
2026-05-21 00:00:00+05:30,103.0,105.9,101.0,101.5,33881
2026-05-22 00:00:00+05:30,103.49,104.0,101.0,102.22,32030
2026-05-25 00:00:00+05:30,102.1,103.7,98.95,100.5,80034
2026-05-26 00:00:00+05:30,99.88,99.95,98.0,98.5,36649
2026-05-27 00:00:00+05:30,99.9,103.4,98.5,100.51,30481
2026-05-29 00:00:00+05:30,101.5,103.75,96.5,97.47,78842
2026-06-01 00:00:00+05:30,97.47,99.74,97.0,98.83,26239
2026-06-02 00:00:00+05:30,96.35,98.25,95.55,97.76,32162
2026-06-03 00:00:00+05:30,97.28,97.99,95.55,96.45,22208
2026-06-04 00:00:00+05:30,96.0,98.96,96.0,97.45,19223
2026-06-05 00:00:00+05:30,102.0,102.32,97.6,101.75,86985
2026-06-08 00:00:00+05:30,102.4,106.83,102.4,106.45,79813
2026-06-09 00:00:00+05:30,108.0,108.0,101.13,103.35,63172
2026-06-10 00:00:00+05:30,104.5,104.5,101.0,101.97,26658
2026-06-11 00:00:00+05:30,104.0,104.8,100.5,101.1,45240
2026-06-12 00:00:00+05:30,103.9,104.78,101.05,104.23,63896
2026-06-15 00:00:00+05:30,106.1,109.35,104.7,108.85,99471
2026-06-16 00:00:00+05:30,110.0,110.0,107.0,109.22,46511
2026-06-17 00:00:00+05:30,110.0,110.0,107.0,108.44,41721
2026-06-18 00:00:00+05:30,109.89,109.89,105.89,108.46,56839
2026-06-19 00:00:00+05:30,109.5,110.25,107.0,109.41,50196
2026-06-22 00:00:00+05:30,110.0,114.88,109.0,114.6,176443
2026-06-23 00:00:00+05:30,112.4,114.88,112.4,114.12,139486
2026-06-24 00:00:00+05:30,114.3,114.99,113.0,113.74,130493
2026-06-25 00:00:00+05:30,110.7,110.7,105.0,105.59,66254
2026-06-29 00:00:00+05:30,107.4,107.4,100.32,101.29,66761
2026-06-30 00:00:00+05:30,101.95,101.95,97.2,99.26,45600
2026-07-01 00:00:00+05:30,99.25,103.0,97.6,102.0,80918
2026-07-02 00:00:00+05:30,100.7,102.98,99.0,100.56,35523
2026-07-03 00:00:00+05:30,102.6,105.58,102.51,105.58,85786
2026-07-06 00:00:00+05:30,110.85,110.85,108.5,110.85,129772
2026-07-07 00:00:00+05:30,112.0,113.89,105.99,110.62,166739
2026-07-08 00:00:00+05:30,108.02,110.5,107.0,108.43,50071
2026-07-09 00:00:00+05:30,108.43,112.5,106.0,111.94,97120
2026-07-10 00:00:00+05:30,111.99,114.0,111.25,112.0,61198
2026-07-13 00:00:00+05:30,110.0,114.5,110.0,112.15,124340
2026-07-14 00:00:00+05:30,114.4,115.5,112.15,114.59,89681
2026-07-15 00:00:00+05:30,114.59,115.1,112.5,113.8,32891
2026-07-16 00:00:00+05:30,113.4,114.9,112.2,113.21,29100
2026-07-17 00:00:00+05:30,112.7,115.5,112.3,113.27,46110
2026-07-20 00:00:00+05:30,113.0,114.9,108.0,112.05,77190
2026-07-21 00:00:00+05:30,111.72,117.65,111.1,116.98,169685
2026-07-22 00:00:00+05:30,116.22,117.08,113.01,114.08,63230
2026-07-23 00:00:00+05:30,112.2,114.75,111.15,112.6,26220
2026-07-24 00:00:00+05:30,112.6,112.6,108.0,110.11,28842
2026-07-27 00:00:00+05:30,110.2,112.5,108.0,109.44,42294
2026-07-28 00:00:00+05:30,109.44,110.48,107.5,108.15,30443
2026-07-29 00:00:00+05:30,107.52,109.54,107.0,108.02,67913
2026-07-30 00:00:00+05:30,108.0,108.0,104.0,105.11,30446
2026-07-31 00:00:00+05:30,105.11,107.24,104.0,104.63,14786
2026-08-03 00:00:00+05:30,107.0,109.86,107.0,109.86,50173
2026-08-04 00:00:00+05:30,115.35,115.35,115.35,115.35,13949
2026-08-05 00:00:00+05:30,121.11,121.11,117.01,117.66,272149
2026-08-06 00:00:00+05:30,111.78,116.0,111.78,113.2,135534
2026-08-07 00:00:00+05:30,111.0,116.95,110.0,115.83,69077
2026-08-10 00:00:00+05:30,115.0,123.14,113.2,114.36,679883
2026-08-11 00:00:00+05:30,112.5,117.98,109.74,115.17,394584
2026-08-12 00:00:00+05:30,115.17,116.0,111.1,111.99,265742
2026-08-13 00:00:00+05:30,111.99,122.2,111.99,116.36,460435
2026-08-14 00:00:00+05:30,115.18,122.7,114.8,116.04,319639
2026-08-17 00:00:00+05:30,116.97,125.88,116.49,124.06,854475
2026-08-18 00:00:00+05:30,126.0,130.5,124.15,125.74,813767
2026-08-19 00:00:00+05:30,125.76,133.26,125.02,128.72,980313
2026-08-20 00:00:00+05:30,130.99,143.15,129.3,140.1,1919177
2026-08-21 00:00:00+05:30,139.9,158.9,135.25,152.54,1991817
2026-08-24 00:00:00+05:30,155.0,164.0,146.0,150.81,1676675
2026-08-25 00:00:00+05:30,149.0,150.0,140.0,143.68,838255
2026-08-26 00:00:00+05:30,144.0,148.89,139.71,141.12,404151
2026-08-27 00:00:00+05:30,140.33,145.0,139.1,141.67,260812
2026-08-28 00:00:00+05:30,144.0,151.28,141.1,147.94,494282
2026-08-31 00:00:00+05:30,149.16,157.8,146.09,149.1,715571
2026-09-01 00:00:00+05:30,149.12,149.98,141.0,142.31,239287
2026-09-02 00:00:00+05:30,142.31,154.47,142.31,147.87,734892
2026-09-03 00:00:00+05:30,149.0,154.7,145.14,146.27,552646
2026-09-04 00:00:00+05:30,146.0,146.98,143.2,145.43,186868
2026-09-07 00:00:00+05:30,147.0,150.99,143.3,145.11,304058
2026-09-08 00:00:00+05:30,143.23,146.11,142.11,142.51,122119
2026-09-09 00:00:00+05:30,141.58,142.11,138.48,139.79,179141
2026-09-10 00:00:00+05:30,140.0,142.09,135.13,135.7,199436
2026-09-11 00:00:00+05:30,135.0,138.19,132.4,134.63,308048
2026-09-15 00:00:00+05:30,135.62,136.08,127.0,129.0,195212
2026-09-16 00:00:00+05:30,128.69,128.69,122.81,125.16,292895
2026-09-17 00:00:00+05:30,126.0,128.0,123.63,125.54,80447
2026-09-18 00:00:00+05:30,126.91,130.44,123.5,128.21,108075
2026-09-21 00:00:00+05:30,126.9,128.2,123.53,125.45,110224
2026-09-22 00:00:00+05:30,126.35,134.0,124.57,131.43,303537
2026-09-23 00:00:00+05:30,132.53,137.66,131.33,133.07,134159
2026-09-24 00:00:00+05:30,133.07,135.38,130.0,130.7,138444
2026-09-25 00:00:00+05:30,130.0,153.51,130.0,149.64,2561542
