Date,Open,High,Low,Close,Volume
2001-12-27 00:00:00+05:30,4.02,4.25,4.0,4.25,3249
2001-12-28 00:00:00+05:30,4.0,4.25,4.0,4.25,15124
2001-12-31 00:00:00+05:30,4.11,4.11,4.11,4.11,499
2002-01-01 00:00:00+05:30,4.2,4.58,4.2,4.53,6999
2002-01-02 00:00:00+05:30,4.2,4.2,4.2,4.2,999
2002-01-03 00:00:00+05:30,4.25,4.52,4.2,4.52,53499
2002-01-04 00:00:00+05:30,4.53,4.53,4.26,4.26,3504
2002-01-07 00:00:00+05:30,4.2,4.58,4.1,4.31,51099
2002-01-08 00:00:00+05:30,4.3,4.4,4.22,4.4,50549
2002-01-09 00:00:00+05:30,4.4,4.4,4.4,4.4,50499
2002-01-10 00:00:00+05:30,4.5,4.5,4.5,4.5,5249
2002-01-11 00:00:00+05:30,4.4,4.42,4.4,4.42,13899
2002-01-14 00:00:00+05:30,4.4,4.4,4.02,4.1,51749
2002-01-16 00:00:00+05:30,4.2,4.2,4.2,4.2,249
2002-01-17 00:00:00+05:30,4.32,4.32,4.32,4.32,999
2002-01-18 00:00:00+05:30,4.4,4.4,4.4,4.4,749
2002-01-21 00:00:00+05:30,4.3,4.46,4.3,4.46,5124
2002-01-22 00:00:00+05:30,4.41,4.55,4.4,4.5,34624
2002-01-23 00:00:00+05:30,4.52,4.52,4.52,4.52,4324
2002-01-24 00:00:00+05:30,4.4,4.95,4.4,4.58,5764
2002-01-25 00:00:00+05:30,4.64,4.66,4.56,4.58,31124
2002-01-28 00:00:00+05:30,4.5,4.56,4.5,4.56,1499
2002-01-29 00:00:00+05:30,4.51,4.64,4.3,4.3,10979
2002-01-30 00:00:00+05:30,4.0,4.27,4.0,4.2,7529
2002-01-31 00:00:00+05:30,4.84,4.84,4.1,4.3,15014
2002-02-04 00:00:00+05:30,4.55,4.56,4.21,4.29,7504
2002-02-05 00:00:00+05:30,4.12,4.2,4.1,4.2,24049
2002-02-06 00:00:00+05:30,4.1,4.1,4.1,4.1,1254
2002-02-07 00:00:00+05:30,4.28,4.3,4.2,4.2,12004
2002-02-08 00:00:00+05:30,4.2,4.2,4.2,4.2,2999
2002-02-11 00:00:00+05:30,4.39,4.4,4.3,4.4,19934
2002-02-12 00:00:00+05:30,4.21,4.48,4.2,4.43,14374
2002-02-13 00:00:00+05:30,4.23,4.23,4.2,4.2,2244
2002-02-14 00:00:00+05:30,4.32,4.32,4.21,4.24,1999
2002-02-15 00:00:00+05:30,4.27,4.8,4.27,4.72,7374
2002-02-18 00:00:00+05:30,4.65,4.65,4.65,4.65,4999
2002-02-19 00:00:00+05:30,4.67,4.68,4.4,4.41,5999
2002-02-20 00:00:00+05:30,4.55,4.55,4.4,4.4,1099
2002-02-21 00:00:00+05:30,4.69,4.8,4.69,4.8,1499
2002-02-22 00:00:00+05:30,4.5,4.5,4.5,4.5,5199
2002-02-25 00:00:00+05:30,4.4,4.7,4.4,4.7,5499
2002-02-26 00:00:00+05:30,4.5,4.7,4.5,4.58,8374
2002-02-27 00:00:00+05:30,4.52,4.52,4.5,4.5,12499
2002-02-28 00:00:00+05:30,4.4,4.4,4.3,4.3,7499
2002-03-01 00:00:00+05:30,4.63,4.63,4.63,4.63,9
2002-03-04 00:00:00+05:30,4.4,4.41,4.4,4.41,1764
2002-03-05 00:00:00+05:30,4.58,4.58,4.41,4.45,5254
2002-03-06 00:00:00+05:30,4.41,4.5,4.3,4.5,3499
2002-03-07 00:00:00+05:30,4.4,4.4,4.3,4.3,2999
2002-03-08 00:00:00+05:30,4.3,4.5,4.3,4.5,2459
2002-03-11 00:00:00+05:30,4.2,4.28,4.2,4.21,7224
2002-03-12 00:00:00+05:30,4.3,4.32,4.2,4.32,3724
2002-03-13 00:00:00+05:30,4.25,4.3,4.2,4.22,2499
2002-03-14 00:00:00+05:30,4.2,4.3,4.2,4.3,2144
2002-03-18 00:00:00+05:30,4.4,4.4,4.4,4.4,2499
2002-03-19 00:00:00+05:30,4.25,4.35,4.21,4.35,10794
2002-03-20 00:00:00+05:30,4.38,4.4,4.1,4.12,75704
2002-03-21 00:00:00+05:30,4.1,4.25,4.1,4.25,1249
2002-03-22 00:00:00+05:30,4.21,4.26,4.2,4.26,10119
2002-03-26 00:00:00+05:30,4.2,4.3,4.2,4.29,3049
2002-03-27 00:00:00+05:30,4.21,4.22,4.16,4.16,14499
2002-03-28 00:00:00+05:30,4.14,4.36,4.1,4.19,20004
2002-04-01 00:00:00+05:30,4.16,4.16,3.65,4.05,43099
2002-04-02 00:00:00+05:30,3.8,3.81,3.8,3.81,3499
2002-04-03 00:00:00+05:30,3.82,3.83,3.82,3.83,1524
2002-04-04 00:00:00+05:30,3.91,3.91,3.8,3.8,18959
2002-04-05 00:00:00+05:30,4.0,4.05,3.91,4.02,20124
2002-04-08 00:00:00+05:30,4.08,4.1,4.01,4.02,12634
2002-04-09 00:00:00+05:30,4.0,4.0,4.0,4.0,1499
2002-04-10 00:00:00+05:30,4.09,4.16,4.01,4.01,2244
2002-04-11 00:00:00+05:30,4.22,4.38,4.19,4.37,63969
2002-04-12 00:00:00+05:30,4.24,4.5,4.23,4.4,18114
2002-04-15 00:00:00+05:30,4.64,4.64,4.42,4.63,3964
2002-04-16 00:00:00+05:30,4.6,4.6,4.36,4.48,2509
2002-04-17 00:00:00+05:30,4.42,4.44,4.23,4.4,9749
2002-04-18 00:00:00+05:30,4.3,4.35,4.0,4.25,60249
2002-04-19 00:00:00+05:30,4.4,4.42,4.36,4.36,17499
2002-04-22 00:00:00+05:30,4.3,4.39,4.16,4.22,534
2002-04-23 00:00:00+05:30,4.34,4.34,4.34,4.34,7499
2002-04-24 00:00:00+05:30,4.2,4.32,4.0,4.29,28759
2002-04-25 00:00:00+05:30,4.3,4.36,4.2,4.2,22149
2002-04-26 00:00:00+05:30,4.16,4.42,4.16,4.42,8849
2002-04-29 00:00:00+05:30,4.2,4.38,4.2,4.23,6249
2002-04-30 00:00:00+05:30,4.22,4.31,4.2,4.3,1999
2002-05-06 00:00:00+05:30,4.48,4.59,4.4,4.59,5999
2002-05-07 00:00:00+05:30,4.59,4.85,4.59,4.74,9294
2002-05-08 00:00:00+05:30,4.86,5.07,4.86,5.04,13999
2002-05-09 00:00:00+05:30,5.43,5.43,4.8,5.13,5464
2002-05-10 00:00:00+05:30,4.98,4.98,4.71,4.97,9749
2002-05-13 00:00:00+05:30,5.16,5.39,5.0,5.21,6629
2002-05-14 00:00:00+05:30,5.19,5.57,5.15,5.33,20569
2002-05-15 00:00:00+05:30,5.6,5.87,5.5,5.52,48439
2002-05-16 00:00:00+05:30,5.3,5.57,5.27,5.29,16004
2002-05-17 00:00:00+05:30,5.36,5.66,5.2,5.5,20289
2002-05-20 00:00:00+05:30,5.1,5.5,5.01,5.08,14134
2002-05-21 00:00:00+05:30,4.73,5.0,4.73,4.78,7499
2002-05-22 00:00:00+05:30,4.74,5.23,4.74,4.77,7099
2002-05-23 00:00:00+05:30,5.15,5.2,4.8,4.99,13864
2002-05-24 00:00:00+05:30,5.18,5.18,4.9,5.1,3259
2002-05-27 00:00:00+05:30,5.3,5.3,4.8,4.87,7999
2002-05-28 00:00:00+05:30,5.2,5.2,4.55,4.76,15764
2002-05-29 00:00:00+05:30,4.75,4.98,4.75,4.96,2049
2002-05-30 00:00:00+05:30,4.9,4.91,4.9,4.9,1249
2002-05-31 00:00:00+05:30,5.06,5.07,4.8,5.03,5014
2002-06-03 00:00:00+05:30,4.77,4.9,4.76,4.77,14499
2002-06-04 00:00:00+05:30,4.79,4.8,4.68,4.68,3749
2002-06-05 00:00:00+05:30,4.52,4.94,4.52,4.9,28524
2002-06-06 00:00:00+05:30,4.9,4.9,4.62,4.65,38204
2002-06-07 00:00:00+05:30,4.79,4.8,4.79,4.8,499
2002-06-10 00:00:00+05:30,4.48,5.0,4.48,5.0,2269
2002-06-11 00:00:00+05:30,5.6,5.6,4.84,5.0,1019
2002-06-12 00:00:00+05:30,4.9,5.1,4.9,4.99,4009
2002-06-13 00:00:00+05:30,5.0,5.0,4.9,4.9,1249
2002-06-14 00:00:00+05:30,4.84,5.1,4.84,5.1,2699
2002-06-17 00:00:00+05:30,5.25,6.12,5.25,6.03,62424
2002-06-18 00:00:00+05:30,6.02,6.3,5.6,6.05,56629
2002-06-19 00:00:00+05:30,5.88,5.9,5.6,5.6,12949
2002-06-20 00:00:00+05:30,5.79,5.93,5.75,5.85,6934
2002-06-21 00:00:00+05:30,5.95,7.02,5.95,7.0,101474
2002-06-24 00:00:00+05:30,6.2,7.37,6.2,7.25,124599
2002-06-25 00:00:00+05:30,7.36,7.36,6.48,6.5,53889
2002-06-26 00:00:00+05:30,6.4,6.71,6.4,6.56,5849
2002-06-27 00:00:00+05:30,6.4,6.6,6.4,6.52,11029
2002-06-28 00:00:00+05:30,6.41,6.88,6.41,6.57,5274
2002-07-01 00:00:00+05:30,6.8,7.4,6.78,6.84,9064
2002-07-02 00:00:00+05:30,8.2,8.2,6.6,6.74,15539
2002-07-03 00:00:00+05:30,7.1,7.27,7.0,7.03,34289
2002-07-04 00:00:00+05:30,6.9,6.95,6.6,6.8,14999
2002-07-05 00:00:00+05:30,6.8,7.46,6.56,7.09,71409
2002-07-08 00:00:00+05:30,7.3,7.4,7.0,7.14,18404
2002-07-09 00:00:00+05:30,7.35,8.07,7.2,7.7,72479
2002-07-10 00:00:00+05:30,8.5,8.5,7.23,7.3,56459
2002-07-11 00:00:00+05:30,7.41,7.6,7.06,7.13,22629
2002-07-12 00:00:00+05:30,6.92,7.2,6.92,7.04,20959
2002-07-15 00:00:00+05:30,6.7,6.73,6.46,6.5,13499
2002-07-16 00:00:00+05:30,6.48,7.0,6.48,6.7,19894
2002-07-17 00:00:00+05:30,6.76,6.78,6.15,6.31,25099
2002-07-18 00:00:00+05:30,6.2,6.29,6.06,6.12,4749
2002-07-19 00:00:00+05:30,6.3,6.4,6.16,6.16,7499
2002-07-22 00:00:00+05:30,5.94,6.02,5.94,6.01,1374
2002-07-23 00:00:00+05:30,6.0,6.0,5.83,5.83,7249
2002-07-24 00:00:00+05:30,5.45,6.29,5.45,5.55,264
2002-07-26 00:00:00+05:30,5.22,5.3,5.11,5.19,5499
2002-07-29 00:00:00+05:30,5.1,6.14,5.1,5.55,5544
2002-07-30 00:00:00+05:30,4.6,5.84,4.6,5.84,9
2002-07-31 00:00:00+05:30,5.13,5.68,5.05,5.62,2999
2002-08-01 00:00:00+05:30,5.25,5.25,5.13,5.2,3999
2002-08-05 00:00:00+05:30,5.26,5.65,5.2,5.5,1919
2002-08-07 00:00:00+05:30,4.94,4.94,4.94,4.94,4
2002-08-08 00:00:00+05:30,5.4,5.4,5.2,5.2,949
2002-08-09 00:00:00+05:30,5.14,5.42,5.0,5.42,7554
2002-08-12 00:00:00+05:30,5.2,5.2,5.14,5.14,4999
2002-08-13 00:00:00+05:30,5.99,5.99,5.26,5.5,14
2002-08-14 00:00:00+05:30,5.3,5.3,5.3,5.3,499
2002-08-19 00:00:00+05:30,5.01,5.01,5.01,5.01,4
2002-08-20 00:00:00+05:30,5.22,5.87,5.22,5.45,2324
2002-08-21 00:00:00+05:30,4.92,5.38,4.92,5.3,639
2002-08-22 00:00:00+05:30,4.9,5.2,4.9,5.19,1754
2002-08-23 00:00:00+05:30,5.29,5.29,5.05,5.05,504
2002-08-26 00:00:00+05:30,4.66,5.33,4.66,4.97,2814
2002-08-27 00:00:00+05:30,5.34,5.34,5.02,5.02,754
2002-08-28 00:00:00+05:30,5.38,5.38,4.96,5.11,3769
2002-08-29 00:00:00+05:30,4.46,5.38,4.46,4.96,2779
2002-08-30 00:00:00+05:30,4.4,5.31,4.4,5.03,2189
2002-09-02 00:00:00+05:30,4.87,5.26,4.87,5.1,2504
2002-09-03 00:00:00+05:30,5.1,5.49,4.96,5.49,2254
2002-09-04 00:00:00+05:30,4.6,5.4,4.6,5.17,4574
2002-09-05 00:00:00+05:30,5.78,5.78,5.0,5.4,7554
2002-09-06 00:00:00+05:30,5.05,5.07,5.05,5.07,729
2002-09-09 00:00:00+05:30,5.0,5.28,4.86,4.86,3174
2002-09-11 00:00:00+05:30,4.96,5.08,4.9,4.9,7914
2002-09-13 00:00:00+05:30,5.0,5.0,5.0,5.0,7999
2002-09-16 00:00:00+05:30,5.04,5.1,5.04,5.1,12299
2002-09-17 00:00:00+05:30,4.47,5.0,4.47,4.97,20379
2002-09-18 00:00:00+05:30,5.01,5.16,5.01,5.16,1749
2002-09-19 00:00:00+05:30,6.12,6.12,4.92,5.0,1009
2002-09-20 00:00:00+05:30,5.12,5.13,5.02,5.08,3474
2002-09-23 00:00:00+05:30,5.0,5.0,5.0,5.0,2499
2002-09-24 00:00:00+05:30,5.01,5.2,5.01,5.2,8999
2002-09-30 00:00:00+05:30,4.92,5.3,4.91,5.05,5404
2002-10-01 00:00:00+05:30,4.86,5.05,4.86,4.96,3079
2002-10-03 00:00:00+05:30,5.2,5.2,4.95,4.95,504
2002-10-04 00:00:00+05:30,4.98,5.43,4.95,5.0,3029
2002-10-07 00:00:00+05:30,4.95,5.0,4.95,5.0,3074
2002-10-08 00:00:00+05:30,5.05,5.06,5.05,5.06,3834
2002-10-10 00:00:00+05:30,5.37,5.37,5.37,5.37,4
2002-10-11 00:00:00+05:30,5.31,5.38,5.31,5.38,1499
2002-10-14 00:00:00+05:30,5.6,5.6,5.6,5.6,499
2002-10-18 00:00:00+05:30,5.7,5.7,5.2,5.2,524
2002-10-21 00:00:00+05:30,5.3,5.3,5.3,5.3,484
2002-10-22 00:00:00+05:30,4.86,5.25,4.86,5.12,2574
2002-10-23 00:00:00+05:30,5.05,5.05,5.0,5.01,5199
2002-10-24 00:00:00+05:30,5.46,5.46,4.92,4.96,1534
2002-10-25 00:00:00+05:30,4.9,4.91,4.9,4.91,4769
2002-10-28 00:00:00+05:30,4.99,4.99,4.91,4.91,819
2002-10-29 00:00:00+05:30,5.25,5.25,4.8,4.81,10609
2002-10-30 00:00:00+05:30,4.87,4.87,4.87,4.87,4
2002-10-31 00:00:00+05:30,4.8,4.8,4.63,4.68,4759
2002-11-01 00:00:00+05:30,4.59,4.77,4.54,4.6,7629
2002-11-04 00:00:00+05:30,4.78,4.8,4.78,4.8,494
2002-11-05 00:00:00+05:30,4.52,4.8,4.52,4.67,21524
2002-11-07 00:00:00+05:30,4.8,4.8,4.8,4.8,10249
2002-11-08 00:00:00+05:30,4.8,4.8,4.75,4.8,7474
2002-11-11 00:00:00+05:30,4.7,4.7,4.7,4.7,4499
2002-11-12 00:00:00+05:30,4.84,4.85,4.76,4.76,9249
2002-11-13 00:00:00+05:30,4.7,4.88,4.7,4.76,3004
2002-11-14 00:00:00+05:30,4.5,4.8,4.5,4.8,13019
2002-11-15 00:00:00+05:30,4.77,4.77,4.76,4.76,1754
2002-11-18 00:00:00+05:30,4.41,4.72,4.41,4.72,324
2002-11-20 00:00:00+05:30,4.61,5.18,4.61,4.7,2504
2002-11-22 00:00:00+05:30,4.71,4.94,4.71,4.94,1549
2002-11-25 00:00:00+05:30,4.67,4.82,4.67,4.82,10304
2002-11-26 00:00:00+05:30,5.0,5.0,4.8,4.8,3514
2002-11-27 00:00:00+05:30,4.42,4.81,4.42,4.7,19
2002-11-28 00:00:00+05:30,4.8,4.81,4.8,4.8,8179
2002-11-29 00:00:00+05:30,4.81,4.83,4.8,4.8,10254
2002-12-02 00:00:00+05:30,4.88,5.1,4.8,5.08,11749
2002-12-03 00:00:00+05:30,4.84,5.05,4.84,4.87,4799
2002-12-04 00:00:00+05:30,4.8,5.0,4.8,4.98,1029
2002-12-05 00:00:00+05:30,4.83,4.83,4.8,4.8,2499
2002-12-06 00:00:00+05:30,4.8,4.85,4.8,4.85,1749
2002-12-09 00:00:00+05:30,4.61,4.9,4.61,4.89,11354
2002-12-10 00:00:00+05:30,4.71,4.91,4.7,4.8,3004
2002-12-11 00:00:00+05:30,4.8,4.8,4.76,4.76,3039
2002-12-12 00:00:00+05:30,4.8,4.8,4.8,4.8,6329
2002-12-13 00:00:00+05:30,4.33,4.33,4.33,4.33,124
2002-12-16 00:00:00+05:30,4.7,4.76,4.55,4.62,2509
2002-12-17 00:00:00+05:30,4.43,4.6,4.43,4.6,749
2002-12-18 00:00:00+05:30,4.69,4.7,4.69,4.7,10249
2002-12-19 00:00:00+05:30,4.7,4.7,4.61,4.61,499
2002-12-23 00:00:00+05:30,4.65,4.8,4.6,4.7,14249
2002-12-24 00:00:00+05:30,4.73,4.76,4.73,4.76,5549
2002-12-26 00:00:00+05:30,4.61,4.96,4.6,4.67,10764
2002-12-27 00:00:00+05:30,4.63,4.7,4.63,4.7,1249
2002-12-31 00:00:00+05:30,4.8,4.8,4.8,4.8,1499
2003-01-01 00:00:00+05:30,4.7,4.7,4.7,4.7,4499
2003-01-02 00:00:00+05:30,4.66,4.66,4.66,4.66,499
2003-01-03 00:00:00+05:30,4.72,4.87,4.7,4.7,10009
2003-01-06 00:00:00+05:30,4.79,4.8,4.79,4.8,10124
2003-01-07 00:00:00+05:30,4.89,4.89,4.88,4.88,9
2003-01-08 00:00:00+05:30,4.8,4.8,4.78,4.78,3679
2003-01-09 00:00:00+05:30,4.6,4.6,4.6,4.6,1749
2003-01-10 00:00:00+05:30,4.6,4.6,4.55,4.55,7499
2003-01-13 00:00:00+05:30,4.55,4.58,4.55,4.58,4999
2003-01-15 00:00:00+05:30,4.52,4.52,4.52,4.52,1014
2003-01-16 00:00:00+05:30,4.9,4.9,4.56,4.56,754
2003-01-21 00:00:00+05:30,4.44,4.44,4.44,4.44,4499
2003-01-22 00:00:00+05:30,4.5,4.5,4.5,4.5,999
2003-01-23 00:00:00+05:30,4.4,4.6,4.4,4.44,5994
2003-01-24 00:00:00+05:30,4.41,4.43,4.4,4.42,7119
2003-01-30 00:00:00+05:30,4.4,4.57,4.4,4.57,7999
2003-01-31 00:00:00+05:30,4.3,4.3,4.2,4.2,5499
2003-02-03 00:00:00+05:30,4.3,4.3,4.3,4.3,249
2003-02-04 00:00:00+05:30,4.3,4.3,4.3,4.3,1244
2003-02-06 00:00:00+05:30,4.21,4.35,4.2,4.35,1999
2003-02-10 00:00:00+05:30,4.5,4.5,4.22,4.22,10219
2003-02-11 00:00:00+05:30,4.2,4.25,4.2,4.25,844
2003-02-12 00:00:00+05:30,4.3,4.5,4.3,4.48,10499
2003-02-14 00:00:00+05:30,4.2,4.3,4.2,4.2,2499
2003-02-17 00:00:00+05:30,4.56,4.58,4.56,4.56,1499
2003-02-19 00:00:00+05:30,4.55,4.77,4.54,4.54,1754
2003-02-20 00:00:00+05:30,4.77,4.77,4.77,4.77,4
2003-02-24 00:00:00+05:30,4.44,4.44,4.44,4.44,999
2003-02-25 00:00:00+05:30,4.46,4.5,4.4,4.4,6949
2003-02-26 00:00:00+05:30,4.5,4.55,4.5,4.55,1999
2003-02-27 00:00:00+05:30,4.75,4.87,4.75,4.87,37704
2003-02-28 00:00:00+05:30,4.4,4.7,4.4,4.7,2499
2003-03-06 00:00:00+05:30,4.76,4.79,4.53,4.73,35249
2003-03-07 00:00:00+05:30,4.31,4.8,4.31,4.58,2709
2003-03-12 00:00:00+05:30,4.34,4.35,4.34,4.35,749
2003-03-13 00:00:00+05:30,4.3,4.35,4.3,4.34,8179
2003-03-17 00:00:00+05:30,4.21,4.21,4.15,4.15,1999
2003-03-19 00:00:00+05:30,4.21,4.5,4.21,4.5,7764
2003-03-22 00:00:00+05:30,4.2,4.2,4.2,4.2,499
2003-03-24 00:00:00+05:30,4.06,4.06,3.95,3.95,749
2003-03-25 00:00:00+05:30,4.0,4.19,3.85,3.95,12334
2003-03-26 00:00:00+05:30,3.9,4.35,3.9,4.09,49249
2003-03-27 00:00:00+05:30,4.48,4.48,4.36,4.36,3654
2003-03-31 00:00:00+05:30,4.76,4.76,4.16,4.22,7764
2003-04-01 00:00:00+05:30,4.17,4.23,4.17,4.23,749
2003-04-02 00:00:00+05:30,4.2,4.2,4.2,4.2,1499
2003-04-03 00:00:00+05:30,4.12,4.12,4.12,4.12,14659
2003-04-04 00:00:00+05:30,4.2,4.5,4.2,4.44,4774
2003-04-07 00:00:00+05:30,4.25,4.25,4.25,4.25,749
2003-04-08 00:00:00+05:30,4.22,4.22,4.22,4.22,499
2003-04-09 00:00:00+05:30,4.22,4.22,4.22,4.22,499
2003-04-10 00:00:00+05:30,4.34,4.34,4.12,4.12,2574
2003-04-11 00:00:00+05:30,4.4,4.54,4.4,4.54,9349
2003-04-15 00:00:00+05:30,4.26,4.93,4.26,4.93,4494
2003-04-16 00:00:00+05:30,4.52,4.61,4.44,4.44,5539
2003-04-17 00:00:00+05:30,4.44,4.44,4.4,4.4,5749
2003-04-22 00:00:00+05:30,4.3,4.65,4.3,4.4,5014
2003-04-24 00:00:00+05:30,4.5,4.5,4.5,4.5,4499
2003-04-28 00:00:00+05:30,4.7,4.78,4.6,4.67,38749
2003-04-29 00:00:00+05:30,4.65,4.7,4.65,4.7,12999
2003-04-30 00:00:00+05:30,4.41,4.41,4.4,4.4,3199
2003-05-05 00:00:00+05:30,4.4,4.54,4.4,4.46,3504
2003-05-06 00:00:00+05:30,4.41,4.58,4.41,4.54,45659
2003-05-07 00:00:00+05:30,4.6,4.65,4.5,4.63,20499
2003-05-08 00:00:00+05:30,4.43,4.6,4.43,4.6,224
2003-05-09 00:00:00+05:30,4.31,4.31,4.31,4.31,999
2003-05-13 00:00:00+05:30,4.31,4.31,4.3,4.3,7399
2003-05-14 00:00:00+05:30,4.41,4.41,4.4,4.4,999
2003-05-15 00:00:00+05:30,4.59,4.7,4.46,4.63,21324
2003-05-19 00:00:00+05:30,4.77,4.77,4.77,4.77,499
2003-05-20 00:00:00+05:30,4.4,4.46,4.4,4.46,3999
2003-05-21 00:00:00+05:30,4.85,4.85,4.85,4.85,4
2003-05-22 00:00:00+05:30,4.65,4.7,4.6,4.6,10784
2003-05-23 00:00:00+05:30,4.6,4.73,4.55,4.55,4509
2003-05-26 00:00:00+05:30,4.69,4.7,4.56,4.6,9499
2003-05-27 00:00:00+05:30,4.8,4.94,4.75,4.75,22024
2003-05-28 00:00:00+05:30,4.47,4.84,4.47,4.65,11449
2003-05-29 00:00:00+05:30,4.98,4.98,4.7,4.74,5504
2003-05-30 00:00:00+05:30,4.75,4.75,4.28,4.41,58979
2003-06-02 00:00:00+05:30,4.4,4.53,4.25,4.25,16254
2003-06-03 00:00:00+05:30,4.24,4.32,4.16,4.2,13549
2003-06-04 00:00:00+05:30,4.35,4.35,4.18,4.2,21874
2003-06-05 00:00:00+05:30,4.29,4.29,4.1,4.17,7084
2003-06-06 00:00:00+05:30,4.38,4.38,4.18,4.2,1514
2003-06-09 00:00:00+05:30,4.38,4.43,4.36,4.39,12499
2003-06-10 00:00:00+05:30,4.3,4.4,4.22,4.3,31789
2003-06-11 00:00:00+05:30,4.4,4.4,4.3,4.3,12749
2003-06-12 00:00:00+05:30,4.4,4.68,4.3,4.44,21179
2003-06-13 00:00:00+05:30,4.51,4.58,4.51,4.51,23689
2003-06-16 00:00:00+05:30,4.7,4.7,4.5,4.54,11749
2003-06-17 00:00:00+05:30,4.6,4.86,4.6,4.61,17099
2003-06-18 00:00:00+05:30,4.76,4.8,4.6,4.61,11249
2003-06-19 00:00:00+05:30,4.62,4.62,4.52,4.54,3999
2003-06-20 00:00:00+05:30,4.65,4.7,4.6,4.6,11939
2003-06-23 00:00:00+05:30,4.68,4.68,4.62,4.62,6249
2003-06-24 00:00:00+05:30,4.49,4.98,4.49,4.85,13354
2003-06-25 00:00:00+05:30,4.8,4.9,4.66,4.71,9499
2003-06-26 00:00:00+05:30,4.62,4.78,4.62,4.63,1849
2003-06-27 00:00:00+05:30,4.53,4.8,4.53,4.7,9674
2003-06-30 00:00:00+05:30,4.74,4.8,4.74,4.8,1249
2003-07-01 00:00:00+05:30,4.6,4.85,4.56,4.81,4309
2003-07-02 00:00:00+05:30,4.7,5.0,4.7,4.8,17194
2003-07-03 00:00:00+05:30,4.9,5.16,4.88,5.08,44849
2003-07-04 00:00:00+05:30,5.18,5.18,4.9,4.93,37334
2003-07-07 00:00:00+05:30,4.94,5.4,4.94,5.3,47699
2003-07-08 00:00:00+05:30,5.57,5.79,5.3,5.4,67104
2003-07-09 00:00:00+05:30,5.4,5.4,5.03,5.13,13799
2003-07-10 00:00:00+05:30,5.32,5.32,4.9,4.9,2674
2003-07-11 00:00:00+05:30,4.9,4.9,4.84,4.84,4749
2003-07-14 00:00:00+05:30,4.74,4.96,4.63,4.64,15879
2003-07-15 00:00:00+05:30,4.8,4.8,4.64,4.64,2149
2003-07-16 00:00:00+05:30,4.8,4.85,4.8,4.85,1249
2003-07-17 00:00:00+05:30,4.94,4.97,4.8,4.84,11374
2003-07-18 00:00:00+05:30,4.8,4.8,4.8,4.8,2999
2003-07-21 00:00:00+05:30,5.05,5.1,4.62,4.77,2624
2003-07-22 00:00:00+05:30,4.9,4.9,4.73,4.75,10004
2003-07-23 00:00:00+05:30,4.89,5.0,4.81,4.86,5074
2003-07-24 00:00:00+05:30,4.87,4.9,4.69,4.85,3499
2003-07-25 00:00:00+05:30,4.81,4.81,4.8,4.81,5499
2003-07-28 00:00:00+05:30,4.96,5.1,4.87,5.0,11624
2003-07-29 00:00:00+05:30,4.9,4.95,4.9,4.9,3499
2003-07-30 00:00:00+05:30,4.8,4.8,4.69,4.72,6449
2003-07-31 00:00:00+05:30,4.72,5.04,4.72,4.96,10999
2003-08-01 00:00:00+05:30,4.76,4.98,4.76,4.86,8624
2003-08-04 00:00:00+05:30,4.96,5.27,4.85,5.0,2759
2003-08-05 00:00:00+05:30,5.0,5.13,4.91,4.91,4374
2003-08-06 00:00:00+05:30,4.81,4.81,4.79,4.8,3374
2003-08-07 00:00:00+05:30,4.81,4.85,4.8,4.85,2249
2003-08-08 00:00:00+05:30,4.9,5.26,4.84,5.19,30374
2003-08-11 00:00:00+05:30,5.96,5.96,4.98,5.04,12469
2003-08-12 00:00:00+05:30,5.96,5.96,4.85,5.21,14199
2003-08-13 00:00:00+05:30,5.7,5.7,5.18,5.18,20044
2003-08-14 00:00:00+05:30,5.46,5.56,5.19,5.24,41834
2003-08-18 00:00:00+05:30,5.38,5.97,5.38,5.52,41769
2003-08-19 00:00:00+05:30,6.56,6.56,5.06,5.19,14544
2003-08-20 00:00:00+05:30,5.8,5.8,5.12,5.31,6404
2003-08-21 00:00:00+05:30,5.65,5.65,5.21,5.25,1274
2003-08-22 00:00:00+05:30,5.54,5.54,5.01,5.2,4519
2003-08-25 00:00:00+05:30,5.0,5.56,4.93,4.94,6544
2003-08-26 00:00:00+05:30,4.86,5.2,4.83,5.15,4504
2003-08-27 00:00:00+05:30,4.93,5.05,4.75,4.84,78589
2003-08-28 00:00:00+05:30,4.83,4.85,4.81,4.83,3999
2003-08-29 00:00:00+05:30,4.53,4.97,4.53,4.64,10894
2003-09-01 00:00:00+05:30,5.54,5.54,4.73,4.75,17494
2003-09-02 00:00:00+05:30,4.63,5.0,4.63,4.85,15154
2003-09-03 00:00:00+05:30,4.8,4.96,4.76,4.9,5609
2003-09-05 00:00:00+05:30,4.65,4.88,4.65,4.88,949
2003-09-08 00:00:00+05:30,4.8,4.8,4.66,4.67,4509
2003-09-09 00:00:00+05:30,4.62,4.96,4.57,4.57,5409
2003-09-10 00:00:00+05:30,4.55,4.68,4.55,4.68,2519
2003-09-11 00:00:00+05:30,4.7,4.7,4.6,4.6,6999
2003-09-12 00:00:00+05:30,4.5,4.55,4.5,4.5,6674
2003-09-15 00:00:00+05:30,4.6,4.6,4.36,4.49,7689
2003-09-16 00:00:00+05:30,4.5,4.7,4.5,4.7,16249
2003-09-18 00:00:00+05:30,4.98,4.98,4.98,4.98,4
2003-09-19 00:00:00+05:30,4.75,4.75,4.6,4.68,1749
2003-09-23 00:00:00+05:30,4.36,4.36,4.36,4.36,749
2003-09-24 00:00:00+05:30,4.22,4.6,4.22,4.6,6029
2003-09-25 00:00:00+05:30,4.49,4.6,4.49,4.6,2724
2003-09-26 00:00:00+05:30,4.58,4.6,4.58,4.6,10949
2003-10-01 00:00:00+05:30,4.7,4.7,4.7,4.7,2499
2003-10-03 00:00:00+05:30,4.71,4.93,4.54,4.79,7999
2003-10-06 00:00:00+05:30,4.73,4.8,4.31,4.8,14794
2003-10-07 00:00:00+05:30,4.8,4.99,4.8,4.83,11839
2003-10-08 00:00:00+05:30,4.98,5.18,4.84,5.08,21959
2003-10-09 00:00:00+05:30,5.04,5.1,4.94,5.08,4854
2003-10-10 00:00:00+05:30,5.05,5.05,5.03,5.03,7294
2003-10-13 00:00:00+05:30,5.1,5.35,5.1,5.25,14829
2003-10-14 00:00:00+05:30,5.2,5.2,5.02,5.03,6999
2003-10-15 00:00:00+05:30,4.71,5.16,4.71,5.15,4019
2003-10-16 00:00:00+05:30,5.3,5.3,5.03,5.1,7499
2003-10-17 00:00:00+05:30,5.0,5.0,5.0,5.0,969
2003-10-20 00:00:00+05:30,5.29,5.29,4.93,4.93,999
2003-10-21 00:00:00+05:30,4.98,4.98,4.98,4.98,2499
2003-10-22 00:00:00+05:30,4.6,4.9,4.6,4.9,3449
2003-10-23 00:00:00+05:30,4.88,4.88,4.88,4.88,999
2003-10-28 00:00:00+05:30,4.75,4.75,4.75,4.75,2499
2003-10-29 00:00:00+05:30,4.51,4.7,4.51,4.7,1499
2003-10-30 00:00:00+05:30,4.8,4.8,4.54,4.55,61429
2003-10-31 00:00:00+05:30,4.51,4.67,4.51,4.58,10249
2003-11-03 00:00:00+05:30,4.8,4.8,4.25,4.3,74899
2003-11-04 00:00:00+05:30,4.38,4.4,4.26,4.38,68914
2003-11-05 00:00:00+05:30,4.41,4.56,4.41,4.44,5749
2003-11-06 00:00:00+05:30,4.4,4.66,4.4,4.52,8509
2003-11-07 00:00:00+05:30,4.5,4.51,4.5,4.51,984
2003-11-10 00:00:00+05:30,4.74,4.95,4.74,4.92,7254
2003-11-11 00:00:00+05:30,4.99,5.2,4.99,5.02,21749
2003-11-12 00:00:00+05:30,4.9,5.1,4.73,4.96,52704
2003-11-13 00:00:00+05:30,4.7,4.95,4.7,4.87,18999
2003-11-14 00:00:00+05:30,4.84,5.1,4.84,5.0,32149
2003-11-15 00:00:00+05:30,5.01,5.2,5.01,5.16,6244
2003-11-17 00:00:00+05:30,5.15,5.4,4.96,5.39,14014
2003-11-18 00:00:00+05:30,5.52,5.93,5.52,5.93,32179
2003-11-19 00:00:00+05:30,6.34,6.53,6.34,6.53,65574
2003-11-20 00:00:00+05:30,6.86,6.86,6.25,6.28,118039
2003-11-21 00:00:00+05:30,6.11,6.2,6.0,6.13,20484
2003-11-24 00:00:00+05:30,5.92,6.44,5.91,6.44,29699
2003-11-25 00:00:00+05:30,6.77,6.77,6.61,6.77,53504
2003-11-27 00:00:00+05:30,6.9,7.1,6.44,6.62,49769
2003-11-28 00:00:00+05:30,6.8,6.8,6.54,6.77,66634
2003-12-01 00:00:00+05:30,6.51,6.6,6.44,6.44,6999
2003-12-02 00:00:00+05:30,6.7,6.7,6.2,6.24,28109
2003-12-03 00:00:00+05:30,6.48,6.56,6.42,6.49,29249
2003-12-04 00:00:00+05:30,6.22,6.82,6.22,6.82,39249
2003-12-05 00:00:00+05:30,7.0,7.17,6.53,6.91,88489
2003-12-08 00:00:00+05:30,7.09,7.17,7.0,7.12,33999
2003-12-09 00:00:00+05:30,7.0,7.34,7.0,7.14,11909
2003-12-10 00:00:00+05:30,7.49,7.49,6.86,6.86,30284
2003-12-11 00:00:00+05:30,7.14,7.44,7.07,7.2,28874
2003-12-12 00:00:00+05:30,7.3,7.8,7.3,7.69,58549
2003-12-15 00:00:00+05:30,7.6,9.23,7.6,9.23,230389
2003-12-16 00:00:00+05:30,9.94,9.94,8.9,9.0,220039
2003-12-17 00:00:00+05:30,8.4,9.4,8.25,9.0,69499
2003-12-18 00:00:00+05:30,9.08,9.96,8.98,9.37,212809
2003-12-19 00:00:00+05:30,9.7,9.71,9.02,9.18,78004
2003-12-22 00:00:00+05:30,9.7,10.0,9.31,9.41,96249
2003-12-23 00:00:00+05:30,9.77,9.78,9.04,9.16,58174
2003-12-24 00:00:00+05:30,9.1,9.6,9.1,9.36,35564
2003-12-26 00:00:00+05:30,9.3,9.3,8.73,8.99,20874
2003-12-29 00:00:00+05:30,9.2,9.24,8.72,8.87,19879
2003-12-30 00:00:00+05:30,8.87,9.0,8.4,8.9,16404
2003-12-31 00:00:00+05:30,8.46,8.7,8.0,8.24,40259
2004-01-01 00:00:00+05:30,8.98,8.98,8.0,8.79,21419
2004-01-02 00:00:00+05:30,9.04,9.05,8.35,8.37,34999
2004-01-05 00:00:00+05:30,8.6,8.6,8.3,8.43,31539
2004-01-06 00:00:00+05:30,8.52,8.52,8.05,8.11,19754
2004-01-07 00:00:00+05:30,8.16,8.28,8.01,8.27,28749
2004-01-08 00:00:00+05:30,8.38,8.38,8.0,8.2,12259
2004-01-09 00:00:00+05:30,8.28,8.28,8.02,8.03,6499
2004-01-12 00:00:00+05:30,7.76,8.18,7.75,7.76,17749
2004-01-13 00:00:00+05:30,7.7,7.8,7.51,7.8,2249
2004-01-14 00:00:00+05:30,7.6,8.17,7.56,8.0,19194
2004-01-15 00:00:00+05:30,8.17,8.17,7.61,7.61,6999
2004-01-16 00:00:00+05:30,7.36,7.48,7.36,7.48,1499
2004-01-19 00:00:00+05:30,6.84,7.08,6.8,7.08,18629
2004-01-20 00:00:00+05:30,7.04,7.16,6.7,6.96,7499
2004-01-21 00:00:00+05:30,6.62,7.3,6.53,6.58,64034
2004-01-22 00:00:00+05:30,6.62,7.0,6.62,6.8,25649
2004-01-23 00:00:00+05:30,7.0,7.0,6.0,6.78,45509
2004-01-27 00:00:00+05:30,6.71,6.8,6.71,6.78,3939
2004-01-28 00:00:00+05:30,6.44,6.98,6.44,6.46,1749
2004-01-29 00:00:00+05:30,6.12,6.95,6.12,6.5,26999
2004-01-30 00:00:00+05:30,6.48,6.48,6.3,6.3,2999
2004-02-03 00:00:00+05:30,6.05,6.05,6.0,6.0,2999
2004-02-04 00:00:00+05:30,5.8,5.8,5.73,5.73,1499
2004-02-05 00:00:00+05:30,6.18,6.18,5.74,5.8,17504
2004-02-06 00:00:00+05:30,5.4,6.16,5.4,5.74,5279
2004-02-09 00:00:00+05:30,6.42,6.6,5.8,6.07,10669
2004-02-10 00:00:00+05:30,5.66,5.9,5.61,5.76,2254
2004-02-11 00:00:00+05:30,5.71,6.0,5.71,5.83,15529
2004-02-12 00:00:00+05:30,6.14,6.14,5.6,5.66,20879
2004-02-13 00:00:00+05:30,5.6,6.1,5.6,5.9,50319
2004-02-16 00:00:00+05:30,6.1,6.1,5.9,5.95,19914
2004-02-17 00:00:00+05:30,7.0,7.0,5.75,6.13,51979
2004-02-18 00:00:00+05:30,7.33,7.33,5.94,5.96,27034
2004-02-19 00:00:00+05:30,7.13,7.13,5.73,5.91,12259
2004-02-20 00:00:00+05:30,6.07,6.07,5.81,5.96,14499
2004-02-23 00:00:00+05:30,6.39,6.39,5.77,5.79,3499
2004-02-24 00:00:00+05:30,5.89,5.9,5.85,5.89,3899
2004-02-25 00:00:00+05:30,5.7,5.8,5.67,5.71,17529
2004-02-26 00:00:00+05:30,5.99,6.21,5.76,5.82,6124
2004-02-27 00:00:00+05:30,5.8,6.2,5.61,6.05,43434
2004-03-01 00:00:00+05:30,5.93,5.96,5.72,5.91,4424
2004-03-03 00:00:00+05:30,6.12,6.2,6.12,6.2,6124
2004-03-04 00:00:00+05:30,6.4,6.5,5.94,6.42,22654
2004-03-05 00:00:00+05:30,6.16,6.45,6.12,6.33,16124
2004-03-08 00:00:00+05:30,6.13,6.4,6.13,6.21,2249
2004-03-09 00:00:00+05:30,6.07,6.07,6.06,6.06,3499
2004-03-10 00:00:00+05:30,6.2,6.87,6.2,6.87,18499
2004-03-11 00:00:00+05:30,6.52,6.65,6.42,6.45,17739
2004-03-12 00:00:00+05:30,6.2,6.9,6.2,6.62,13499
2004-03-15 00:00:00+05:30,6.26,6.6,6.2,6.5,21539
2004-03-16 00:00:00+05:30,6.6,6.6,6.21,6.57,9509
2004-03-17 00:00:00+05:30,6.36,6.87,6.36,6.8,6999
2004-03-18 00:00:00+05:30,6.5,6.6,6.5,6.52,15549
2004-03-19 00:00:00+05:30,6.24,6.8,6.24,6.78,7409
2004-03-22 00:00:00+05:30,6.54,6.8,6.52,6.74,15749
2004-03-23 00:00:00+05:30,6.05,7.04,6.05,6.43,6514
2004-03-24 00:00:00+05:30,6.34,6.77,6.34,6.51,7624
2004-03-25 00:00:00+05:30,6.54,6.67,6.54,6.63,8749
2004-03-26 00:00:00+05:30,5.41,6.75,5.41,6.42,12254
2004-03-29 00:00:00+05:30,6.27,6.56,6.27,6.56,499
2004-03-30 00:00:00+05:30,6.28,6.28,6.28,6.28,1249
2004-03-31 00:00:00+05:30,6.23,6.62,6.23,6.62,2624
2004-04-01 00:00:00+05:30,6.22,6.83,6.21,6.78,16709
2004-04-02 00:00:00+05:30,6.82,7.41,6.8,7.27,11244
2004-04-05 00:00:00+05:30,7.37,7.37,7.0,7.0,6834
2004-04-06 00:00:00+05:30,7.2,7.2,7.2,7.2,754
2004-04-07 00:00:00+05:30,6.88,7.1,6.86,6.9,1499
2004-04-08 00:00:00+05:30,7.37,7.37,7.0,7.19,5759
2004-04-12 00:00:00+05:30,6.79,7.4,6.78,6.85,1769
2004-04-13 00:00:00+05:30,7.32,7.32,6.94,7.05,4994
2004-04-15 00:00:00+05:30,7.29,7.29,7.03,7.04,2109
2004-04-16 00:00:00+05:30,6.88,6.88,6.82,6.86,4999
2004-04-17 00:00:00+05:30,7.33,7.4,7.33,7.37,1499
2004-04-19 00:00:00+05:30,7.1,7.52,7.1,7.2,4519
2004-04-20 00:00:00+05:30,7.26,7.3,7.26,7.3,2499
2004-04-21 00:00:00+05:30,7.39,7.48,7.39,7.44,11009
2004-04-22 00:00:00+05:30,7.21,7.21,7.21,7.21,999
2004-04-23 00:00:00+05:30,7.3,7.3,7.03,7.06,15599
2004-04-27 00:00:00+05:30,7.0,7.11,6.82,7.09,6479
2004-04-28 00:00:00+05:30,6.5,6.83,6.5,6.82,1749
2004-04-29 00:00:00+05:30,7.33,7.37,7.2,7.24,5939
2004-04-30 00:00:00+05:30,7.2,7.2,7.2,7.2,999
2004-05-03 00:00:00+05:30,6.66,7.18,6.66,7.18,1754
2004-05-04 00:00:00+05:30,6.91,7.02,6.91,7.02,754
2004-05-05 00:00:00+05:30,7.29,7.4,7.29,7.4,10624
2004-05-06 00:00:00+05:30,7.4,7.4,7.2,7.26,2224
2004-05-07 00:00:00+05:30,7.3,8.72,7.0,8.54,136024
2004-05-10 00:00:00+05:30,8.4,9.4,8.2,9.12,63604
2004-05-11 00:00:00+05:30,9.0,9.0,8.41,8.48,16954
2004-05-12 00:00:00+05:30,8.4,8.4,7.74,8.07,12269
2004-05-13 00:00:00+05:30,7.81,8.4,7.81,8.4,16004
2004-05-14 00:00:00+05:30,8.11,8.68,7.6,7.68,6759
2004-05-17 00:00:00+05:30,7.6,7.6,7.0,7.0,1004
2004-05-18 00:00:00+05:30,6.83,7.35,6.83,7.35,509
2004-05-19 00:00:00+05:30,7.7,7.72,7.5,7.6,7874
2004-05-20 00:00:00+05:30,7.25,7.7,7.25,7.69,4374
2004-05-21 00:00:00+05:30,7.45,7.45,7.31,7.35,8749
2004-05-24 00:00:00+05:30,7.68,7.72,7.12,7.23,20249
2004-05-25 00:00:00+05:30,7.5,7.54,7.11,7.3,3774
2004-05-26 00:00:00+05:30,7.15,7.39,7.15,7.16,2279
2004-05-27 00:00:00+05:30,7.04,7.04,7.0,7.0,5004
2004-05-28 00:00:00+05:30,6.87,6.9,6.65,6.66,7319
2004-05-31 00:00:00+05:30,6.33,6.6,6.33,6.39,9244
2004-06-01 00:00:00+05:30,6.58,6.58,6.58,6.58,999
2004-06-02 00:00:00+05:30,6.31,6.31,6.27,6.29,3999
2004-06-03 00:00:00+05:30,6.16,6.16,6.14,6.14,5249
2004-06-04 00:00:00+05:30,6.2,6.32,6.14,6.2,84249
2004-06-07 00:00:00+05:30,6.01,6.19,5.97,6.13,2299
2004-06-08 00:00:00+05:30,6.03,6.03,6.03,6.03,999
2004-06-09 00:00:00+05:30,5.99,5.99,5.98,5.98,3499
2004-06-11 00:00:00+05:30,5.44,6.48,5.44,6.42,20504
2004-06-14 00:00:00+05:30,6.01,6.02,6.01,6.02,9
2004-06-17 00:00:00+05:30,6.17,6.34,6.17,6.21,7499
2004-06-18 00:00:00+05:30,6.2,6.2,6.2,6.2,499
2004-06-21 00:00:00+05:30,6.09,6.09,6.09,6.09,499
2004-06-22 00:00:00+05:30,5.91,6.4,5.91,6.4,4749
2004-06-23 00:00:00+05:30,6.01,6.01,6.0,6.0,1999
2004-06-24 00:00:00+05:30,6.0,6.0,5.8,5.81,1249
2004-06-25 00:00:00+05:30,5.76,6.05,5.76,6.0,1249
2004-06-28 00:00:00+05:30,6.59,6.59,5.93,6.21,2374
2004-06-29 00:00:00+05:30,6.2,6.2,6.2,6.2,999
2004-07-01 00:00:00+05:30,6.74,6.74,6.08,6.38,509
2004-07-02 00:00:00+05:30,6.95,6.95,6.5,6.72,204
2004-07-05 00:00:00+05:30,6.23,6.23,6.2,6.21,1249
2004-07-06 00:00:00+05:30,6.45,6.45,6.45,6.45,999
2004-07-07 00:00:00+05:30,6.45,6.48,6.2,6.2,4249
2004-07-08 00:00:00+05:30,6.2,6.2,5.85,5.85,2624
2004-07-09 00:00:00+05:30,6.0,6.34,6.0,6.34,3009
2004-07-13 00:00:00+05:30,6.07,6.07,6.06,6.06,499
2004-07-15 00:00:00+05:30,6.3,6.35,6.17,6.35,1999
2004-07-16 00:00:00+05:30,6.34,6.57,6.11,6.5,9999
2004-07-19 00:00:00+05:30,6.65,7.15,6.64,7.15,10089
2004-07-20 00:00:00+05:30,6.82,7.17,6.82,7.17,9999
2004-07-21 00:00:00+05:30,6.78,7.0,6.76,6.78,8419
2004-07-22 00:00:00+05:30,6.98,7.1,6.83,6.96,21839
2004-07-23 00:00:00+05:30,7.05,7.16,6.9,7.16,5499
2004-07-26 00:00:00+05:30,7.3,7.3,7.03,7.2,3504
2004-07-27 00:00:00+05:30,7.14,7.14,6.6,6.68,35039
2004-07-28 00:00:00+05:30,6.61,6.61,6.6,6.6,3499
2004-07-29 00:00:00+05:30,6.8,6.8,6.7,6.7,3499
2004-07-30 00:00:00+05:30,7.05,7.1,6.71,6.98,10009
2004-08-02 00:00:00+05:30,6.62,6.62,6.62,6.62,269
2004-08-03 00:00:00+05:30,6.65,6.65,6.6,6.62,9759
2004-08-04 00:00:00+05:30,6.58,6.9,6.58,6.9,4999
2004-08-05 00:00:00+05:30,6.98,7.08,6.9,6.93,16344
2004-08-06 00:00:00+05:30,7.54,7.54,6.82,6.94,2654
2004-08-09 00:00:00+05:30,7.15,7.15,6.88,6.95,11374
2004-08-10 00:00:00+05:30,6.82,7.1,6.82,7.06,14499
2004-08-11 00:00:00+05:30,6.42,7.6,6.42,6.72,14824
2004-08-12 00:00:00+05:30,6.76,6.9,6.63,6.86,2204
2004-08-13 00:00:00+05:30,6.63,6.63,6.6,6.6,1499
2004-08-16 00:00:00+05:30,6.6,6.6,6.6,6.6,999
2004-08-17 00:00:00+05:30,6.88,6.88,6.6,6.6,5499
2004-08-18 00:00:00+05:30,6.71,6.72,6.51,6.55,2324
2004-08-19 00:00:00+05:30,6.79,7.21,6.79,7.05,16854
2004-08-20 00:00:00+05:30,7.2,7.6,7.0,7.21,28774
2004-08-23 00:00:00+05:30,7.15,7.15,6.8,6.83,19694
2004-08-24 00:00:00+05:30,6.84,7.14,6.84,6.99,3164
2004-08-25 00:00:00+05:30,6.7,7.02,6.7,6.79,864
2004-08-26 00:00:00+05:30,6.77,7.47,6.77,7.0,75059
2004-08-27 00:00:00+05:30,7.2,7.2,7.0,7.1,6139
2004-08-30 00:00:00+05:30,7.16,7.36,6.95,7.13,79869
2004-08-31 00:00:00+05:30,7.28,7.3,7.1,7.26,16999
2004-09-01 00:00:00+05:30,7.57,7.67,7.4,7.6,33884
2004-09-02 00:00:00+05:30,7.98,8.36,7.68,7.87,113769
2004-09-03 00:00:00+05:30,7.8,8.0,7.7,7.83,16059
2004-09-06 00:00:00+05:30,8.01,8.05,7.51,7.85,16599
2004-09-07 00:00:00+05:30,7.8,7.99,7.8,7.81,12489
2004-09-08 00:00:00+05:30,8.5,8.5,7.66,7.89,16559
2004-09-09 00:00:00+05:30,8.05,8.05,7.7,7.7,7284
2004-09-10 00:00:00+05:30,7.8,7.97,7.8,7.93,16949
2004-09-13 00:00:00+05:30,8.56,8.56,7.8,7.89,7534
2004-09-14 00:00:00+05:30,7.8,8.06,7.75,7.76,16519
2004-09-15 00:00:00+05:30,7.52,7.89,7.52,7.69,9374
2004-09-16 00:00:00+05:30,7.6,7.8,7.6,7.68,40999
2004-09-17 00:00:00+05:30,8.0,8.0,7.52,7.57,43924
2004-09-20 00:00:00+05:30,7.65,7.81,7.53,7.55,13149
2004-09-21 00:00:00+05:30,7.63,7.64,7.54,7.54,4749
2004-09-22 00:00:00+05:30,7.5,7.6,7.5,7.53,4999
2004-09-23 00:00:00+05:30,7.64,7.65,7.51,7.51,12099
2004-09-24 00:00:00+05:30,7.6,7.72,7.43,7.58,19254
2004-09-27 00:00:00+05:30,7.75,8.34,7.75,8.33,125039
2004-09-28 00:00:00+05:30,8.73,8.74,8.01,8.2,46679
2004-09-29 00:00:00+05:30,7.85,8.0,7.85,8.0,15719
2004-09-30 00:00:00+05:30,8.2,8.3,7.9,7.91,39654
2004-10-01 00:00:00+05:30,7.46,8.0,7.45,7.96,19564
2004-10-04 00:00:00+05:30,8.56,8.56,7.62,7.72,35369
2004-10-05 00:00:00+05:30,7.8,8.0,7.75,7.78,21099
2004-10-06 00:00:00+05:30,7.96,8.0,7.65,7.78,31249
2004-10-07 00:00:00+05:30,7.62,7.9,7.6,7.86,10714
2004-10-08 00:00:00+05:30,8.03,8.03,7.75,7.93,48889
2004-10-09 00:00:00+05:30,8.0,8.05,7.8,7.89,41504
2004-10-11 00:00:00+05:30,7.97,8.1,7.9,7.9,35499
2004-10-12 00:00:00+05:30,7.62,7.97,7.62,7.81,6664
2004-10-14 00:00:00+05:30,7.8,7.99,7.7,7.9,22224
2004-10-15 00:00:00+05:30,7.8,8.16,7.71,7.82,21869
2004-10-18 00:00:00+05:30,8.18,8.28,7.92,8.05,132069
2004-10-19 00:00:00+05:30,8.39,8.76,8.02,8.22,53174
2004-10-20 00:00:00+05:30,8.7,8.97,8.0,8.39,53859
2004-10-21 00:00:00+05:30,8.55,9.36,8.55,8.75,175784
2004-10-25 00:00:00+05:30,9.25,9.25,8.51,8.57,33789
2004-10-26 00:00:00+05:30,8.7,8.7,8.08,8.39,14569
2004-10-27 00:00:00+05:30,7.65,8.79,7.65,8.54,34484
2004-10-28 00:00:00+05:30,8.79,8.79,8.56,8.61,17624
2004-10-29 00:00:00+05:30,10.18,10.18,8.61,8.73,32459
2004-11-01 00:00:00+05:30,9.0,9.34,8.83,9.13,84719
2004-11-02 00:00:00+05:30,9.4,9.8,8.93,9.17,210199
2004-11-03 00:00:00+05:30,9.06,9.06,8.69,8.72,75359
2004-11-04 00:00:00+05:30,10.28,10.28,8.73,9.47,317064
2004-11-05 00:00:00+05:30,9.76,11.37,9.46,10.69,682609
2004-11-08 00:00:00+05:30,10.84,11.59,10.44,10.66,245064
2004-11-09 00:00:00+05:30,11.16,11.4,10.06,10.23,91454
2004-11-10 00:00:00+05:30,10.54,10.95,10.3,10.46,167144
2004-11-11 00:00:00+05:30,10.75,11.1,10.22,10.51,146784
2004-11-12 00:00:00+05:30,10.78,10.78,10.2,10.51,36514
2004-11-16 00:00:00+05:30,10.43,10.68,10.2,10.47,107414
2004-11-17 00:00:00+05:30,10.73,11.9,10.67,11.31,368924
2004-11-18 00:00:00+05:30,11.45,11.5,10.7,10.75,67209
2004-11-19 00:00:00+05:30,10.84,10.99,10.11,10.25,55049
2004-11-22 00:00:00+05:30,10.0,10.78,10.0,10.58,40229
2004-11-23 00:00:00+05:30,10.93,11.37,10.5,11.18,189764
2004-11-24 00:00:00+05:30,11.49,13.42,11.49,13.42,587484
2004-11-25 00:00:00+05:30,14.0,14.96,12.86,13.05,1101194
2004-11-29 00:00:00+05:30,13.2,13.36,12.5,12.88,298509
2004-11-30 00:00:00+05:30,12.95,13.14,12.0,12.13,166264
2004-12-01 00:00:00+05:30,12.1,12.35,11.61,11.8,140449
2004-12-02 00:00:00+05:30,13.13,13.13,10.53,11.5,148519
2004-12-03 00:00:00+05:30,11.26,12.3,11.26,11.69,152769
2004-12-06 00:00:00+05:30,11.23,12.04,11.23,11.66,23749
2004-12-07 00:00:00+05:30,12.56,12.56,11.5,11.63,34309
2004-12-08 00:00:00+05:30,11.45,11.64,11.2,11.3,17394
2004-12-09 00:00:00+05:30,11.13,11.24,11.13,11.21,4679
2004-12-10 00:00:00+05:30,11.3,12.05,11.3,11.54,56439
2004-12-13 00:00:00+05:30,11.88,12.16,11.8,12.08,42309
2004-12-14 00:00:00+05:30,11.6,12.16,11.42,11.59,32054
2004-12-15 00:00:00+05:30,11.22,11.6,11.22,11.46,17124
2004-12-16 00:00:00+05:30,11.21,11.31,11.2,11.29,8499
2004-12-17 00:00:00+05:30,11.78,11.78,11.02,11.05,18384
2004-12-20 00:00:00+05:30,11.0,11.19,10.83,11.07,24174
2004-12-21 00:00:00+05:30,11.0,11.03,10.8,11.0,23244
2004-12-22 00:00:00+05:30,11.0,11.4,10.82,10.98,23789
2004-12-23 00:00:00+05:30,11.0,11.6,10.87,11.02,37659
2004-12-24 00:00:00+05:30,11.03,11.3,10.67,10.86,13729
2004-12-27 00:00:00+05:30,10.81,11.19,10.8,10.9,13594
2004-12-28 00:00:00+05:30,10.13,11.73,10.13,11.01,14894
2004-12-29 00:00:00+05:30,10.68,11.28,10.68,10.82,22704
2004-12-30 00:00:00+05:30,10.54,10.8,10.44,10.64,22054
2004-12-31 00:00:00+05:30,10.84,10.97,10.6,10.76,20539
2005-01-03 00:00:00+05:30,11.13,11.13,10.68,10.9,11254
2005-01-04 00:00:00+05:30,10.6,10.9,10.6,10.79,35254
2005-01-05 00:00:00+05:30,10.9,10.9,10.21,10.6,19404
2005-01-06 00:00:00+05:30,10.22,10.38,9.5,9.82,10419
2005-01-07 00:00:00+05:30,9.6,10.6,9.6,10.0,45119
2005-01-10 00:00:00+05:30,10.05,10.37,10.05,10.07,8329
2005-01-11 00:00:00+05:30,10.0,10.38,9.71,9.79,6084
2005-01-12 00:00:00+05:30,9.0,9.62,9.0,9.01,35624
2005-01-13 00:00:00+05:30,8.56,9.98,8.56,9.1,8474
2005-01-14 00:00:00+05:30,9.76,9.78,9.2,9.4,6249
2005-01-17 00:00:00+05:30,9.02,9.4,8.55,8.8,26194
2005-01-18 00:00:00+05:30,8.9,9.05,8.8,9.05,10234
2005-01-19 00:00:00+05:30,8.7,9.0,8.67,9.0,6954
2005-01-20 00:00:00+05:30,8.75,9.08,8.75,8.83,5999
2005-01-24 00:00:00+05:30,8.72,8.79,8.72,8.76,1749
2005-01-25 00:00:00+05:30,8.8,9.1,8.71,9.1,3374
2005-01-27 00:00:00+05:30,9.19,9.2,9.11,9.15,2749
2005-01-28 00:00:00+05:30,8.94,9.2,8.94,9.0,21769
2005-01-31 00:00:00+05:30,9.57,9.58,9.2,9.37,12099
2005-02-01 00:00:00+05:30,9.39,9.39,9.06,9.08,7499
2005-02-02 00:00:00+05:30,9.2,9.78,9.2,9.43,12034
2005-02-03 00:00:00+05:30,9.24,10.37,9.24,10.22,28554
2005-02-04 00:00:00+05:30,10.3,10.3,9.79,9.8,15819
2005-02-07 00:00:00+05:30,9.7,10.07,9.7,9.76,3874
2005-02-08 00:00:00+05:30,9.95,9.95,9.48,9.61,9504
2005-02-09 00:00:00+05:30,9.6,10.0,9.6,9.73,46494
2005-02-10 00:00:00+05:30,10.01,10.2,9.7,9.71,51329
2005-02-11 00:00:00+05:30,9.8,9.8,9.5,9.54,23004
2005-02-14 00:00:00+05:30,9.66,9.67,9.28,9.38,21339
2005-02-15 00:00:00+05:30,9.3,10.59,9.3,9.55,51299
2005-02-16 00:00:00+05:30,9.4,9.5,9.23,9.5,1909
2005-02-17 00:00:00+05:30,9.15,9.15,8.87,8.95,36254
2005-02-18 00:00:00+05:30,9.01,9.2,8.95,8.96,34204
2005-02-21 00:00:00+05:30,8.65,9.13,8.65,9.06,23554
2005-02-22 00:00:00+05:30,8.69,9.16,8.66,9.09,2064
2005-02-23 00:00:00+05:30,8.73,8.76,8.63,8.76,3499
2005-02-24 00:00:00+05:30,8.98,9.05,8.82,8.98,89194
2005-02-25 00:00:00+05:30,9.0,9.19,8.94,8.95,19304
2005-02-28 00:00:00+05:30,9.0,9.0,8.73,8.84,14704
2005-03-01 00:00:00+05:30,8.82,8.95,8.72,8.74,8064
2005-03-02 00:00:00+05:30,8.83,8.88,8.8,8.8,31479
2005-03-03 00:00:00+05:30,9.09,9.4,9.09,9.27,22339
2005-03-04 00:00:00+05:30,9.2,9.33,8.63,9.19,16974
2005-03-07 00:00:00+05:30,10.0,10.0,8.86,9.05,12799
2005-03-08 00:00:00+05:30,9.2,9.48,9.15,9.36,18754
2005-03-09 00:00:00+05:30,9.8,9.8,9.0,9.4,18259
2005-03-10 00:00:00+05:30,9.48,9.5,9.07,9.34,13194
2005-03-11 00:00:00+05:30,9.04,9.56,9.04,9.37,8109
2005-03-14 00:00:00+05:30,11.0,11.0,9.0,9.2,8069
2005-03-15 00:00:00+05:30,9.33,9.33,8.8,9.1,23754
2005-03-16 00:00:00+05:30,8.87,9.56,8.87,9.5,38529
2005-03-17 00:00:00+05:30,9.97,9.97,9.2,9.22,19124
2005-03-18 00:00:00+05:30,9.68,9.68,8.05,8.95,8384
2005-03-21 00:00:00+05:30,8.98,9.26,8.98,9.26,9024
2005-03-22 00:00:00+05:30,9.75,9.75,8.72,8.8,15994
2005-03-23 00:00:00+05:30,8.8,8.8,8.66,8.78,17749
2005-03-24 00:00:00+05:30,7.2,8.8,7.2,8.7,8769
2005-03-28 00:00:00+05:30,8.46,8.6,8.38,8.56,21024
2005-03-29 00:00:00+05:30,8.13,8.3,7.73,8.03,6554
2005-03-30 00:00:00+05:30,8.63,9.04,8.58,8.96,15929
2005-03-31 00:00:00+05:30,8.43,9.04,8.43,9.0,113474
2005-04-01 00:00:00+05:30,8.99,9.0,8.99,9.0,4999
2005-04-04 00:00:00+05:30,8.91,9.18,8.86,9.0,106874
2005-04-05 00:00:00+05:30,9.1,9.1,8.63,8.63,9249
2005-04-06 00:00:00+05:30,8.41,8.74,8.41,8.71,61499
2005-04-07 00:00:00+05:30,9.4,9.4,8.94,9.05,59624
2005-04-08 00:00:00+05:30,9.24,9.69,9.0,9.12,91324
2005-04-11 00:00:00+05:30,9.37,9.37,8.8,8.99,53894
2005-04-12 00:00:00+05:30,8.94,8.95,8.94,8.95,9
2005-04-13 00:00:00+05:30,9.03,9.03,8.9,8.9,1499
2005-04-15 00:00:00+05:30,8.53,8.79,8.52,8.55,3549
2005-04-18 00:00:00+05:30,8.79,8.92,8.65,8.91,11469
2005-04-19 00:00:00+05:30,9.0,9.0,8.74,8.74,4614
2005-04-20 00:00:00+05:30,8.5,8.51,8.36,8.4,11764
2005-04-21 00:00:00+05:30,8.5,8.5,8.38,8.5,101749
2005-04-22 00:00:00+05:30,8.6,8.6,8.4,8.49,32769
2005-04-25 00:00:00+05:30,8.6,8.65,8.44,8.57,7249
2005-04-26 00:00:00+05:30,8.21,8.6,8.21,8.6,2749
2005-04-27 00:00:00+05:30,10.0,10.0,8.4,8.58,6684
2005-04-28 00:00:00+05:30,9.0,9.0,8.44,8.81,12274
2005-04-29 00:00:00+05:30,9.14,9.18,8.81,8.81,1634
2005-05-02 00:00:00+05:30,8.8,8.8,7.62,8.59,9959
2005-05-03 00:00:00+05:30,10.0,10.0,8.2,8.36,9584
2005-05-04 00:00:00+05:30,10.0,10.0,7.92,8.81,12134
2005-05-05 00:00:00+05:30,7.8,9.2,7.8,8.97,14109
2005-05-06 00:00:00+05:30,8.98,9.36,8.98,9.19,56789
2005-05-09 00:00:00+05:30,9.2,9.67,9.2,9.39,28039
2005-05-10 00:00:00+05:30,9.52,10.28,9.52,10.02,96249
2005-05-11 00:00:00+05:30,10.76,10.76,10.0,10.06,45994
2005-05-12 00:00:00+05:30,10.28,10.28,9.82,10.11,53519
2005-05-13 00:00:00+05:30,10.1,10.3,9.21,10.11,42944
2005-05-16 00:00:00+05:30,10.4,11.92,10.4,11.43,312619
2005-05-17 00:00:00+05:30,12.0,12.0,10.4,10.54,103219
2005-05-18 00:00:00+05:30,9.31,11.0,9.31,10.73,39319
2005-05-19 00:00:00+05:30,10.11,12.88,10.11,11.91,469944
2005-05-20 00:00:00+05:30,11.69,11.76,11.12,11.34,12824
2005-05-23 00:00:00+05:30,11.4,11.68,10.5,11.6,45509
2005-05-24 00:00:00+05:30,11.6,12.35,10.9,12.14,46329
2005-05-25 00:00:00+05:30,12.2,12.4,11.62,11.72,69834
2005-05-26 00:00:00+05:30,11.88,12.0,11.11,11.47,33619
2005-05-27 00:00:00+05:30,11.06,11.38,10.8,10.8,35124
2005-05-30 00:00:00+05:30,11.06,11.06,10.53,10.57,14749
2005-05-31 00:00:00+05:30,10.74,10.75,10.45,10.64,6749
2005-06-01 00:00:00+05:30,11.2,11.2,10.62,10.71,25584
2005-06-02 00:00:00+05:30,11.1,11.1,10.62,10.8,5749
2005-06-03 00:00:00+05:30,10.82,11.0,10.8,10.91,19874
2005-06-04 00:00:00+05:30,11.0,11.4,10.8,11.29,31039
2005-06-06 00:00:00+05:30,11.4,11.9,11.3,11.75,109899
2005-06-07 00:00:00+05:30,11.51,11.87,11.5,11.76,39169
2005-06-08 00:00:00+05:30,12.19,12.2,11.41,11.7,50704
2005-06-09 00:00:00+05:30,11.53,11.79,11.4,11.4,9354
2005-06-10 00:00:00+05:30,11.54,12.0,11.43,11.43,39734
2005-06-13 00:00:00+05:30,11.57,12.0,11.5,11.93,57169
2005-06-14 00:00:00+05:30,11.83,11.91,11.63,11.79,65999
2005-06-15 00:00:00+05:30,12.1,12.58,12.1,12.44,57674
2005-06-16 00:00:00+05:30,12.0,12.1,11.62,11.85,28974
2005-06-17 00:00:00+05:30,11.51,11.6,11.22,11.58,11374
2005-06-20 00:00:00+05:30,11.4,11.6,11.05,11.46,13499
2005-06-21 00:00:00+05:30,11.4,11.69,11.32,11.48,19004
2005-06-22 00:00:00+05:30,12.05,12.05,11.1,11.49,45249
2005-06-23 00:00:00+05:30,12.0,12.0,11.6,11.71,19299
2005-06-24 00:00:00+05:30,14.06,14.06,11.9,12.15,53629
2005-06-27 00:00:00+05:30,12.58,12.92,12.21,12.35,161494
2005-06-28 00:00:00+05:30,12.0,12.56,11.71,12.0,73099
2005-06-29 00:00:00+05:30,12.49,12.56,11.93,12.25,51574
2005-06-30 00:00:00+05:30,12.4,12.56,12.2,12.43,105834
2005-07-01 00:00:00+05:30,12.37,12.48,12.13,12.26,51774
2005-07-04 00:00:00+05:30,12.22,12.5,12.1,12.3,52824
2005-07-05 00:00:00+05:30,12.0,12.13,11.85,12.09,30299
2005-07-06 00:00:00+05:30,12.02,12.34,11.82,12.0,11214
2005-07-07 00:00:00+05:30,11.62,12.3,11.62,12.22,27624
2005-07-08 00:00:00+05:30,12.0,12.3,11.9,11.91,12844
2005-07-11 00:00:00+05:30,12.2,12.54,12.17,12.31,56959
2005-07-12 00:00:00+05:30,12.22,13.12,12.2,12.82,135479
2005-07-13 00:00:00+05:30,13.6,15.39,12.85,14.74,1194174
2005-07-14 00:00:00+05:30,14.8,15.37,14.04,14.26,584249
2005-07-15 00:00:00+05:30,14.7,16.38,14.28,15.44,1912759
2005-07-18 00:00:00+05:30,15.6,16.3,15.6,15.86,478599
2005-07-19 00:00:00+05:30,15.9,16.1,15.26,15.59,236199
2005-07-20 00:00:00+05:30,15.6,15.7,14.63,14.68,149244
2005-07-21 00:00:00+05:30,14.8,15.66,14.63,14.86,149954
2005-07-22 00:00:00+05:30,15.0,15.1,14.42,14.68,25119
2005-07-25 00:00:00+05:30,14.65,15.97,14.6,15.21,65824
2005-07-26 00:00:00+05:30,16.0,16.98,14.84,15.29,86584
2005-07-27 00:00:00+05:30,14.98,15.4,14.9,15.4,7069
2005-07-29 00:00:00+05:30,14.2,15.3,14.2,14.36,24424
2005-08-01 00:00:00+05:30,14.01,14.01,13.62,13.8,22499
2005-08-02 00:00:00+05:30,13.8,14.0,13.26,13.32,11304
2005-08-03 00:00:00+05:30,14.0,14.48,13.5,14.17,33549
2005-08-04 00:00:00+05:30,13.94,14.97,13.94,14.42,11304
2005-08-05 00:00:00+05:30,14.2,14.4,14.0,14.08,15199
2005-08-08 00:00:00+05:30,14.0,14.16,13.52,13.67,6854
2005-08-09 00:00:00+05:30,13.5,13.98,13.03,13.56,8484
2005-08-10 00:00:00+05:30,13.6,14.8,13.6,14.55,36774
2005-08-11 00:00:00+05:30,14.1,14.58,14.02,14.33,9924
2005-08-12 00:00:00+05:30,15.0,15.0,13.6,14.49,25874
2005-08-16 00:00:00+05:30,13.66,15.35,13.66,15.3,23969
2005-08-17 00:00:00+05:30,15.78,16.2,15.2,16.06,117744
2005-08-18 00:00:00+05:30,16.2,16.6,15.21,16.02,81314
2005-08-19 00:00:00+05:30,16.2,16.7,16.0,16.47,96719
2005-08-22 00:00:00+05:30,16.41,18.8,16.41,17.82,302734
2005-08-23 00:00:00+05:30,17.83,18.38,16.2,16.26,72949
2005-08-24 00:00:00+05:30,13.4,17.0,13.4,16.2,35399
2005-08-25 00:00:00+05:30,16.6,16.65,16.03,16.22,20599
2005-08-26 00:00:00+05:30,16.71,18.4,16.71,17.82,111484
2005-08-29 00:00:00+05:30,16.71,17.98,16.7,17.81,26699
2005-08-30 00:00:00+05:30,14.6,18.2,14.6,17.58,36174
2005-08-31 00:00:00+05:30,17.01,20.0,17.01,18.6,76634
2005-09-01 00:00:00+05:30,19.39,19.39,17.46,18.57,41449
2005-09-02 00:00:00+05:30,18.48,18.7,17.67,17.77,23819
2005-09-05 00:00:00+05:30,17.82,18.14,17.23,17.57,32769
2005-09-06 00:00:00+05:30,17.45,17.8,17.45,17.71,4499
2005-09-08 00:00:00+05:30,17.81,17.81,16.6,16.77,57449
2005-09-09 00:00:00+05:30,17.5,17.58,16.6,16.95,12874
2005-09-12 00:00:00+05:30,17.6,19.0,16.43,18.22,54354
2005-09-13 00:00:00+05:30,18.56,21.6,18.22,20.7,273889
2005-09-14 00:00:00+05:30,20.0,20.9,18.4,19.0,86314
2005-09-15 00:00:00+05:30,19.8,20.6,18.61,20.3,154079
2005-09-16 00:00:00+05:30,20.6,23.0,20.2,21.75,187884
2005-09-19 00:00:00+05:30,23.28,25.0,23.0,23.73,303429
2005-09-20 00:00:00+05:30,23.4,23.5,21.4,21.62,77484
2005-09-21 00:00:00+05:30,22.34,22.34,20.54,20.54,43709
2005-09-22 00:00:00+05:30,20.5,20.5,19.52,19.52,16439
2005-09-23 00:00:00+05:30,19.0,19.0,18.55,18.55,26624
2005-09-26 00:00:00+05:30,17.63,18.98,17.63,18.68,43614
2005-09-27 00:00:00+05:30,18.51,18.8,17.75,17.83,37059
2005-09-28 00:00:00+05:30,17.82,17.82,16.94,17.1,58449
2005-09-29 00:00:00+05:30,17.08,17.58,16.4,16.54,43324
2005-09-30 00:00:00+05:30,16.4,16.4,15.72,15.72,14774
2005-10-03 00:00:00+05:30,15.4,16.36,15.22,16.2,29114
2005-10-04 00:00:00+05:30,16.8,17.01,16.64,17.0,7299
2005-10-05 00:00:00+05:30,17.0,17.2,16.3,16.8,15749
2005-10-06 00:00:00+05:30,16.4,17.29,15.96,15.98,23564
2005-10-07 00:00:00+05:30,16.0,16.57,15.3,15.85,16569
2005-10-10 00:00:00+05:30,15.48,16.64,15.48,15.53,19549
2005-10-11 00:00:00+05:30,15.23,15.3,14.76,14.83,16734
2005-10-13 00:00:00+05:30,15.0,15.2,14.41,14.43,15824
2005-10-14 00:00:00+05:30,14.0,14.35,14.0,14.12,21004
2005-10-17 00:00:00+05:30,14.34,14.36,13.42,13.44,32034
2005-10-18 00:00:00+05:30,13.37,14.12,13.0,13.73,21669
2005-10-19 00:00:00+05:30,13.2,13.8,13.2,13.35,17029
2005-10-20 00:00:00+05:30,14.0,14.0,12.69,12.69,10524
2005-10-21 00:00:00+05:30,13.0,13.0,12.23,12.79,7824
2005-10-24 00:00:00+05:30,12.41,12.8,12.41,12.73,6889
2005-10-25 00:00:00+05:30,12.22,13.2,12.21,13.19,5194
2005-10-26 00:00:00+05:30,13.2,13.85,12.63,12.68,30394
2005-10-27 00:00:00+05:30,12.42,13.3,12.42,12.73,7749
2005-10-28 00:00:00+05:30,13.32,13.37,12.13,12.13,11549
2005-10-31 00:00:00+05:30,12.0,12.7,12.0,12.4,10104
2005-11-01 00:00:00+05:30,12.94,12.94,12.12,12.79,289
2005-11-02 00:00:00+05:30,12.32,13.0,12.28,12.48,7304
2005-11-07 00:00:00+05:30,12.4,13.11,12.4,13.1,6534
2005-11-08 00:00:00+05:30,13.4,13.76,13.39,13.63,9754
2005-11-09 00:00:00+05:30,13.6,14.2,13.34,13.76,9724
2005-11-10 00:00:00+05:30,13.8,14.29,13.8,13.88,7199
2005-11-11 00:00:00+05:30,13.7,14.22,13.7,14.15,9999
2005-11-14 00:00:00+05:30,14.39,14.5,13.62,13.78,12899
2005-11-16 00:00:00+05:30,13.99,14.0,13.1,14.0,7299
2005-11-17 00:00:00+05:30,13.45,13.76,13.3,13.6,5899
2005-11-18 00:00:00+05:30,13.4,14.27,13.32,14.27,292709
2005-11-21 00:00:00+05:30,14.99,14.99,14.99,14.99,9124
2005-11-22 00:00:00+05:30,15.73,15.74,15.7,15.74,25699
2005-11-23 00:00:00+05:30,16.53,16.53,16.0,16.53,269569
2005-11-24 00:00:00+05:30,16.64,17.0,16.0,16.81,37114
2005-11-25 00:00:00+05:30,16.8,17.07,16.4,16.85,27119
2005-11-26 00:00:00+05:30,17.58,17.58,16.8,16.8,5349
2005-11-28 00:00:00+05:30,17.0,17.15,16.42,16.8,20664
2005-11-29 00:00:00+05:30,16.4,16.4,15.96,16.0,20259
2005-11-30 00:00:00+05:30,15.25,16.08,15.22,15.39,32804
2005-12-01 00:00:00+05:30,14.71,15.9,14.71,15.01,5289
2005-12-02 00:00:00+05:30,15.14,15.14,14.85,14.85,7519
2005-12-05 00:00:00+05:30,15.29,15.29,14.82,15.19,13249
2005-12-06 00:00:00+05:30,15.39,15.8,14.8,15.2,5664
2005-12-07 00:00:00+05:30,15.4,15.87,15.32,15.34,6414
2005-12-08 00:00:00+05:30,15.4,16.11,15.4,16.11,56504
2005-12-09 00:00:00+05:30,16.77,16.92,16.6,16.77,35459
2005-12-12 00:00:00+05:30,17.1,17.5,16.5,16.6,32469
2005-12-13 00:00:00+05:30,16.42,16.7,16.31,16.66,14249
2005-12-14 00:00:00+05:30,16.27,16.27,15.93,15.98,13074
2005-12-15 00:00:00+05:30,16.08,16.21,15.47,16.02,9874
2005-12-16 00:00:00+05:30,16.76,16.76,15.7,15.72,6779
2005-12-19 00:00:00+05:30,15.96,15.96,15.7,15.7,8499
2005-12-20 00:00:00+05:30,15.62,15.8,15.5,15.5,4904
2005-12-21 00:00:00+05:30,15.05,15.95,15.05,15.82,22894
2005-12-22 00:00:00+05:30,15.98,16.6,15.84,16.58,23379
2005-12-23 00:00:00+05:30,16.1,16.5,16.09,16.14,13779
2005-12-26 00:00:00+05:30,15.56,16.0,15.56,15.68,9124
2005-12-27 00:00:00+05:30,16.18,16.3,15.58,16.21,12919
2005-12-28 00:00:00+05:30,16.21,16.21,15.75,16.18,1574
2005-12-29 00:00:00+05:30,16.14,16.56,16.14,16.56,3989
2005-12-30 00:00:00+05:30,16.6,16.8,16.06,16.17,10529
2006-01-02 00:00:00+05:30,16.4,16.55,16.2,16.55,4124
2006-01-03 00:00:00+05:30,16.69,17.38,16.0,17.21,54944
2006-01-04 00:00:00+05:30,17.87,17.87,16.7,16.95,13749
2006-01-05 00:00:00+05:30,16.8,17.0,16.55,16.55,6049
2006-01-06 00:00:00+05:30,17.0,17.2,16.74,16.79,68499
2006-01-09 00:00:00+05:30,16.6,16.8,16.5,16.8,13599
2006-01-10 00:00:00+05:30,16.02,16.4,16.01,16.2,54124
2006-01-12 00:00:00+05:30,16.2,16.68,16.2,16.2,57184
2006-01-13 00:00:00+05:30,16.8,16.8,16.1,16.21,59899
2006-01-16 00:00:00+05:30,16.58,16.58,16.01,16.13,81164
2006-01-17 00:00:00+05:30,16.02,16.3,15.95,16.1,65539
2006-01-18 00:00:00+05:30,16.2,16.2,15.5,15.7,27249
2006-01-19 00:00:00+05:30,16.0,16.49,15.6,16.45,11404
2006-01-20 00:00:00+05:30,17.28,17.28,16.84,17.02,48799
2006-01-23 00:00:00+05:30,16.8,17.15,16.8,17.0,39104
2006-01-24 00:00:00+05:30,16.52,16.8,16.5,16.6,11899
2006-01-25 00:00:00+05:30,16.6,17.43,16.2,17.0,70189
2006-01-27 00:00:00+05:30,17.0,17.0,16.4,16.4,14949
2006-01-30 00:00:00+05:30,16.96,17.22,16.5,17.22,15269
2006-01-31 00:00:00+05:30,17.2,18.08,17.2,17.28,56424
2006-02-01 00:00:00+05:30,16.9,17.0,16.43,16.43,28599
2006-02-02 00:00:00+05:30,17.0,17.0,15.66,15.75,12374
2006-02-03 00:00:00+05:30,15.84,15.84,15.0,15.18,42244
2006-02-06 00:00:00+05:30,15.77,15.77,15.3,15.3,1494
2006-02-07 00:00:00+05:30,15.79,16.07,15.45,16.06,12064
2006-02-08 00:00:00+05:30,16.0,16.3,16.0,16.2,12289
2006-02-10 00:00:00+05:30,16.4,16.78,16.2,16.27,7049
2006-02-13 00:00:00+05:30,16.93,16.96,16.61,16.61,15524
2006-02-14 00:00:00+05:30,16.7,17.2,16.7,17.02,54814
2006-02-15 00:00:00+05:30,17.1,17.1,16.21,16.4,121299
2006-02-16 00:00:00+05:30,16.03,17.22,16.03,16.88,30374
2006-02-17 00:00:00+05:30,17.08,17.36,16.76,17.05,16759
2006-02-20 00:00:00+05:30,16.41,16.88,16.41,16.43,1524
2006-02-21 00:00:00+05:30,16.2,17.15,16.2,16.95,14814
2006-02-22 00:00:00+05:30,17.5,17.8,17.15,17.32,25634
2006-02-23 00:00:00+05:30,16.61,17.0,16.6,16.6,16279
2006-02-24 00:00:00+05:30,16.6,16.99,16.6,16.75,6924
2006-02-27 00:00:00+05:30,16.7,17.0,16.7,16.75,24599
2006-02-28 00:00:00+05:30,16.6,16.67,16.35,16.41,9454
2006-03-01 00:00:00+05:30,16.05,16.5,15.96,16.0,6584
2006-03-02 00:00:00+05:30,16.2,16.43,15.72,16.29,10604
2006-03-03 00:00:00+05:30,15.76,15.92,15.61,15.61,2449
2006-03-06 00:00:00+05:30,15.32,16.0,15.3,15.54,22949
2006-03-07 00:00:00+05:30,15.96,15.99,15.65,15.66,9699
2006-03-08 00:00:00+05:30,15.66,16.0,15.66,15.9,14564
2006-03-09 00:00:00+05:30,16.47,16.47,15.45,15.94,8059
2006-03-10 00:00:00+05:30,15.76,15.94,15.71,15.94,3709
2006-03-13 00:00:00+05:30,16.0,16.0,15.5,15.58,7174
2006-03-14 00:00:00+05:30,16.0,16.0,15.51,15.71,11529
2006-03-16 00:00:00+05:30,15.51,15.99,15.5,15.56,3499
2006-03-17 00:00:00+05:30,15.3,15.6,15.22,15.44,17284
2006-03-20 00:00:00+05:30,15.3,15.4,15.05,15.3,41124
2006-03-21 00:00:00+05:30,15.13,15.7,15.13,15.51,25339
2006-03-22 00:00:00+05:30,14.86,15.56,14.8,15.17,19009
2006-03-23 00:00:00+05:30,15.0,15.6,14.86,15.6,20499
2006-03-24 00:00:00+05:30,15.9,16.38,15.5,16.28,15079
2006-03-27 00:00:00+05:30,16.44,17.1,16.4,17.1,46009
2006-03-28 00:00:00+05:30,17.87,17.87,16.74,16.8,30309
2006-03-29 00:00:00+05:30,16.7,16.8,16.12,16.6,2464
2006-03-30 00:00:00+05:30,17.0,17.21,16.52,17.1,9834
2006-03-31 00:00:00+05:30,17.15,17.2,16.69,17.0,2824
2006-04-03 00:00:00+05:30,16.67,17.75,16.67,17.51,16919
2006-04-04 00:00:00+05:30,17.24,17.6,17.12,17.46,20174
2006-04-05 00:00:00+05:30,17.6,17.6,16.88,17.29,16039
2006-04-07 00:00:00+05:30,18.12,18.12,17.6,17.6,22599
2006-04-10 00:00:00+05:30,18.5,18.69,17.61,18.41,24664
2006-04-12 00:00:00+05:30,18.6,20.26,18.6,20.26,86534
2006-04-13 00:00:00+05:30,22.17,22.2,19.24,19.63,56854
2006-04-17 00:00:00+05:30,20.0,20.4,19.0,20.04,24639
2006-04-18 00:00:00+05:30,20.0,20.4,19.21,19.26,13119
2006-04-19 00:00:00+05:30,20.6,20.6,18.89,19.44,17549
2006-04-20 00:00:00+05:30,19.8,19.99,18.96,19.14,4394
2006-04-21 00:00:00+05:30,18.41,18.8,18.41,18.8,11179
2006-04-24 00:00:00+05:30,19.09,19.6,18.44,18.61,25004
2006-04-25 00:00:00+05:30,18.06,19.2,18.01,18.45,37874
2006-04-26 00:00:00+05:30,18.06,20.28,18.05,19.9,32439
2006-04-27 00:00:00+05:30,19.2,19.99,19.0,19.28,24599
2006-04-28 00:00:00+05:30,18.62,19.34,18.53,19.04,19399
2006-04-29 00:00:00+05:30,19.6,20.39,19.35,19.56,6249
2006-05-02 00:00:00+05:30,20.58,20.58,19.27,19.3,2589
2006-05-03 00:00:00+05:30,18.9,18.92,18.9,18.9,2024
2006-05-04 00:00:00+05:30,19.7,20.0,18.29,19.6,20709
2006-05-05 00:00:00+05:30,19.59,19.6,19.22,19.47,27249
2006-05-08 00:00:00+05:30,21.19,21.2,18.8,19.17,19769
2006-05-09 00:00:00+05:30,19.02,21.09,19.02,21.09,76724
2006-05-10 00:00:00+05:30,20.4,23.16,20.4,21.89,91139
2006-05-11 00:00:00+05:30,21.0,22.97,21.0,21.84,40509
2006-05-12 00:00:00+05:30,21.62,23.0,21.4,21.78,27579
2006-05-15 00:00:00+05:30,22.2,22.25,20.51,20.67,23539
2006-05-16 00:00:00+05:30,20.8,22.0,19.0,20.94,62284
2006-05-17 00:00:00+05:30,21.2,23.04,21.2,22.31,91724
2006-05-18 00:00:00+05:30,22.0,23.99,20.08,20.08,103464
2006-05-19 00:00:00+05:30,20.26,20.8,18.1,18.9,68394
2006-05-22 00:00:00+05:30,19.0,19.0,17.01,17.14,18714
2006-05-23 00:00:00+05:30,18.09,18.79,17.8,18.56,4324
2006-05-24 00:00:00+05:30,18.6,19.0,16.86,17.57,9894
2006-05-25 00:00:00+05:30,18.2,18.2,16.9,17.36,12799
2006-05-26 00:00:00+05:30,17.9,18.23,17.13,17.42,15914
2006-05-29 00:00:00+05:30,18.0,18.27,17.4,17.4,6174
2006-05-30 00:00:00+05:30,17.66,18.14,17.64,17.72,9174
2006-05-31 00:00:00+05:30,16.86,16.99,16.86,16.86,1874
2006-06-01 00:00:00+05:30,16.8,17.19,16.2,16.33,4414
2006-06-02 00:00:00+05:30,16.22,16.7,15.6,15.89,10314
2006-06-05 00:00:00+05:30,15.8,15.8,15.2,15.2,13124
2006-06-06 00:00:00+05:30,15.39,15.39,14.45,14.45,4064
2006-06-07 00:00:00+05:30,14.11,14.2,13.8,13.87,11289
2006-06-08 00:00:00+05:30,13.4,13.4,13.4,13.4,2499
2006-06-09 00:00:00+05:30,13.57,13.76,12.91,13.64,4534
2006-06-12 00:00:00+05:30,13.2,13.4,13.0,13.4,1279
2006-06-13 00:00:00+05:30,12.8,13.35,12.1,12.12,5479
2006-06-14 00:00:00+05:30,11.6,13.2,11.03,11.03,15034
2006-06-15 00:00:00+05:30,11.4,11.59,10.5,11.56,23139
2006-06-16 00:00:00+05:30,11.63,12.14,11.63,12.14,3849
2006-06-19 00:00:00+05:30,12.6,12.6,11.8,11.85,3024
2006-06-20 00:00:00+05:30,12.0,12.4,11.86,12.26,12494
2006-06-21 00:00:00+05:30,12.0,12.87,12.0,12.87,5504
2006-06-22 00:00:00+05:30,13.4,13.52,13.4,13.52,5184
2006-06-23 00:00:00+05:30,13.9,14.2,13.9,14.2,3829
2006-06-26 00:00:00+05:30,14.2,14.2,13.6,13.6,2779
2006-06-27 00:00:00+05:30,12.92,12.92,12.92,12.92,7154
2006-06-28 00:00:00+05:30,12.93,12.93,12.45,12.45,684
2006-06-30 00:00:00+05:30,12.41,13.08,12.2,13.05,21894
2006-07-03 00:00:00+05:30,13.6,13.6,12.68,12.68,799
2006-07-04 00:00:00+05:30,13.3,13.3,12.61,13.2,2249
2006-07-05 00:00:00+05:30,13.33,13.33,12.62,12.99,1179
2006-07-06 00:00:00+05:30,13.49,13.49,13.0,13.1,1279
2006-07-07 00:00:00+05:30,13.5,13.5,12.8,12.81,28034
2006-07-10 00:00:00+05:30,12.22,12.56,12.22,12.54,179
2006-07-12 00:00:00+05:30,12.8,13.17,12.8,13.12,3564
2006-07-13 00:00:00+05:30,12.8,13.0,12.79,12.8,2849
2006-07-14 00:00:00+05:30,12.44,12.74,12.4,12.68,2004
2006-07-17 00:00:00+05:30,13.27,13.27,12.45,12.57,5429
2006-07-18 00:00:00+05:30,13.0,13.0,13.0,13.0,4
2006-07-19 00:00:00+05:30,13.65,13.65,12.35,12.53,509
2006-07-20 00:00:00+05:30,12.4,12.4,12.36,12.36,8374
2006-07-24 00:00:00+05:30,12.25,12.25,11.8,11.81,3099
2006-07-25 00:00:00+05:30,11.9,12.12,11.52,12.12,3004
2006-07-26 00:00:00+05:30,12.26,12.26,11.8,11.8,279
2006-07-27 00:00:00+05:30,12.16,12.21,11.81,11.81,2749
2006-07-28 00:00:00+05:30,12.24,12.25,12.2,12.2,1129
2006-07-31 00:00:00+05:30,12.7,12.7,12.05,12.7,1759
2006-08-01 00:00:00+05:30,13.32,13.32,12.11,12.14,2054
2006-08-02 00:00:00+05:30,11.65,12.18,11.6,11.66,6379
2006-08-03 00:00:00+05:30,12.0,12.25,12.0,12.25,10759
2006-08-04 00:00:00+05:30,12.25,12.68,12.25,12.4,2124
2006-08-07 00:00:00+05:30,13.0,13.0,12.96,12.96,499
2006-08-08 00:00:00+05:30,12.42,12.97,12.42,12.79,1259
2006-08-09 00:00:00+05:30,12.8,13.0,12.62,12.62,5084
2006-08-10 00:00:00+05:30,13.2,13.2,12.64,12.97,3589
2006-08-11 00:00:00+05:30,13.62,14.27,13.43,14.27,19519
2006-08-14 00:00:00+05:30,15.5,15.58,14.59,14.77,9664
2006-08-16 00:00:00+05:30,14.99,14.99,14.4,14.8,7044
2006-08-17 00:00:00+05:30,14.02,14.36,14.02,14.15,5254
2006-08-18 00:00:00+05:30,14.08,15.0,14.06,14.94,4374
2006-08-21 00:00:00+05:30,15.2,15.2,14.21,14.94,6499
2006-08-22 00:00:00+05:30,14.25,15.22,13.83,14.03,31729
2006-08-23 00:00:00+05:30,14.0,14.39,13.27,13.41,22264
2006-08-24 00:00:00+05:30,12.8,13.46,12.6,13.1,18424
2006-08-25 00:00:00+05:30,12.06,14.2,12.06,13.62,17099
2006-08-28 00:00:00+05:30,14.6,14.8,13.74,13.98,11009
2006-08-29 00:00:00+05:30,15.0,15.0,13.36,14.15,26734
2006-08-30 00:00:00+05:30,14.9,14.9,13.9,13.93,6399
2006-08-31 00:00:00+05:30,14.6,14.6,13.32,13.35,12699
2006-09-01 00:00:00+05:30,14.2,14.2,13.33,13.8,5749
2006-09-04 00:00:00+05:30,14.6,14.6,13.3,13.78,7339
2006-09-05 00:00:00+05:30,13.66,13.99,13.65,13.79,5374
2006-09-06 00:00:00+05:30,13.79,14.2,13.7,13.8,2304
2006-09-07 00:00:00+05:30,12.97,14.14,12.97,13.78,1974
2006-09-08 00:00:00+05:30,13.79,13.79,13.48,13.78,8004
2006-09-11 00:00:00+05:30,13.62,13.7,13.3,13.42,3349
2006-09-12 00:00:00+05:30,13.5,13.7,13.4,13.51,5454
2006-09-13 00:00:00+05:30,13.8,13.98,13.42,13.47,10469
2006-09-14 00:00:00+05:30,13.6,13.6,13.11,13.35,34349
2006-09-15 00:00:00+05:30,13.79,13.79,13.24,13.43,2384
2006-09-18 00:00:00+05:30,13.24,13.7,13.24,13.48,7389
2006-09-19 00:00:00+05:30,13.73,13.8,13.44,13.61,11249
2006-09-20 00:00:00+05:30,13.21,14.1,13.21,14.1,14204
2006-09-21 00:00:00+05:30,13.51,14.3,13.51,14.0,3804
2006-09-22 00:00:00+05:30,13.8,13.98,13.42,13.52,8799
2006-09-25 00:00:00+05:30,14.0,14.17,13.83,14.05,18304
2006-09-26 00:00:00+05:30,14.07,14.6,14.07,14.6,5094
2006-09-27 00:00:00+05:30,14.06,14.46,13.84,14.1,4034
2006-09-28 00:00:00+05:30,14.0,14.78,13.87,14.26,3874
2006-09-29 00:00:00+05:30,14.7,14.7,13.93,14.1,2819
2006-10-03 00:00:00+05:30,14.59,14.85,14.47,14.72,4439
2006-10-04 00:00:00+05:30,14.85,14.85,14.15,14.3,3259
2006-10-05 00:00:00+05:30,14.69,14.8,14.6,14.6,3689
2006-10-06 00:00:00+05:30,15.05,15.49,14.8,15.32,6609
2006-10-09 00:00:00+05:30,15.24,16.0,14.7,15.56,10324
2006-10-10 00:00:00+05:30,15.01,15.51,14.73,14.76,3634
2006-10-11 00:00:00+05:30,14.82,15.19,14.67,15.1,6269
2006-10-13 00:00:00+05:30,14.64,14.89,14.6,14.6,4499
2006-10-16 00:00:00+05:30,14.46,14.46,14.12,14.14,549
2006-10-17 00:00:00+05:30,14.0,14.38,13.9,13.94,1699
2006-10-18 00:00:00+05:30,14.0,14.0,14.0,14.0,1499
2006-10-19 00:00:00+05:30,14.4,14.4,13.77,14.18,4284
2006-10-20 00:00:00+05:30,13.65,15.1,13.57,14.27,1299
2006-10-23 00:00:00+05:30,13.45,13.45,13.45,13.45,99
2006-10-26 00:00:00+05:30,14.0,14.38,13.5,14.0,2139
2006-10-27 00:00:00+05:30,14.64,14.68,13.85,14.33,3469
2006-10-30 00:00:00+05:30,15.6,15.6,14.0,14.08,7754
2006-10-31 00:00:00+05:30,15.0,15.48,14.0,14.41,25869
2006-11-01 00:00:00+05:30,14.94,14.96,14.94,14.96,3299
2006-11-02 00:00:00+05:30,14.8,14.8,14.6,14.6,3804
2006-11-03 00:00:00+05:30,14.4,14.99,14.2,14.67,2954
2006-11-06 00:00:00+05:30,14.87,14.87,14.12,14.24,2549
2006-11-07 00:00:00+05:30,15.2,15.4,14.6,14.6,25789
2006-11-08 00:00:00+05:30,13.86,14.46,13.65,14.03,2479
2006-11-09 00:00:00+05:30,13.92,14.4,13.9,14.1,8089
2006-11-10 00:00:00+05:30,14.24,14.24,13.91,13.99,16404
2006-11-13 00:00:00+05:30,13.85,14.2,13.85,14.2,10284
2006-11-14 00:00:00+05:30,14.54,14.54,13.94,14.17,11069
2006-11-15 00:00:00+05:30,14.58,14.58,13.84,13.91,8239
2006-11-16 00:00:00+05:30,14.0,14.63,13.88,14.0,5999
2006-11-17 00:00:00+05:30,13.42,14.0,13.42,13.6,22024
2006-11-20 00:00:00+05:30,13.6,13.6,13.6,13.6,1249
2006-11-21 00:00:00+05:30,14.6,14.6,13.42,13.59,3844
2006-11-22 00:00:00+05:30,13.31,13.7,13.28,13.59,5949
2006-11-23 00:00:00+05:30,14.05,14.2,14.05,14.05,7049
2006-11-24 00:00:00+05:30,14.55,15.4,14.38,14.6,31599
2006-11-27 00:00:00+05:30,13.61,14.6,13.61,14.4,12039
2006-11-28 00:00:00+05:30,14.08,14.78,14.0,14.28,22774
2006-11-29 00:00:00+05:30,14.78,15.71,14.42,14.76,24384
2006-11-30 00:00:00+05:30,15.1,16.18,15.04,15.56,41989
2006-12-01 00:00:00+05:30,16.0,17.12,15.98,17.12,83849
2006-12-04 00:00:00+05:30,17.4,18.83,15.8,16.15,55039
2006-12-05 00:00:00+05:30,15.85,16.59,15.25,15.58,21209
2006-12-06 00:00:00+05:30,15.6,15.6,14.95,14.99,20319
2006-12-07 00:00:00+05:30,15.1,15.1,14.6,14.96,14439
2006-12-08 00:00:00+05:30,15.0,16.39,14.26,15.16,11294
2006-12-11 00:00:00+05:30,15.01,16.24,13.85,14.66,20544
2006-12-12 00:00:00+05:30,14.7,15.93,13.5,13.68,22229
2006-12-13 00:00:00+05:30,13.21,13.8,13.11,13.77,121389
2006-12-14 00:00:00+05:30,13.68,14.99,13.68,14.62,12234
2006-12-15 00:00:00+05:30,14.52,15.0,14.5,15.0,16124
2006-12-18 00:00:00+05:30,14.6,15.24,14.41,14.57,1054
2006-12-19 00:00:00+05:30,14.35,14.8,13.75,14.13,4739
2006-12-20 00:00:00+05:30,13.82,14.34,13.22,13.8,4799
2006-12-21 00:00:00+05:30,14.2,14.4,14.2,14.4,10999
2006-12-22 00:00:00+05:30,14.6,14.6,14.26,14.39,29104
2006-12-26 00:00:00+05:30,14.75,14.75,14.42,14.7,294
2006-12-27 00:00:00+05:30,14.8,14.8,14.51,14.78,33034
2006-12-28 00:00:00+05:30,13.79,14.94,13.76,14.43,3624
2006-12-29 00:00:00+05:30,14.4,14.59,14.4,14.59,2624
2007-01-02 00:00:00+05:30,13.2,15.19,13.2,14.79,24499
2007-01-03 00:00:00+05:30,14.8,15.0,14.62,14.69,1424
2007-01-04 00:00:00+05:30,15.8,15.8,14.0,14.37,109344
2007-01-05 00:00:00+05:30,14.98,15.01,14.6,14.88,4774
2007-01-08 00:00:00+05:30,13.66,15.4,13.66,14.6,17809
2007-01-10 00:00:00+05:30,14.6,14.6,14.6,14.6,249
2007-01-11 00:00:00+05:30,13.22,14.74,13.22,14.6,24004
2007-01-12 00:00:00+05:30,14.02,14.6,13.96,14.6,9819
2007-01-15 00:00:00+05:30,14.4,14.4,14.0,14.08,16959
2007-01-16 00:00:00+05:30,14.0,14.74,13.82,14.28,5919
2007-01-17 00:00:00+05:30,15.68,15.68,14.0,14.6,34484
2007-01-18 00:00:00+05:30,14.33,14.8,14.21,14.29,13729
2007-01-19 00:00:00+05:30,14.21,14.4,14.13,14.13,6049
2007-01-22 00:00:00+05:30,14.06,14.11,14.05,14.09,2274
2007-01-23 00:00:00+05:30,14.3,14.3,14.3,14.3,999
2007-01-24 00:00:00+05:30,13.3,14.54,13.3,14.0,24509
2007-01-25 00:00:00+05:30,14.39,14.39,13.8,13.95,2919
2007-01-29 00:00:00+05:30,15.34,15.34,13.97,14.5,23504
2007-01-31 00:00:00+05:30,13.72,14.37,13.72,14.07,1124
2007-02-01 00:00:00+05:30,15.14,15.14,13.96,13.96,5484
2007-02-02 00:00:00+05:30,13.46,14.38,13.46,14.0,14424
2007-02-05 00:00:00+05:30,14.05,14.4,13.86,13.92,2424
2007-02-06 00:00:00+05:30,13.85,13.85,13.85,13.85,999
2007-02-07 00:00:00+05:30,14.02,14.6,14.0,14.6,11269
2007-02-08 00:00:00+05:30,14.0,14.03,13.9,13.93,499
2007-02-09 00:00:00+05:30,14.0,14.0,13.6,13.62,1774
2007-02-12 00:00:00+05:30,13.62,13.62,12.83,13.59,1554
2007-02-13 00:00:00+05:30,12.98,13.75,12.98,13.75,299
2007-02-14 00:00:00+05:30,15.2,15.2,13.02,13.67,1369
2007-02-15 00:00:00+05:30,13.7,13.7,13.11,13.22,5049
2007-02-19 00:00:00+05:30,13.89,13.89,12.71,12.9,1694
2007-02-20 00:00:00+05:30,14.24,14.24,12.6,13.07,3304
2007-02-21 00:00:00+05:30,12.4,13.51,12.31,12.69,8759
2007-02-22 00:00:00+05:30,11.8,12.9,11.8,12.44,2389
2007-02-23 00:00:00+05:30,12.91,12.91,10.67,11.96,10974
2007-02-26 00:00:00+05:30,11.41,11.6,11.4,11.47,1219
2007-02-27 00:00:00+05:30,11.8,11.8,11.7,11.7,4444
2007-02-28 00:00:00+05:30,12.0,12.0,10.46,11.98,13439
2007-03-01 00:00:00+05:30,11.6,11.6,11.6,11.6,99
2007-03-02 00:00:00+05:30,11.36,11.36,11.24,11.24,1499
2007-03-05 00:00:00+05:30,10.9,11.38,10.56,11.27,5509
2007-03-06 00:00:00+05:30,11.21,11.21,10.47,11.0,25824
2007-03-07 00:00:00+05:30,10.61,10.61,10.4,10.51,424
2007-03-08 00:00:00+05:30,10.23,10.6,10.23,10.6,1249
2007-03-09 00:00:00+05:30,10.4,10.76,10.15,10.32,8379
2007-03-12 00:00:00+05:30,10.2,10.22,10.2,10.22,824
2007-03-13 00:00:00+05:30,10.6,11.55,10.6,11.55,2999
2007-03-14 00:00:00+05:30,10.4,12.39,10.4,11.95,21514
2007-03-15 00:00:00+05:30,11.04,11.95,11.04,11.83,5104
2007-03-16 00:00:00+05:30,12.3,12.3,11.1,11.6,30744
2007-03-19 00:00:00+05:30,11.25,12.1,10.63,11.44,43374
2007-03-20 00:00:00+05:30,11.85,11.85,11.01,11.38,28429
2007-03-21 00:00:00+05:30,11.4,11.4,11.4,11.4,1999
2007-03-22 00:00:00+05:30,10.41,12.19,10.41,12.19,12504
2007-03-23 00:00:00+05:30,12.97,12.97,11.21,12.17,10049
2007-03-26 00:00:00+05:30,12.21,12.21,10.45,11.17,6074
2007-03-28 00:00:00+05:30,10.88,11.78,10.8,10.99,23769
2007-03-30 00:00:00+05:30,11.98,11.98,10.69,11.77,2009
2007-04-02 00:00:00+05:30,11.75,11.76,10.83,10.83,2004
2007-04-04 00:00:00+05:30,11.38,11.38,11.38,11.38,4999
2007-04-05 00:00:00+05:30,11.4,11.4,11.2,11.2,2749
2007-04-09 00:00:00+05:30,11.01,11.4,10.72,11.27,16254
2007-04-10 00:00:00+05:30,11.02,11.02,11.0,11.0,2524
2007-04-11 00:00:00+05:30,11.2,11.4,11.03,11.4,15439
2007-04-12 00:00:00+05:30,11.12,11.22,11.12,11.22,599
2007-04-17 00:00:00+05:30,12.14,12.14,11.63,11.63,2549
2007-04-18 00:00:00+05:30,12.03,12.14,11.35,11.35,2099
2007-04-19 00:00:00+05:30,11.2,12.19,11.2,11.95,1524
2007-04-20 00:00:00+05:30,11.29,11.99,11.29,11.99,3544
2007-04-23 00:00:00+05:30,11.18,12.37,11.18,11.98,3429
2007-04-24 00:00:00+05:30,12.02,13.18,12.01,13.18,10994
2007-04-25 00:00:00+05:30,14.0,14.15,13.42,13.86,1839
2007-04-26 00:00:00+05:30,13.86,13.86,13.2,13.2,2639
2007-04-27 00:00:00+05:30,13.2,13.2,12.8,12.82,10504
2007-04-30 00:00:00+05:30,12.8,13.0,12.8,13.0,5049
2007-05-08 00:00:00+05:30,13.0,13.04,12.4,12.69,39929
2007-05-09 00:00:00+05:30,13.0,13.33,13.0,13.33,1749
2007-05-10 00:00:00+05:30,13.51,14.0,13.51,13.99,30404
2007-05-11 00:00:00+05:30,14.67,14.67,13.74,14.0,6899
2007-05-14 00:00:00+05:30,14.1,14.1,14.1,14.1,124
2007-05-15 00:00:00+05:30,13.9,14.4,13.9,14.1,9749
2007-05-16 00:00:00+05:30,13.82,14.4,13.82,14.05,2139
2007-05-17 00:00:00+05:30,14.28,14.6,14.28,14.6,4139
2007-05-18 00:00:00+05:30,13.87,14.0,13.87,13.87,6249
2007-05-21 00:00:00+05:30,13.82,14.13,13.6,13.81,15409
2007-05-22 00:00:00+05:30,13.22,13.88,13.22,13.4,59
2007-05-23 00:00:00+05:30,13.95,13.96,13.24,13.6,20249
2007-05-24 00:00:00+05:30,13.05,14.0,13.05,14.0,7749
2007-05-25 00:00:00+05:30,14.0,14.55,14.0,14.0,1999
2007-05-28 00:00:00+05:30,13.8,13.8,13.8,13.8,12499
2007-05-29 00:00:00+05:30,13.67,14.49,13.6,13.99,9824
2007-05-30 00:00:00+05:30,13.52,14.0,13.52,14.0,4349
2007-05-31 00:00:00+05:30,13.88,14.0,13.66,14.0,8774
2007-06-01 00:00:00+05:30,14.0,14.0,13.99,13.99,2369
2007-06-04 00:00:00+05:30,13.4,13.6,13.4,13.6,424
2007-06-05 00:00:00+05:30,13.6,13.6,13.6,13.6,49
2007-06-07 00:00:00+05:30,13.6,13.6,13.6,13.6,1999
2007-06-11 00:00:00+05:30,13.12,13.12,13.12,13.12,684
2007-06-13 00:00:00+05:30,12.52,13.49,12.52,13.47,649
2007-06-15 00:00:00+05:30,12.86,12.86,12.81,12.82,1599
2008-12-26 00:00:00+05:30,8.56,8.72,8.56,8.7,149
2008-12-31 00:00:00+05:30,8.8,9.2,8.8,8.85,1634
2009-01-01 00:00:00+05:30,9.0,9.6,8.7,8.97,10559
2009-01-02 00:00:00+05:30,8.67,9.0,8.66,9.0,5204
2009-01-05 00:00:00+05:30,9.0,9.0,9.0,9.0,999
2009-01-07 00:00:00+05:30,9.19,9.2,9.19,9.2,499
2009-01-12 00:00:00+05:30,8.8,8.8,8.8,8.8,249
2009-01-14 00:00:00+05:30,8.94,8.94,8.4,8.48,299
2009-01-16 00:00:00+05:30,8.4,8.4,8.4,8.4,999
2009-01-19 00:00:00+05:30,8.78,8.78,8.78,8.78,49
2009-01-20 00:00:00+05:30,8.42,8.42,8.42,8.42,1014
2009-01-21 00:00:00+05:30,8.4,8.4,8.4,8.4,23074
2009-01-22 00:00:00+05:30,8.01,8.82,8.01,8.4,389
2009-01-23 00:00:00+05:30,8.22,8.6,8.2,8.6,22249
2009-01-27 00:00:00+05:30,8.22,8.22,8.2,8.2,999
2009-01-29 00:00:00+05:30,8.6,8.6,8.6,8.6,1499
2009-02-03 00:00:00+05:30,8.4,9.02,8.4,8.7,26099
2009-02-04 00:00:00+05:30,8.5,8.5,8.5,8.5,9
2009-02-05 00:00:00+05:30,8.6,8.61,8.6,8.6,4999
2009-02-06 00:00:00+05:30,8.6,8.61,8.4,8.61,22499
2009-02-09 00:00:00+05:30,8.21,9.04,8.21,9.04,50679
2009-02-10 00:00:00+05:30,9.4,9.4,9.4,9.4,24
2009-02-18 00:00:00+05:30,9.58,9.58,9.4,9.4,49
2009-02-19 00:00:00+05:30,8.94,8.94,8.94,8.94,10249
2009-02-20 00:00:00+05:30,8.8,8.8,8.6,8.76,12499
2009-02-24 00:00:00+05:30,8.41,8.41,8.41,8.41,49
2009-02-25 00:00:00+05:30,8.46,8.6,8.46,8.57,12569
2009-03-02 00:00:00+05:30,8.5,8.5,8.5,8.5,449
2009-03-03 00:00:00+05:30,8.5,8.5,8.5,8.5,724
2009-03-04 00:00:00+05:30,8.4,8.4,8.2,8.2,499
2009-03-05 00:00:00+05:30,8.4,8.4,8.4,8.4,749
2009-03-06 00:00:00+05:30,8.32,8.32,8.3,8.3,999
2009-03-12 00:00:00+05:30,8.4,8.5,8.4,8.5,5499
2009-03-13 00:00:00+05:30,8.86,8.86,8.4,8.68,2874
2009-03-17 00:00:00+05:30,8.6,8.6,8.6,8.6,4
2009-03-18 00:00:00+05:30,8.8,8.8,8.62,8.62,744
2009-03-19 00:00:00+05:30,8.7,9.0,8.62,8.99,132819
2009-03-20 00:00:00+05:30,8.8,8.8,8.8,8.8,84999
2009-03-23 00:00:00+05:30,8.77,8.77,8.74,8.74,2499
2009-03-27 00:00:00+05:30,8.74,8.74,8.74,8.74,249
2009-03-30 00:00:00+05:30,8.9,8.9,8.9,8.9,49
2009-03-31 00:00:00+05:30,8.5,8.5,8.5,8.5,999
2009-04-01 00:00:00+05:30,8.5,8.93,8.5,8.82,449
2009-04-08 00:00:00+05:30,9.0,9.0,9.0,9.0,1789
2009-04-09 00:00:00+05:30,8.61,9.38,8.6,9.36,4209
2009-04-13 00:00:00+05:30,9.76,9.82,9.36,9.81,2529
2009-04-16 00:00:00+05:30,9.43,9.43,9.43,9.43,124
2009-04-17 00:00:00+05:30,9.8,9.91,9.73,9.86,509
2009-04-20 00:00:00+05:30,9.74,9.74,9.74,9.74,4
2009-04-21 00:00:00+05:30,9.6,9.6,9.6,9.6,199
2009-04-23 00:00:00+05:30,10.08,10.08,9.41,9.41,89
2009-04-24 00:00:00+05:30,9.14,9.14,9.14,9.14,579
2009-04-27 00:00:00+05:30,9.4,9.4,9.4,9.4,499
2009-05-07 00:00:00+05:30,8.95,9.2,8.95,9.15,599
2009-05-08 00:00:00+05:30,9.6,9.6,9.24,9.6,2724
2009-05-11 00:00:00+05:30,9.12,9.12,9.12,9.12,999
2009-05-13 00:00:00+05:30,9.21,9.21,9.21,9.21,49
2009-05-15 00:00:00+05:30,9.58,9.58,9.58,9.58,999
2009-05-19 00:00:00+05:30,10.06,10.06,10.06,10.06,4999
2009-05-20 00:00:00+05:30,9.64,9.87,9.64,9.87,754
2009-05-21 00:00:00+05:30,10.37,10.37,10.37,10.37,124
2009-05-22 00:00:00+05:30,10.8,10.89,10.78,10.89,1254
2009-05-25 00:00:00+05:30,11.44,11.44,11.44,11.44,599
2009-05-26 00:00:00+05:30,12.0,12.02,12.0,12.02,2969
2009-05-27 00:00:00+05:30,12.63,12.63,12.4,12.63,1599
2009-05-28 00:00:00+05:30,12.77,13.26,12.6,13.11,6919
2009-05-29 00:00:00+05:30,13.1,13.6,13.1,13.6,1289
2009-06-01 00:00:00+05:30,14.27,14.27,13.4,14.2,4999
2009-06-02 00:00:00+05:30,14.14,14.14,13.54,13.54,2874
2009-06-03 00:00:00+05:30,13.6,13.88,13.5,13.88,8509
2009-06-04 00:00:00+05:30,13.6,13.75,13.2,13.65,9039
2009-06-05 00:00:00+05:30,13.21,14.0,13.2,13.2,4424
2009-06-08 00:00:00+05:30,12.55,13.33,12.54,13.12,4254
2009-06-09 00:00:00+05:30,12.47,13.5,12.47,13.21,5569
2009-06-10 00:00:00+05:30,13.4,13.75,12.55,12.64,5204
2009-06-12 00:00:00+05:30,13.19,13.2,13.0,13.0,3209
2009-06-15 00:00:00+05:30,13.0,13.0,13.0,13.0,1499
2009-06-16 00:00:00+05:30,13.0,13.2,13.0,13.2,1499
2009-06-17 00:00:00+05:30,13.2,13.2,12.8,12.83,404
2009-06-18 00:00:00+05:30,12.3,12.3,12.26,12.26,744
2009-06-22 00:00:00+05:30,12.6,12.6,12.6,12.6,1189
2009-06-25 00:00:00+05:30,12.6,12.6,12.6,12.6,499
2009-06-26 00:00:00+05:30,12.04,13.1,12.04,12.96,6269
2009-07-01 00:00:00+05:30,13.54,13.6,12.62,13.31,10334
2009-07-03 00:00:00+05:30,12.8,12.8,12.8,12.8,279
2009-07-06 00:00:00+05:30,12.4,12.4,12.4,12.4,4
2009-07-08 00:00:00+05:30,12.0,13.53,12.0,12.66,709
2009-07-09 00:00:00+05:30,11.66,11.66,11.61,11.61,1004
2009-07-10 00:00:00+05:30,11.7,11.7,11.7,11.7,1069
2009-07-13 00:00:00+05:30,10.81,10.81,10.8,10.8,1049
2009-07-14 00:00:00+05:30,10.8,11.59,10.8,11.59,74
2009-07-15 00:00:00+05:30,12.2,12.2,12.2,12.2,249
2009-07-16 00:00:00+05:30,11.6,13.42,11.56,13.42,28279
2009-07-17 00:00:00+05:30,14.0,14.0,13.68,13.93,7689
2009-07-20 00:00:00+05:30,14.96,14.96,12.72,14.35,5699
2009-07-21 00:00:00+05:30,14.0,14.4,14.0,14.23,6124
2009-07-22 00:00:00+05:30,14.2,14.4,14.0,14.2,4249
2009-07-23 00:00:00+05:30,13.9,13.9,13.9,13.9,499
2009-07-24 00:00:00+05:30,14.4,14.6,13.72,14.6,4994
2009-07-27 00:00:00+05:30,13.87,14.6,13.87,14.59,7169
2009-07-28 00:00:00+05:30,13.86,14.8,13.86,14.77,6904
2009-07-29 00:00:00+05:30,14.05,15.0,14.05,14.56,3549
2009-07-30 00:00:00+05:30,14.0,14.92,14.0,14.7,1399
2009-07-31 00:00:00+05:30,15.0,15.44,15.0,15.44,1149
2009-08-03 00:00:00+05:30,15.62,16.22,15.62,16.22,5189
2009-08-04 00:00:00+05:30,15.8,16.89,15.8,16.61,38059
2009-08-05 00:00:00+05:30,16.6,16.8,16.22,16.73,11234
2009-08-06 00:00:00+05:30,16.28,16.48,16.28,16.4,1319
2009-08-07 00:00:00+05:30,16.2,17.22,16.2,17.22,41424
2009-08-10 00:00:00+05:30,16.89,17.0,16.8,17.0,2529
2009-08-11 00:00:00+05:30,16.2,17.6,16.2,17.38,4779
2009-08-12 00:00:00+05:30,17.2,18.25,17.2,18.02,10584
2009-08-13 00:00:00+05:30,17.8,18.5,17.8,18.05,3709
2009-08-14 00:00:00+05:30,17.65,17.9,17.6,17.88,549
2009-08-18 00:00:00+05:30,17.22,17.94,17.21,17.8,5479
2009-08-19 00:00:00+05:30,17.4,17.4,17.4,17.4,549
2009-08-20 00:00:00+05:30,16.65,18.27,16.65,18.27,19454
2009-08-21 00:00:00+05:30,17.4,18.0,17.4,18.0,4414
2009-08-24 00:00:00+05:30,18.0,18.0,17.8,18.0,1009
2009-08-25 00:00:00+05:30,17.1,18.2,17.1,18.0,799
2009-08-26 00:00:00+05:30,17.2,18.4,17.2,18.0,33504
2009-08-27 00:00:00+05:30,18.0,18.4,17.8,18.4,26699
2009-08-28 00:00:00+05:30,18.0,18.02,18.0,18.02,549
2009-08-31 00:00:00+05:30,18.2,18.2,17.8,18.01,21674
2009-09-01 00:00:00+05:30,18.0,18.4,18.0,18.34,2249
2009-09-02 00:00:00+05:30,19.18,19.18,17.6,18.0,1009
2009-09-03 00:00:00+05:30,18.4,18.4,18.0,18.0,25999
2009-09-04 00:00:00+05:30,17.6,17.6,17.6,17.6,19999
2009-09-07 00:00:00+05:30,18.4,18.48,18.0,18.14,23974
2009-09-08 00:00:00+05:30,17.42,17.42,17.42,17.42,49
2009-09-09 00:00:00+05:30,18.2,18.3,17.6,18.25,704
2009-09-10 00:00:00+05:30,17.6,17.6,17.6,17.6,1329
2009-09-11 00:00:00+05:30,17.6,18.4,17.6,18.4,4649
2009-09-14 00:00:00+05:30,18.6,19.32,18.4,19.3,8669
2009-09-15 00:00:00+05:30,18.8,20.27,18.8,19.32,9029
2009-09-16 00:00:00+05:30,20.2,20.29,19.8,20.29,2894
2009-09-17 00:00:00+05:30,19.72,21.2,19.72,20.14,7554
2009-09-18 00:00:00+05:30,20.32,21.15,20.32,21.14,5474
2009-09-22 00:00:00+05:30,22.16,22.2,20.82,21.0,5434
2009-09-23 00:00:00+05:30,22.0,22.0,21.0,21.0,5659
2009-09-24 00:00:00+05:30,22.0,22.05,21.34,22.05,3649
2009-09-25 00:00:00+05:30,21.99,22.98,21.99,22.98,4554
2009-09-29 00:00:00+05:30,22.96,23.98,22.2,22.2,2779
2009-09-30 00:00:00+05:30,23.0,23.31,22.4,22.61,5874
2009-10-01 00:00:00+05:30,23.2,23.6,23.02,23.05,7049
2009-10-05 00:00:00+05:30,23.2,23.2,21.96,22.61,3899
2009-10-06 00:00:00+05:30,22.2,23.02,22.0,23.02,1224
2009-10-07 00:00:00+05:30,23.0,23.0,22.62,23.0,1129
2009-10-08 00:00:00+05:30,22.08,22.08,21.86,21.86,649
2009-10-09 00:00:00+05:30,21.8,22.6,21.3,22.5,2524
2009-10-12 00:00:00+05:30,22.25,23.4,22.25,23.4,4374
2009-10-14 00:00:00+05:30,23.5,23.5,23.5,23.5,249
2009-10-15 00:00:00+05:30,22.4,23.2,22.4,22.5,3549
2009-10-17 00:00:00+05:30,22.5,23.63,22.5,23.61,269
2009-10-20 00:00:00+05:30,24.0,24.0,22.6,22.6,4499
2009-10-21 00:00:00+05:30,23.7,23.73,23.6,23.72,4564
2009-10-23 00:00:00+05:30,23.72,23.72,23.0,23.0,749
2009-10-26 00:00:00+05:30,22.8,23.4,22.7,23.4,1124
2009-10-29 00:00:00+05:30,23.4,23.4,23.4,23.4,499
2009-10-30 00:00:00+05:30,22.23,23.0,22.23,22.23,4504
2009-11-03 00:00:00+05:30,23.35,23.35,23.35,23.35,24999
2009-11-04 00:00:00+05:30,23.0,24.52,23.0,24.24,15999
2009-11-05 00:00:00+05:30,24.52,24.52,24.33,24.33,269
2009-11-06 00:00:00+05:30,23.96,24.0,23.96,24.0,499
2009-11-10 00:00:00+05:30,22.8,22.8,22.8,22.8,49
2009-11-11 00:00:00+05:30,22.01,22.01,22.01,22.01,249
2009-11-12 00:00:00+05:30,23.08,23.1,22.4,23.1,1999
2009-11-13 00:00:00+05:30,24.0,24.0,22.2,23.93,2269
2009-11-16 00:00:00+05:30,23.9,23.9,23.9,23.9,9
2009-11-17 00:00:00+05:30,23.0,23.0,22.71,22.8,169
2009-11-18 00:00:00+05:30,23.9,23.9,23.9,23.9,249
2009-11-20 00:00:00+05:30,22.82,24.3,22.82,22.82,139
2009-11-24 00:00:00+05:30,23.6,23.6,23.36,23.36,1004
2009-11-25 00:00:00+05:30,22.21,23.4,22.21,22.86,3524
2009-11-26 00:00:00+05:30,23.6,23.8,22.62,23.58,2294
2009-11-27 00:00:00+05:30,22.65,24.18,22.65,24.18,2249
2009-11-30 00:00:00+05:30,24.6,24.6,24.6,24.6,499
2009-12-02 00:00:00+05:30,23.92,24.18,23.37,23.96,7004
2009-12-03 00:00:00+05:30,22.77,22.77,22.77,22.77,49
2009-12-08 00:00:00+05:30,22.5,23.91,22.5,23.91,20704
2009-12-09 00:00:00+05:30,23.94,24.2,23.48,23.48,4299
2009-12-10 00:00:00+05:30,24.34,24.34,24.34,24.34,99
2009-12-11 00:00:00+05:30,23.41,23.41,23.13,23.23,29
2009-12-15 00:00:00+05:30,24.32,24.33,23.2,23.7,6199
2009-12-17 00:00:00+05:30,23.21,23.21,23.21,23.21,1749
2009-12-21 00:00:00+05:30,23.4,23.6,23.4,23.6,159
2009-12-22 00:00:00+05:30,22.43,22.43,22.42,22.42,2874
2009-12-23 00:00:00+05:30,21.5,22.8,21.5,22.8,1999
2009-12-30 00:00:00+05:30,23.0,23.0,22.6,22.6,8759
2009-12-31 00:00:00+05:30,22.41,22.65,22.41,22.65,119
2010-01-04 00:00:00+05:30,22.78,23.79,22.78,23.79,2799
2010-01-05 00:00:00+05:30,24.1,24.98,23.6,24.98,20179
2010-01-06 00:00:00+05:30,25.1,26.23,25.1,26.23,9019
2010-01-07 00:00:00+05:30,26.47,27.55,26.0,27.55,18474
2010-01-08 00:00:00+05:30,28.0,28.0,27.6,28.0,8399
2010-01-11 00:00:00+05:30,27.99,28.0,27.03,28.0,8244
2010-01-12 00:00:00+05:30,26.44,28.76,25.6,27.25,37149
2010-01-13 00:00:00+05:30,28.76,28.76,26.26,27.91,16214
2010-01-14 00:00:00+05:30,30.6,30.71,30.0,30.71,62394
2010-01-15 00:00:00+05:30,33.69,33.79,32.01,33.37,321019
2010-01-18 00:00:00+05:30,34.0,34.4,32.61,33.07,70194
2010-01-19 00:00:00+05:30,33.5,33.8,32.2,32.4,45194
2010-01-20 00:00:00+05:30,32.9,33.0,32.65,32.78,14199
2010-01-21 00:00:00+05:30,34.8,34.8,29.51,29.56,131994
2010-01-22 00:00:00+05:30,30.9,31.1,29.59,30.54,60739
2010-01-25 00:00:00+05:30,31.4,31.85,30.7,31.48,32819
2010-01-27 00:00:00+05:30,31.41,32.17,29.84,30.24,18424
2010-01-28 00:00:00+05:30,31.58,31.58,29.8,30.3,12009
2010-01-29 00:00:00+05:30,30.11,30.78,28.0,30.22,32619
2010-02-01 00:00:00+05:30,32.97,33.25,30.43,31.94,37489
2010-02-02 00:00:00+05:30,34.96,34.96,31.44,32.24,17854
2010-02-03 00:00:00+05:30,32.39,32.4,31.67,31.83,7489
2010-02-04 00:00:00+05:30,31.4,32.45,31.4,31.6,6359
2010-02-05 00:00:00+05:30,30.6,31.2,29.8,30.19,3229
2010-02-06 00:00:00+05:30,28.81,31.51,28.81,29.99,1654
2010-02-08 00:00:00+05:30,30.89,30.89,29.86,29.86,3334
2010-02-09 00:00:00+05:30,31.58,31.6,30.0,30.63,7324
2010-02-10 00:00:00+05:30,30.2,30.39,29.02,29.6,7799
2010-02-11 00:00:00+05:30,30.18,30.2,29.7,29.99,27484
2010-02-15 00:00:00+05:30,31.4,31.4,29.61,29.87,2539
2010-02-16 00:00:00+05:30,29.81,30.75,29.81,30.2,1989
2010-02-17 00:00:00+05:30,30.05,31.0,30.05,30.41,3344
2010-02-18 00:00:00+05:30,30.18,30.2,29.8,29.8,1279
2010-02-19 00:00:00+05:30,29.6,30.9,29.6,30.08,3884
2010-02-22 00:00:00+05:30,31.2,31.2,30.0,30.13,20034
2010-02-23 00:00:00+05:30,28.2,30.0,28.2,29.74,8439
2010-02-24 00:00:00+05:30,29.97,30.0,29.1,29.54,2224
2010-02-25 00:00:00+05:30,29.6,30.0,29.29,29.82,4429
2010-02-26 00:00:00+05:30,29.8,30.0,29.8,30.0,2499
2010-03-02 00:00:00+05:30,30.0,30.99,29.73,30.31,9754
2010-03-03 00:00:00+05:30,30.05,31.13,30.05,30.99,7139
2010-03-04 00:00:00+05:30,30.62,31.0,30.23,30.83,7324
2010-03-05 00:00:00+05:30,31.0,31.0,30.6,30.74,10389
2010-03-08 00:00:00+05:30,31.0,34.88,31.0,32.48,317939
2010-03-09 00:00:00+05:30,32.22,33.0,32.22,32.84,20134
2010-03-10 00:00:00+05:30,33.1,33.6,31.31,31.79,22969
2010-03-11 00:00:00+05:30,31.64,32.4,31.64,32.25,6589
2010-03-12 00:00:00+05:30,31.65,32.8,31.65,31.78,9189
2010-03-15 00:00:00+05:30,31.09,32.29,31.02,31.02,29624
2010-03-16 00:00:00+05:30,31.02,31.52,30.8,31.13,4929
2010-03-17 00:00:00+05:30,32.2,32.3,31.27,31.3,2154
2010-03-18 00:00:00+05:30,31.04,32.2,31.03,31.99,10419
2010-03-19 00:00:00+05:30,31.48,31.84,31.12,31.45,11804
2010-03-22 00:00:00+05:30,31.22,31.96,30.84,30.99,4284
2010-03-23 00:00:00+05:30,30.8,31.76,30.8,31.27,6914
2010-03-25 00:00:00+05:30,31.4,32.0,30.82,31.95,10789
2010-03-26 00:00:00+05:30,31.74,32.16,31.4,31.4,8544
2010-03-29 00:00:00+05:30,31.0,32.2,30.5,31.84,33559
2010-03-30 00:00:00+05:30,32.38,32.38,31.8,31.81,1974
2010-03-31 00:00:00+05:30,31.41,32.53,31.41,32.11,17664
2010-04-01 00:00:00+05:30,31.8,32.5,31.58,32.24,11624
2010-04-05 00:00:00+05:30,32.46,33.0,32.4,32.8,32934
2010-04-06 00:00:00+05:30,33.3,33.3,32.6,33.17,30914
2010-04-07 00:00:00+05:30,33.92,33.92,32.9,33.41,22639
2010-04-08 00:00:00+05:30,33.17,33.79,32.72,33.22,27654
2010-04-09 00:00:00+05:30,33.05,34.6,33.05,34.18,31704
2010-04-12 00:00:00+05:30,34.8,36.96,34.8,35.93,60419
2010-04-13 00:00:00+05:30,36.0,37.39,35.6,37.26,113569
2010-04-15 00:00:00+05:30,37.62,39.0,37.0,37.49,157334
2010-04-16 00:00:00+05:30,37.6,38.17,36.8,37.78,85954
2010-04-19 00:00:00+05:30,37.0,37.4,37.0,37.02,10009
2010-04-20 00:00:00+05:30,36.81,37.78,36.81,37.56,12419
2010-04-21 00:00:00+05:30,37.2,40.82,37.2,40.49,111259
2010-04-22 00:00:00+05:30,40.0,41.0,40.0,40.25,55554
2010-04-23 00:00:00+05:30,40.6,42.0,39.02,40.16,13949
2010-04-26 00:00:00+05:30,40.42,41.0,40.34,40.83,17524
2010-04-27 00:00:00+05:30,39.3,40.93,39.3,40.02,18349
2010-04-28 00:00:00+05:30,40.0,40.0,39.4,39.41,15664
2010-04-29 00:00:00+05:30,40.2,40.76,39.8,40.07,8784
2010-04-30 00:00:00+05:30,40.0,40.07,40.0,40.0,7249
2010-05-03 00:00:00+05:30,39.8,42.6,39.0,41.65,80089
2010-05-04 00:00:00+05:30,41.22,43.0,41.22,41.66,64754
2010-05-05 00:00:00+05:30,42.1,42.1,40.4,41.58,29179
2010-05-06 00:00:00+05:30,41.8,43.4,41.06,42.99,15389
2010-05-07 00:00:00+05:30,41.9,42.99,41.0,41.12,4734
2010-05-10 00:00:00+05:30,42.99,45.2,41.7,42.13,13389
2010-05-11 00:00:00+05:30,41.65,41.65,40.51,40.81,46754
2010-05-12 00:00:00+05:30,40.51,40.98,39.72,40.3,19959
2010-05-13 00:00:00+05:30,41.2,41.6,40.4,40.59,10094
2010-05-14 00:00:00+05:30,42.0,42.0,39.8,39.82,45739
2010-05-17 00:00:00+05:30,39.01,39.61,37.82,38.05,27659
2010-05-18 00:00:00+05:30,40.4,40.78,39.21,40.31,164389
2010-05-19 00:00:00+05:30,39.0,40.74,39.0,39.75,61804
2010-05-20 00:00:00+05:30,39.0,41.2,39.0,39.98,109984
2010-05-21 00:00:00+05:30,39.0,40.57,39.0,40.04,4194
2010-05-24 00:00:00+05:30,43.59,43.59,39.61,40.98,4689
2010-05-25 00:00:00+05:30,39.45,40.0,39.0,39.27,4999
2010-05-26 00:00:00+05:30,39.11,39.72,39.11,39.2,4744
2010-05-27 00:00:00+05:30,39.8,40.0,39.4,39.4,2509
2010-05-28 00:00:00+05:30,41.0,41.0,39.9,39.99,3049
2010-05-31 00:00:00+05:30,38.4,40.01,32.21,40.0,3349
2010-06-01 00:00:00+05:30,40.0,40.3,39.8,40.0,6669
2010-06-02 00:00:00+05:30,39.31,40.38,39.31,40.06,10104
2010-06-03 00:00:00+05:30,39.0,40.99,39.0,40.12,9364
2010-06-04 00:00:00+05:30,40.0,40.36,40.0,40.0,3394
2010-06-07 00:00:00+05:30,38.83,40.0,38.83,39.54,2424
2010-06-08 00:00:00+05:30,39.0,40.29,39.0,39.6,13794
2010-06-09 00:00:00+05:30,39.12,40.23,39.12,39.83,649
2010-06-10 00:00:00+05:30,40.4,43.96,40.4,42.8,190749
2010-06-11 00:00:00+05:30,43.8,43.8,41.6,42.71,33519
2010-06-14 00:00:00+05:30,42.76,43.8,42.02,42.51,19114
2010-06-15 00:00:00+05:30,43.4,43.4,42.52,43.0,21169
2010-06-16 00:00:00+05:30,43.8,43.8,42.82,43.13,7704
2010-06-17 00:00:00+05:30,42.62,44.0,42.62,43.0,7379
2010-06-18 00:00:00+05:30,43.6,43.8,42.81,43.34,13539
2010-06-21 00:00:00+05:30,44.0,44.7,43.0,43.66,10834
2010-06-22 00:00:00+05:30,43.4,43.95,43.4,43.53,5484
2010-06-23 00:00:00+05:30,43.96,44.0,43.24,43.65,11409
2010-06-24 00:00:00+05:30,43.02,45.0,43.02,44.96,26304
2010-06-25 00:00:00+05:30,44.98,45.8,44.22,45.25,16394
2010-06-28 00:00:00+05:30,44.81,46.0,44.81,45.82,4504
2010-06-29 00:00:00+05:30,45.8,49.6,45.8,47.65,101174
2010-06-30 00:00:00+05:30,48.79,48.99,47.64,48.39,30554
2010-07-01 00:00:00+05:30,47.24,48.6,47.24,48.47,10804
2010-07-02 00:00:00+05:30,48.7,51.0,48.2,50.26,49919
2010-07-05 00:00:00+05:30,50.9,52.64,50.09,51.92,64279
2010-07-06 00:00:00+05:30,52.82,57.4,51.9,56.75,167839
2010-07-07 00:00:00+05:30,57.75,59.79,54.11,54.72,35644
2010-07-08 00:00:00+05:30,57.4,57.4,52.57,53.01,16859
2010-07-09 00:00:00+05:30,55.0,55.0,52.4,52.72,18004
2010-07-12 00:00:00+05:30,53.2,53.22,50.3,50.48,34864
2010-07-13 00:00:00+05:30,47.46,52.95,47.46,51.2,26859
2010-07-14 00:00:00+05:30,50.6,51.1,50.0,50.21,24949
2010-07-15 00:00:00+05:30,49.42,51.18,48.6,49.06,26709
2010-07-16 00:00:00+05:30,48.1,51.6,48.1,51.41,20609
2010-07-19 00:00:00+05:30,51.8,52.93,51.42,52.0,30694
2010-07-20 00:00:00+05:30,50.4,52.6,50.33,50.51,7719
2010-07-21 00:00:00+05:30,50.22,50.9,50.2,50.27,5479
2010-07-22 00:00:00+05:30,50.79,51.2,50.21,50.9,3439
2010-07-23 00:00:00+05:30,49.64,51.98,49.4,50.06,13419
2010-07-26 00:00:00+05:30,50.2,50.8,49.0,49.26,7684
2010-07-27 00:00:00+05:30,50.2,50.2,49.02,49.83,3799
2010-07-28 00:00:00+05:30,49.0,49.98,49.0,49.01,244
2010-07-29 00:00:00+05:30,48.62,50.72,48.62,48.94,7679
2010-07-30 00:00:00+05:30,49.0,49.1,48.07,48.28,12564
2010-08-02 00:00:00+05:30,48.43,49.36,48.26,49.1,14789
2010-08-03 00:00:00+05:30,48.22,49.94,48.22,49.53,4024
2010-08-04 00:00:00+05:30,48.6,49.6,48.28,49.41,7509
2010-08-05 00:00:00+05:30,49.0,52.9,49.0,51.38,39644
2010-08-06 00:00:00+05:30,50.64,52.2,50.6,51.02,11249
2010-08-09 00:00:00+05:30,50.8,52.0,50.2,51.79,11354
2010-08-10 00:00:00+05:30,51.99,52.0,51.2,51.28,11434
2010-08-11 00:00:00+05:30,51.2,51.96,51.0,51.01,8139
2010-08-12 00:00:00+05:30,49.85,51.2,49.85,51.2,5779
2010-08-13 00:00:00+05:30,51.8,51.8,48.5,51.0,7609
2010-08-16 00:00:00+05:30,50.3,51.0,50.06,50.4,9509
2010-08-17 00:00:00+05:30,50.22,51.34,50.14,51.2,8594
2010-08-18 00:00:00+05:30,50.5,51.4,50.4,51.0,3909
2010-08-19 00:00:00+05:30,51.18,52.0,50.38,50.65,28084
2010-08-20 00:00:00+05:30,50.4,50.8,50.0,50.76,7279
2010-08-23 00:00:00+05:30,50.62,51.0,50.02,50.88,3249
2010-08-24 00:00:00+05:30,50.0,50.4,50.0,50.4,2674
2010-08-25 00:00:00+05:30,52.2,52.2,50.3,50.43,30119
2010-08-26 00:00:00+05:30,50.4,50.56,50.24,50.4,6389
2010-08-27 00:00:00+05:30,50.0,52.04,50.0,50.84,13364
2010-08-30 00:00:00+05:30,50.4,51.4,50.4,51.28,5354
2010-08-31 00:00:00+05:30,51.6,51.8,48.2,49.8,13049
2010-09-01 00:00:00+05:30,51.35,51.35,50.28,50.29,1864
2010-09-02 00:00:00+05:30,51.0,51.56,50.6,51.16,12809
2010-09-03 00:00:00+05:30,51.21,51.56,50.86,50.86,4524
2010-09-06 00:00:00+05:30,51.4,52.9,51.07,52.49,26719
2010-09-07 00:00:00+05:30,52.4,52.6,51.65,51.65,10029
2010-09-08 00:00:00+05:30,51.6,52.29,51.1,51.21,17909
2010-09-09 00:00:00+05:30,50.62,51.91,50.62,51.09,6459
2010-09-13 00:00:00+05:30,51.0,52.0,51.0,51.16,12724
2010-09-14 00:00:00+05:30,51.2,52.0,50.28,50.4,9169
2010-09-15 00:00:00+05:30,50.2,51.96,50.2,50.8,4249
2010-09-16 00:00:00+05:30,50.42,51.0,50.26,50.96,3019
2010-09-17 00:00:00+05:30,50.06,52.0,49.6,50.03,19564
2010-09-20 00:00:00+05:30,49.06,50.6,49.06,49.94,8154
2010-09-21 00:00:00+05:30,49.8,50.0,49.2,49.27,7739
2010-09-22 00:00:00+05:30,49.2,50.0,49.2,49.6,16274
2010-09-23 00:00:00+05:30,49.3,49.78,48.71,48.97,5884
2010-09-24 00:00:00+05:30,49.4,50.2,49.21,50.0,10059
2010-09-27 00:00:00+05:30,51.6,52.38,49.28,51.57,42359
2010-09-28 00:00:00+05:30,52.0,52.35,50.86,51.3,13694
2010-09-29 00:00:00+05:30,51.0,52.94,50.4,51.51,33764
2010-09-30 00:00:00+05:30,54.0,58.94,52.4,57.86,581429
2010-10-01 00:00:00+05:30,57.0,59.2,55.4,56.12,152314
2010-10-04 00:00:00+05:30,56.94,56.94,54.82,55.52,41834
2010-10-05 00:00:00+05:30,58.0,58.0,54.41,57.22,23214
2010-10-06 00:00:00+05:30,59.6,59.6,56.4,57.42,21929
2010-10-07 00:00:00+05:30,57.5,58.58,56.26,56.5,13414
2010-10-08 00:00:00+05:30,54.6,57.55,54.6,56.53,19279
2010-10-11 00:00:00+05:30,57.0,57.38,56.03,56.13,8369
2010-10-12 00:00:00+05:30,56.4,57.5,56.2,57.44,17169
2010-10-13 00:00:00+05:30,56.44,58.1,56.44,57.3,15384
2010-10-14 00:00:00+05:30,56.8,57.98,56.03,56.54,16299
2010-10-15 00:00:00+05:30,56.2,56.2,56.0,56.05,5464
2010-10-18 00:00:00+05:30,55.62,56.6,55.2,55.63,7929
2010-10-19 00:00:00+05:30,54.82,57.4,54.82,57.25,13584
2010-10-20 00:00:00+05:30,56.81,57.8,56.6,57.71,3929
2010-10-21 00:00:00+05:30,57.6,58.38,56.66,57.85,8944
2010-10-22 00:00:00+05:30,57.65,58.78,57.58,58.43,17284
2010-10-25 00:00:00+05:30,57.55,59.0,57.5,58.5,16269
2010-10-26 00:00:00+05:30,58.15,58.98,57.24,57.41,12624
2010-10-27 00:00:00+05:30,58.0,58.0,56.8,57.47,6024
2010-10-28 00:00:00+05:30,57.95,58.1,57.21,57.4,8474
2010-10-29 00:00:00+05:30,58.0,58.0,53.94,54.53,13549
2010-11-01 00:00:00+05:30,55.98,56.0,55.0,55.69,6799
2010-11-02 00:00:00+05:30,56.4,57.4,56.2,56.88,18624
2010-11-03 00:00:00+05:30,57.8,59.0,56.25,58.42,42149
2010-11-04 00:00:00+05:30,57.6,59.4,57.41,59.23,19284
2010-11-05 00:00:00+05:30,59.58,60.57,59.0,60.02,6679
2010-11-08 00:00:00+05:30,60.54,64.8,60.2,64.34,70799
2010-11-09 00:00:00+05:30,65.6,70.38,65.0,69.71,239124
2010-11-10 00:00:00+05:30,69.71,71.38,68.02,68.98,154989
2010-11-11 00:00:00+05:30,70.45,70.7,68.0,68.15,114476
2010-11-12 00:00:00+05:30,68.0,69.3,68.0,68.0,66078
2010-11-15 00:00:00+05:30,68.0,68.75,65.75,66.1,26957
2010-11-16 00:00:00+05:30,65.35,65.95,61.7,62.25,33786
2010-11-18 00:00:00+05:30,62.0,63.5,60.6,63.05,17470
2010-11-19 00:00:00+05:30,62.0,64.6,61.4,63.45,17539
2010-11-22 00:00:00+05:30,65.85,67.3,63.5,65.15,28184
2010-11-23 00:00:00+05:30,64.0,67.4,61.05,64.0,33973
2010-11-24 00:00:00+05:30,63.5,67.1,63.5,65.8,23560
2010-11-25 00:00:00+05:30,65.0,66.5,64.15,64.25,20165
2010-11-26 00:00:00+05:30,62.15,64.0,52.5,60.0,33921
2010-11-29 00:00:00+05:30,60.0,63.0,59.7,59.95,20717
2010-11-30 00:00:00+05:30,57.0,62.4,57.0,60.55,2405
2010-12-01 00:00:00+05:30,60.5,62.9,59.3,60.95,14748
2010-12-02 00:00:00+05:30,60.1,64.0,60.0,60.1,6535
2010-12-03 00:00:00+05:30,57.6,60.75,57.6,59.9,6055
2010-12-06 00:00:00+05:30,58.6,64.0,58.6,60.0,5136
2010-12-07 00:00:00+05:30,64.0,68.4,59.15,60.1,23573
2010-12-08 00:00:00+05:30,63.2,63.2,58.5,58.6,14864
2010-12-09 00:00:00+05:30,59.0,60.8,51.25,56.25,10710
2010-12-10 00:00:00+05:30,58.95,58.95,50.0,58.25,30621
2010-12-13 00:00:00+05:30,59.7,59.7,56.0,56.8,6916
2010-12-14 00:00:00+05:30,56.7,57.75,55.7,56.3,6612
2010-12-15 00:00:00+05:30,55.5,57.45,54.15,55.95,1870
2010-12-16 00:00:00+05:30,52.5,57.5,50.55,55.5,6112
2010-12-20 00:00:00+05:30,55.5,56.7,53.5,53.75,6935
2010-12-21 00:00:00+05:30,53.1,56.3,53.1,55.35,5441
2010-12-22 00:00:00+05:30,56.0,57.35,55.85,56.85,2796
2010-12-23 00:00:00+05:30,56.9,57.2,52.15,55.5,9884
2010-12-24 00:00:00+05:30,56.5,57.0,54.15,56.8,10250
2010-12-27 00:00:00+05:30,56.0,57.95,55.55,56.75,2523
2010-12-28 00:00:00+05:30,58.7,58.7,55.35,56.9,5561
2010-12-29 00:00:00+05:30,56.5,58.65,56.5,57.4,5386
2010-12-30 00:00:00+05:30,57.9,57.9,55.1,55.4,5937
2010-12-31 00:00:00+05:30,55.9,57.5,55.85,57.2,5563
2011-01-03 00:00:00+05:30,57.85,57.85,56.6,56.8,8239
2011-01-04 00:00:00+05:30,56.0,57.5,55.65,56.65,3528
2011-01-05 00:00:00+05:30,57.4,58.45,56.1,56.75,8304
2011-01-06 00:00:00+05:30,56.1,57.5,55.2,55.75,4593
2011-01-07 00:00:00+05:30,56.95,56.95,54.35,55.5,5382
2011-01-10 00:00:00+05:30,56.0,56.0,50.8,51.05,14884
2011-01-11 00:00:00+05:30,52.0,53.0,50.5,51.65,15022
2011-01-12 00:00:00+05:30,53.5,55.9,51.8,55.8,1421
2011-01-13 00:00:00+05:30,56.0,56.0,52.55,53.0,4533
2011-01-14 00:00:00+05:30,51.25,55.4,48.9,52.1,3525
2011-01-17 00:00:00+05:30,52.1,53.0,51.5,52.05,3811
2011-01-18 00:00:00+05:30,50.55,53.4,50.55,51.65,3235
2011-01-19 00:00:00+05:30,52.0,52.0,49.8,50.2,9463
2011-01-20 00:00:00+05:30,51.5,51.5,48.5,49.55,10231
2011-01-21 00:00:00+05:30,49.45,49.5,47.95,48.6,4309
2011-01-24 00:00:00+05:30,46.45,49.0,46.0,46.7,5957
2011-01-25 00:00:00+05:30,45.0,47.65,44.0,45.3,7376
2011-01-27 00:00:00+05:30,47.8,47.8,42.6,43.2,6523
2011-01-28 00:00:00+05:30,42.85,42.85,39.0,39.65,20735
2011-01-31 00:00:00+05:30,39.05,40.0,38.4,38.85,3559
2011-02-01 00:00:00+05:30,39.0,39.95,37.0,37.35,2574
2011-02-02 00:00:00+05:30,36.3,41.85,36.3,38.45,2591
2011-02-03 00:00:00+05:30,41.4,41.4,38.4,40.1,9508
2011-02-04 00:00:00+05:30,40.0,40.0,37.8,38.65,20907
2011-02-07 00:00:00+05:30,39.5,39.9,38.15,38.2,3138
2011-02-08 00:00:00+05:30,39.0,39.0,37.1,37.65,1292
2011-02-09 00:00:00+05:30,35.15,38.75,35.05,37.05,901
2011-02-10 00:00:00+05:30,35.0,39.0,35.0,38.05,2330
2011-02-11 00:00:00+05:30,38.0,40.95,38.0,39.0,3543
2011-02-14 00:00:00+05:30,38.75,40.75,38.75,40.35,2701
2011-02-15 00:00:00+05:30,40.1,40.95,39.0,40.2,4338
2011-02-16 00:00:00+05:30,40.2,40.2,38.9,39.35,2682
2011-02-17 00:00:00+05:30,38.6,40.4,38.6,39.05,3053
2011-02-18 00:00:00+05:30,38.85,38.95,36.35,36.6,9735
2011-02-21 00:00:00+05:30,38.9,38.95,36.4,36.7,12754
2011-02-22 00:00:00+05:30,39.9,39.9,35.0,36.95,1602
2011-02-23 00:00:00+05:30,36.0,37.45,35.5,36.3,1623
2011-02-24 00:00:00+05:30,35.0,39.9,35.0,35.7,1339
2011-02-25 00:00:00+05:30,35.25,36.9,35.25,35.65,604
2011-02-28 00:00:00+05:30,35.0,39.0,35.0,37.05,5798
2011-03-01 00:00:00+05:30,37.1,38.75,36.2,37.1,6232
2011-03-03 00:00:00+05:30,36.9,38.5,36.2,38.45,3726
2011-03-04 00:00:00+05:30,37.0,41.0,37.0,38.05,9809
2011-03-07 00:00:00+05:30,38.95,38.95,36.15,37.05,4879
2011-03-08 00:00:00+05:30,38.7,39.05,38.0,38.95,3272
2011-03-09 00:00:00+05:30,40.4,40.4,38.0,38.3,1821
2011-03-10 00:00:00+05:30,40.0,40.0,37.6,39.75,2385
2011-03-11 00:00:00+05:30,39.75,39.8,37.1,37.85,5074
2011-03-14 00:00:00+05:30,37.8,40.0,37.8,39.1,3233
2011-03-15 00:00:00+05:30,35.1,40.0,35.1,39.0,5084
2011-03-16 00:00:00+05:30,39.9,39.9,38.2,38.85,6518
2011-03-17 00:00:00+05:30,41.75,41.75,38.1,38.25,5512
2011-03-18 00:00:00+05:30,39.7,39.7,38.0,38.5,5830
2011-03-21 00:00:00+05:30,38.0,38.5,38.0,38.1,12530
2011-03-22 00:00:00+05:30,39.75,39.75,37.5,38.0,2412
2011-03-23 00:00:00+05:30,35.0,39.0,35.0,38.4,2251
2011-03-24 00:00:00+05:30,39.9,39.9,38.0,38.05,3052
2011-03-25 00:00:00+05:30,39.0,39.05,38.0,38.35,4228
2011-03-28 00:00:00+05:30,39.0,39.3,38.05,38.85,5858
2011-03-29 00:00:00+05:30,39.45,41.0,36.25,39.8,11813
2011-03-30 00:00:00+05:30,46.25,46.25,38.1,39.65,6805
2011-03-31 00:00:00+05:30,39.0,43.0,39.0,40.7,3851
2011-04-01 00:00:00+05:30,42.85,42.85,40.05,40.15,6184
2011-04-04 00:00:00+05:30,46.6,46.6,40.45,40.9,2905
2011-04-05 00:00:00+05:30,40.65,42.0,40.05,40.8,9761
2011-04-06 00:00:00+05:30,40.6,42.4,40.6,41.8,11266
2011-04-07 00:00:00+05:30,39.4,43.95,39.4,42.5,10122
2011-04-08 00:00:00+05:30,43.5,43.5,41.0,41.3,2610
2011-04-11 00:00:00+05:30,40.0,40.95,39.0,39.3,9905
2011-04-13 00:00:00+05:30,39.2,40.0,38.6,39.1,4557
2011-04-15 00:00:00+05:30,43.0,43.0,39.25,40.0,1213
2011-04-18 00:00:00+05:30,41.7,41.85,39.4,39.5,12415
2011-04-19 00:00:00+05:30,41.7,42.0,40.5,41.7,6691
2011-04-20 00:00:00+05:30,42.5,42.5,41.1,41.3,650
2011-04-21 00:00:00+05:30,42.75,43.95,42.1,43.8,24866
2011-04-25 00:00:00+05:30,43.0,46.75,43.0,45.3,23006
2011-04-26 00:00:00+05:30,45.9,46.05,44.0,46.0,18141
2011-04-27 00:00:00+05:30,48.0,48.0,45.05,46.3,8265
2011-04-28 00:00:00+05:30,51.8,51.8,45.0,45.25,8313
2011-04-29 00:00:00+05:30,46.25,46.8,44.25,44.6,4240
2011-05-02 00:00:00+05:30,53.55,53.55,44.15,44.55,4774
2011-05-03 00:00:00+05:30,45.5,45.75,42.65,42.7,369
2011-05-04 00:00:00+05:30,42.15,45.0,42.15,44.9,2939
2011-05-05 00:00:00+05:30,46.35,46.35,42.6,43.2,2430
2011-05-06 00:00:00+05:30,42.5,46.85,42.5,45.15,8025
2011-05-09 00:00:00+05:30,45.3,46.0,43.1,44.25,1931
2011-05-10 00:00:00+05:30,44.0,44.95,43.65,44.0,4000
2011-05-11 00:00:00+05:30,44.0,44.6,44.0,44.5,7382
2011-05-12 00:00:00+05:30,44.8,45.5,43.5,44.8,2124
2011-05-13 00:00:00+05:30,46.0,46.0,45.0,45.0,1300
2011-05-16 00:00:00+05:30,44.05,45.0,44.05,44.95,2743
2011-05-17 00:00:00+05:30,45.0,45.45,44.5,44.5,176
2011-05-18 00:00:00+05:30,44.4,45.0,44.4,44.95,5351
2011-05-19 00:00:00+05:30,47.95,47.95,44.0,45.1,2728
2011-05-20 00:00:00+05:30,45.0,45.05,44.6,44.85,1794
2011-05-23 00:00:00+05:30,44.5,45.0,43.1,44.2,2365
2011-05-24 00:00:00+05:30,43.4,44.45,40.65,42.9,4082
2011-05-25 00:00:00+05:30,42.1,44.0,40.85,42.8,2228
2011-05-26 00:00:00+05:30,42.0,44.95,41.5,44.25,4526
2011-05-27 00:00:00+05:30,43.0,45.0,43.0,44.25,3946
2011-05-30 00:00:00+05:30,44.0,45.0,43.1,44.0,7831
2011-05-31 00:00:00+05:30,44.0,44.0,42.5,43.15,14941
2011-06-01 00:00:00+05:30,43.7,44.0,42.5,43.45,2832
2011-06-02 00:00:00+05:30,43.0,43.0,42.1,42.4,5426
2011-06-03 00:00:00+05:30,42.5,43.5,42.5,42.7,3724
2011-06-06 00:00:00+05:30,43.0,44.0,42.55,43.0,2081
2011-06-07 00:00:00+05:30,45.0,45.0,42.65,43.0,952
2011-06-08 00:00:00+05:30,44.0,45.0,43.0,43.45,2705
2011-06-09 00:00:00+05:30,45.0,45.0,42.8,43.45,464
2011-06-10 00:00:00+05:30,44.0,44.5,42.1,42.7,2887
2011-06-13 00:00:00+05:30,43.0,45.0,41.9,44.2,12827
2011-06-14 00:00:00+05:30,43.9,44.15,42.9,43.6,1318
2011-06-15 00:00:00+05:30,43.4,43.4,42.5,42.9,2808
2011-06-16 00:00:00+05:30,44.4,44.4,42.65,42.7,1019
2011-06-17 00:00:00+05:30,42.95,43.1,41.4,41.4,3616
2011-06-20 00:00:00+05:30,40.75,41.5,39.9,40.05,2220
2011-06-21 00:00:00+05:30,38.0,41.45,37.95,39.9,11105
2011-06-22 00:00:00+05:30,39.4,41.5,39.4,40.2,1038
2011-06-23 00:00:00+05:30,39.3,39.6,37.6,37.95,8805
2011-06-24 00:00:00+05:30,38.35,40.0,38.0,39.6,16858
2011-06-27 00:00:00+05:30,39.75,40.45,39.5,40.1,1803
2011-06-28 00:00:00+05:30,40.5,40.5,39.25,39.45,1288
2011-06-29 00:00:00+05:30,40.5,41.8,40.3,41.0,2504
2011-06-30 00:00:00+05:30,40.7,41.0,40.05,40.1,1898
2011-07-01 00:00:00+05:30,41.4,41.5,40.0,41.0,3177
2011-07-04 00:00:00+05:30,43.0,43.0,40.7,41.15,1420
2011-07-05 00:00:00+05:30,41.1,41.5,40.3,40.75,1580
2011-07-06 00:00:00+05:30,41.35,41.5,40.6,40.9,1673
2011-07-07 00:00:00+05:30,40.0,42.9,39.05,42.1,2452
2011-07-08 00:00:00+05:30,41.05,42.4,41.05,41.5,1003
2011-07-11 00:00:00+05:30,40.4,44.15,40.4,43.8,10178
2011-07-12 00:00:00+05:30,42.8,43.5,42.55,43.1,963
2011-07-13 00:00:00+05:30,42.0,43.0,41.5,41.5,2176
2011-07-14 00:00:00+05:30,43.9,43.9,40.5,41.05,9187
2011-07-15 00:00:00+05:30,41.25,41.5,40.7,41.0,3027
2011-07-18 00:00:00+05:30,40.5,41.0,38.45,39.25,19627
2011-07-19 00:00:00+05:30,39.75,42.9,39.75,42.45,8582
2011-07-20 00:00:00+05:30,44.15,45.0,42.5,43.95,56011
2011-07-21 00:00:00+05:30,46.0,46.0,44.0,44.75,8869
2011-07-22 00:00:00+05:30,43.2,45.25,43.0,44.65,20986
2011-07-25 00:00:00+05:30,52.9,52.9,47.5,50.45,96959
2011-07-26 00:00:00+05:30,51.85,51.9,48.45,49.25,20813
2011-07-27 00:00:00+05:30,49.75,52.7,49.75,52.35,62858
2011-07-28 00:00:00+05:30,54.45,57.5,50.7,57.0,184466
2011-07-29 00:00:00+05:30,57.45,57.6,54.5,56.3,39932
2011-08-01 00:00:00+05:30,56.0,56.0,54.05,54.75,14304
2011-08-02 00:00:00+05:30,54.75,55.0,52.05,53.45,13236
2011-08-03 00:00:00+05:30,53.0,53.0,51.5,52.05,5721
2011-08-04 00:00:00+05:30,58.0,58.0,53.0,53.4,7547
2011-08-05 00:00:00+05:30,50.0,52.25,48.5,51.4,8573
2011-08-08 00:00:00+05:30,49.5,49.95,48.0,49.1,18560
2011-08-09 00:00:00+05:30,48.5,48.95,47.2,48.45,8384
2011-08-10 00:00:00+05:30,49.5,50.45,49.0,49.45,554
2011-08-11 00:00:00+05:30,52.0,52.0,49.0,49.05,1177
2011-08-12 00:00:00+05:30,49.0,49.0,46.6,47.95,15145
2011-08-16 00:00:00+05:30,48.75,48.8,47.0,47.05,2540
2011-08-17 00:00:00+05:30,46.0,46.85,44.75,46.1,4027
2011-08-18 00:00:00+05:30,48.0,48.0,45.1,45.35,1154
2011-08-19 00:00:00+05:30,45.0,46.5,44.35,44.35,12960
2011-08-22 00:00:00+05:30,48.45,48.45,44.5,46.3,17986
2011-08-23 00:00:00+05:30,45.75,48.0,44.05,44.95,6760
2011-08-25 00:00:00+05:30,48.0,48.0,42.7,44.0,1778
2011-08-26 00:00:00+05:30,45.5,45.95,40.5,41.3,4449
2011-08-29 00:00:00+05:30,42.4,44.4,42.4,43.5,6159
2011-08-30 00:00:00+05:30,43.0,45.95,43.0,45.1,3018
2011-09-02 00:00:00+05:30,50.95,50.95,43.2,45.1,1019
2011-09-05 00:00:00+05:30,46.4,46.4,43.75,46.0,1112
2011-09-06 00:00:00+05:30,46.0,46.8,45.1,46.0,5499
2011-09-07 00:00:00+05:30,47.5,47.5,46.25,46.6,10714
2011-09-08 00:00:00+05:30,48.2,49.35,47.0,47.15,6189
2011-09-09 00:00:00+05:30,46.5,47.7,45.0,45.3,6043
2011-09-12 00:00:00+05:30,46.25,46.25,44.2,45.75,5912
2011-09-13 00:00:00+05:30,45.85,46.5,45.85,46.5,2274
2011-09-14 00:00:00+05:30,45.45,45.75,44.1,44.8,5449
2011-09-15 00:00:00+05:30,44.05,44.55,43.6,44.0,602
2011-09-16 00:00:00+05:30,44.0,45.0,44.0,44.55,865
2011-09-19 00:00:00+05:30,45.0,45.0,44.1,44.45,901
2011-09-20 00:00:00+05:30,45.0,45.0,44.5,44.9,849
2011-09-21 00:00:00+05:30,44.25,50.0,41.5,44.1,2256
2011-09-22 00:00:00+05:30,43.0,44.95,42.1,42.4,1743
2011-09-23 00:00:00+05:30,44.5,44.5,41.25,44.45,223
2011-09-26 00:00:00+05:30,48.0,50.0,41.65,43.25,6721
2011-09-27 00:00:00+05:30,42.35,46.5,42.05,43.2,1978
2011-09-28 00:00:00+05:30,42.0,43.9,42.0,42.05,4768
2011-09-29 00:00:00+05:30,42.8,43.0,41.1,42.95,1712
2011-09-30 00:00:00+05:30,42.95,44.25,42.95,43.95,3592
2011-10-03 00:00:00+05:30,44.9,44.9,42.05,43.9,1528
2011-10-04 00:00:00+05:30,43.8,43.8,40.05,41.35,3887
2011-10-05 00:00:00+05:30,41.1,42.9,38.1,39.05,10022
2011-10-07 00:00:00+05:30,40.5,41.85,40.1,41.8,4157
2011-10-10 00:00:00+05:30,46.95,46.95,40.8,42.9,1111
2011-10-11 00:00:00+05:30,42.9,43.65,42.1,43.0,841
2011-10-12 00:00:00+05:30,44.4,47.95,41.5,45.9,8604
2011-10-13 00:00:00+05:30,47.8,48.9,46.0,47.85,20957
2011-10-14 00:00:00+05:30,49.45,49.45,47.05,48.4,5792
2011-10-17 00:00:00+05:30,49.45,49.7,48.05,48.5,6034
2011-10-18 00:00:00+05:30,47.5,49.0,46.5,47.15,788
2011-10-19 00:00:00+05:30,48.5,48.9,46.5,46.85,2062
2011-10-20 00:00:00+05:30,48.5,48.5,45.25,45.3,1636
2011-10-21 00:00:00+05:30,45.5,46.85,45.0,45.65,1305
2011-10-24 00:00:00+05:30,52.7,52.7,43.5,44.65,1821
2011-10-25 00:00:00+05:30,46.5,46.5,43.55,45.9,1241
2011-10-26 00:00:00+05:30,45.0,45.5,43.2,44.15,1788
2011-10-28 00:00:00+05:30,49.75,49.75,43.6,46.1,3584
2011-10-31 00:00:00+05:30,47.0,48.5,44.1,44.8,1972
2011-11-01 00:00:00+05:30,44.0,48.0,43.0,45.0,1396
2011-11-02 00:00:00+05:30,45.0,45.0,43.5,44.0,1679
2011-11-03 00:00:00+05:30,48.0,48.0,42.5,42.7,8224
2011-11-04 00:00:00+05:30,42.2,43.8,42.2,43.45,2231
2011-11-08 00:00:00+05:30,44.5,44.5,41.5,42.65,4813
2011-11-09 00:00:00+05:30,42.0,43.95,41.35,41.5,2505
2011-11-11 00:00:00+05:30,42.9,42.9,40.5,41.45,1376
2011-11-14 00:00:00+05:30,41.75,42.4,41.05,41.05,1551
2011-11-15 00:00:00+05:30,41.05,41.05,40.0,40.95,2874
2011-11-16 00:00:00+05:30,39.0,40.4,38.05,40.35,4084
2011-11-17 00:00:00+05:30,45.5,45.5,38.6,39.25,582
2011-11-18 00:00:00+05:30,38.5,42.0,37.55,38.05,2248
2011-11-21 00:00:00+05:30,37.0,38.05,33.0,38.0,4780
2011-11-22 00:00:00+05:30,39.0,39.0,35.5,36.2,14516
2011-11-23 00:00:00+05:30,36.5,36.5,34.55,35.1,3217
2011-11-24 00:00:00+05:30,38.9,38.9,35.95,36.35,350
2011-11-25 00:00:00+05:30,36.1,37.65,36.0,36.15,531
2011-11-28 00:00:00+05:30,37.5,38.45,37.5,38.45,154
2011-11-29 00:00:00+05:30,39.5,39.9,36.2,36.75,1082
2011-11-30 00:00:00+05:30,36.0,37.05,36.0,36.25,625
2011-12-01 00:00:00+05:30,39.5,39.85,35.65,38.0,851
2011-12-02 00:00:00+05:30,37.5,37.55,37.1,37.4,725
2011-12-05 00:00:00+05:30,39.0,39.0,36.65,38.5,2551
2011-12-07 00:00:00+05:30,40.15,40.15,37.15,37.9,1263
2011-12-08 00:00:00+05:30,37.0,39.55,33.8,36.45,444
2011-12-09 00:00:00+05:30,38.0,38.0,36.0,36.0,55
2011-12-12 00:00:00+05:30,37.95,37.95,35.7,35.85,332
2011-12-13 00:00:00+05:30,36.0,36.0,35.0,35.15,752
2011-12-14 00:00:00+05:30,35.25,36.85,35.0,35.65,96
2011-12-15 00:00:00+05:30,38.5,38.5,34.95,35.15,2125
2011-12-16 00:00:00+05:30,37.95,37.95,35.0,35.0,1284
2011-12-19 00:00:00+05:30,35.0,36.0,33.0,34.0,999
2011-12-20 00:00:00+05:30,36.5,36.5,31.35,32.05,1220
2011-12-21 00:00:00+05:30,32.25,32.25,31.3,32.0,110
2011-12-22 00:00:00+05:30,33.5,35.5,30.35,31.8,2951
2011-12-23 00:00:00+05:30,31.7,31.9,31.6,31.9,1051
2011-12-26 00:00:00+05:30,31.7,34.5,31.7,32.1,109
2011-12-27 00:00:00+05:30,32.05,33.0,32.0,32.35,1537
2011-12-28 00:00:00+05:30,36.0,36.0,28.8,32.3,1993
2011-12-29 00:00:00+05:30,32.75,35.85,31.0,32.9,1320
2011-12-30 00:00:00+05:30,32.0,37.0,30.5,32.0,928
2012-01-02 00:00:00+05:30,33.5,36.0,32.0,33.25,1542
2012-01-03 00:00:00+05:30,33.05,36.0,33.0,35.0,738
2012-01-04 00:00:00+05:30,34.0,35.1,32.05,32.7,1199
2012-01-05 00:00:00+05:30,33.0,33.0,32.35,32.4,101
2012-01-06 00:00:00+05:30,33.45,34.7,33.0,33.35,149
2012-01-07 00:00:00+05:30,36.55,36.7,36.55,36.65,100
2012-01-09 00:00:00+05:30,35.5,39.1,32.8,34.7,1165
2012-01-10 00:00:00+05:30,34.05,37.25,34.05,36.65,299
2012-01-11 00:00:00+05:30,35.5,38.2,33.6,36.0,76
2012-01-12 00:00:00+05:30,35.1,37.75,33.25,35.2,598
2012-01-13 00:00:00+05:30,37.2,37.25,37.2,37.25,50
2012-01-16 00:00:00+05:30,38.0,38.95,33.75,37.0,607
2012-01-17 00:00:00+05:30,37.0,37.0,35.0,36.95,2776
2012-01-18 00:00:00+05:30,37.95,37.95,36.5,36.5,1500
2012-01-19 00:00:00+05:30,36.5,39.25,36.0,38.6,8937
2012-01-20 00:00:00+05:30,37.0,40.0,36.55,39.1,8640
2012-01-23 00:00:00+05:30,37.9,39.7,37.0,38.35,9479
2012-01-24 00:00:00+05:30,38.15,39.0,31.55,34.5,41797
2012-01-25 00:00:00+05:30,35.45,38.0,34.7,35.6,8028
2012-01-27 00:00:00+05:30,37.3,37.3,35.55,36.2,1682
2012-01-30 00:00:00+05:30,37.0,37.3,36.3,36.75,1374
2012-01-31 00:00:00+05:30,36.5,41.0,36.5,39.1,56786
2012-02-01 00:00:00+05:30,38.5,40.4,38.1,39.7,12451
2012-02-02 00:00:00+05:30,40.55,42.5,39.6,41.5,20780
2012-02-03 00:00:00+05:30,42.25,43.5,40.9,41.25,10005
2012-02-06 00:00:00+05:30,41.0,42.7,40.2,40.45,3789
2012-02-07 00:00:00+05:30,40.0,40.85,39.6,39.85,1105
2012-02-08 00:00:00+05:30,40.5,41.0,36.2,39.45,5839
2012-02-09 00:00:00+05:30,40.9,40.9,38.55,39.1,1500
2012-02-10 00:00:00+05:30,38.2,39.5,38.0,38.6,2474
2012-02-13 00:00:00+05:30,38.45,39.55,38.45,38.85,976
2012-02-14 00:00:00+05:30,38.5,40.1,38.5,39.5,4405
2012-02-15 00:00:00+05:30,42.8,42.8,39.0,39.3,10392
2012-02-16 00:00:00+05:30,39.75,40.0,39.0,39.85,2007
2012-02-17 00:00:00+05:30,39.0,40.0,38.0,38.3,4982
2012-02-21 00:00:00+05:30,38.2,39.9,37.85,38.35,6484
2012-02-22 00:00:00+05:30,38.6,38.6,37.0,37.35,4239
2012-02-23 00:00:00+05:30,37.0,38.0,37.0,37.95,800
2012-02-24 00:00:00+05:30,38.0,38.9,35.2,35.95,10034
2012-02-27 00:00:00+05:30,35.0,37.35,34.55,34.6,3854
2012-02-28 00:00:00+05:30,34.5,36.75,34.45,35.25,5695
2012-02-29 00:00:00+05:30,36.0,36.0,35.35,35.45,3750
2012-03-01 00:00:00+05:30,36.0,36.0,35.0,36.0,881
2012-03-02 00:00:00+05:30,35.95,36.0,35.05,35.5,1889
2012-03-03 00:00:00+05:30,35.95,36.9,35.5,35.95,1671
2012-03-05 00:00:00+05:30,35.0,36.0,33.0,34.05,5688
2012-03-06 00:00:00+05:30,36.45,36.45,35.0,35.05,2220
2012-03-07 00:00:00+05:30,34.05,36.05,34.05,34.85,3595
2012-03-09 00:00:00+05:30,35.95,36.5,35.0,36.0,1339
2012-03-12 00:00:00+05:30,37.4,37.4,35.55,37.0,2662
2012-03-13 00:00:00+05:30,37.0,41.9,36.95,40.2,21674
2012-03-14 00:00:00+05:30,41.4,42.85,40.2,41.6,21346
2012-03-15 00:00:00+05:30,41.6,41.6,39.7,40.85,1371
2012-03-16 00:00:00+05:30,40.0,40.25,39.6,39.7,2070
2012-03-19 00:00:00+05:30,38.5,41.5,37.1,39.5,7968
2012-03-20 00:00:00+05:30,39.0,40.6,38.3,40.4,2861
2012-03-21 00:00:00+05:30,41.25,41.25,39.0,39.95,4315
2012-03-22 00:00:00+05:30,40.0,41.9,38.55,38.8,4578
2012-03-23 00:00:00+05:30,41.0,41.0,38.35,40.15,779
2012-03-26 00:00:00+05:30,40.0,40.0,38.05,38.35,955
2012-03-27 00:00:00+05:30,38.0,38.25,37.2,37.85,3067
2012-03-28 00:00:00+05:30,37.1,39.0,37.05,37.15,8393
2012-03-29 00:00:00+05:30,40.0,40.0,36.05,38.2,3692
2012-03-30 00:00:00+05:30,37.1,38.8,37.1,37.8,255
2012-04-02 00:00:00+05:30,39.0,42.0,39.0,39.65,24299
2012-04-03 00:00:00+05:30,40.95,41.4,39.2,40.0,933
2012-04-04 00:00:00+05:30,40.7,41.95,38.1,40.75,2815
2012-04-09 00:00:00+05:30,40.0,42.35,38.8,40.9,7534
2012-04-10 00:00:00+05:30,41.75,41.95,40.55,40.95,854
2012-04-11 00:00:00+05:30,39.65,42.0,39.6,41.85,5360
2012-04-12 00:00:00+05:30,42.0,43.9,41.5,43.7,16472
2012-04-13 00:00:00+05:30,43.9,46.7,43.9,45.85,14413
2012-04-16 00:00:00+05:30,44.45,47.55,43.25,45.5,1134
2012-04-17 00:00:00+05:30,45.0,46.0,43.65,44.5,2430
2012-04-18 00:00:00+05:30,46.35,48.6,45.9,46.65,47824
2012-04-19 00:00:00+05:30,44.1,48.0,44.0,46.5,2723
2012-04-20 00:00:00+05:30,45.35,48.45,45.35,47.65,23775
2012-04-23 00:00:00+05:30,48.7,48.7,46.05,47.4,3322
2012-04-24 00:00:00+05:30,46.1,46.75,46.1,46.75,500
2012-04-25 00:00:00+05:30,47.0,47.4,45.05,46.5,6770
2012-04-26 00:00:00+05:30,47.5,47.5,45.1,45.9,1666
2012-04-27 00:00:00+05:30,47.0,47.6,45.3,47.15,6352
2012-04-28 00:00:00+05:30,45.2,46.2,45.2,46.2,240
2012-04-30 00:00:00+05:30,48.1,48.1,45.4,45.45,2612
2012-05-02 00:00:00+05:30,47.2,47.2,45.75,46.6,300
2012-05-03 00:00:00+05:30,45.7,46.8,45.5,46.75,6938
2012-05-04 00:00:00+05:30,45.5,46.5,45.5,45.55,2375
2012-05-07 00:00:00+05:30,45.0,47.0,43.6,46.0,10889
2012-05-08 00:00:00+05:30,46.5,46.5,45.65,45.95,12495
2012-05-09 00:00:00+05:30,45.0,45.85,42.45,44.75,2334
2012-05-10 00:00:00+05:30,46.0,46.0,44.5,44.5,180
2012-05-11 00:00:00+05:30,44.0,45.35,43.15,44.0,1795
2012-05-14 00:00:00+05:30,43.0,45.4,43.0,43.5,10422
2012-05-15 00:00:00+05:30,45.0,45.0,43.65,44.45,1754
2012-05-16 00:00:00+05:30,45.0,45.0,43.35,44.05,3489
2012-05-17 00:00:00+05:30,43.0,43.55,43.0,43.3,322
2012-05-18 00:00:00+05:30,43.5,43.5,41.55,41.75,281
2012-05-21 00:00:00+05:30,48.0,48.0,43.0,43.0,1695
2012-05-22 00:00:00+05:30,43.5,44.2,43.0,44.2,235
2012-05-23 00:00:00+05:30,44.0,44.0,41.7,43.05,4482
2012-05-24 00:00:00+05:30,42.7,42.95,41.15,42.1,1054
2012-05-25 00:00:00+05:30,43.5,43.5,42.45,42.65,271
2012-05-28 00:00:00+05:30,44.5,44.5,42.5,43.5,334
2012-05-29 00:00:00+05:30,42.55,43.0,42.5,42.55,633
2012-05-30 00:00:00+05:30,41.9,42.2,41.0,42.2,435
2012-05-31 00:00:00+05:30,41.9,42.4,41.1,42.4,305
2012-06-01 00:00:00+05:30,43.5,43.5,40.85,40.85,255
2012-06-04 00:00:00+05:30,42.0,42.0,39.7,40.6,382
2012-06-05 00:00:00+05:30,42.4,42.4,41.0,41.0,79
2012-06-06 00:00:00+05:30,42.2,43.45,41.3,43.25,414
2012-06-07 00:00:00+05:30,43.0,43.6,42.0,43.2,6911
2012-06-08 00:00:00+05:30,43.8,43.8,41.45,41.65,2360
2012-06-11 00:00:00+05:30,43.9,44.0,42.0,42.0,2816
2012-06-12 00:00:00+05:30,41.0,44.0,39.6,43.05,5702
2012-06-13 00:00:00+05:30,48.0,48.0,43.7,44.45,4738
2012-06-14 00:00:00+05:30,44.0,44.75,41.1,41.35,3735
2012-06-15 00:00:00+05:30,40.5,43.45,39.1,42.5,4486
2012-06-18 00:00:00+05:30,42.0,43.5,41.45,42.05,522
2012-06-19 00:00:00+05:30,42.05,42.05,42.05,42.05,100
2012-06-20 00:00:00+05:30,42.05,43.45,42.05,42.7,964
2012-06-21 00:00:00+05:30,42.0,42.3,42.0,42.0,1700
2012-06-22 00:00:00+05:30,43.0,43.9,41.6,43.5,1911
2012-06-25 00:00:00+05:30,43.9,44.4,42.5,43.35,3219
2012-06-26 00:00:00+05:30,44.0,45.0,43.35,43.8,677
2012-06-27 00:00:00+05:30,43.0,45.45,42.0,44.05,1055
2012-06-28 00:00:00+05:30,44.5,45.0,42.55,43.0,10129
2012-06-29 00:00:00+05:30,44.0,48.1,43.05,46.8,4853
2012-07-02 00:00:00+05:30,47.0,47.4,46.0,47.2,7246
2012-07-03 00:00:00+05:30,47.5,48.0,46.3,46.6,12473
2012-07-04 00:00:00+05:30,47.0,47.95,46.15,47.0,529
2012-07-05 00:00:00+05:30,46.5,46.7,46.5,46.65,148
2012-07-06 00:00:00+05:30,47.85,47.85,46.65,47.4,5500
2012-07-09 00:00:00+05:30,48.5,48.5,46.5,47.5,2229
2012-07-10 00:00:00+05:30,47.05,47.05,45.15,45.9,919
2012-07-11 00:00:00+05:30,45.5,45.8,44.7,44.95,420
2012-07-12 00:00:00+05:30,45.1,45.1,45.1,45.1,1670
2012-07-13 00:00:00+05:30,45.1,47.0,45.1,45.1,561
2012-07-16 00:00:00+05:30,44.55,46.05,44.55,44.6,1125
2012-07-17 00:00:00+05:30,44.6,45.8,43.65,44.2,6419
2012-07-18 00:00:00+05:30,45.9,45.9,42.35,43.45,4716
2012-07-19 00:00:00+05:30,44.95,44.95,42.05,42.5,1904
2012-07-20 00:00:00+05:30,42.05,43.65,41.25,41.95,1274
2012-07-23 00:00:00+05:30,43.0,44.0,41.05,44.0,102
2012-07-24 00:00:00+05:30,44.0,45.0,42.05,44.7,6190
2012-07-25 00:00:00+05:30,45.0,45.0,43.1,43.85,1632
2012-07-26 00:00:00+05:30,43.4,44.9,43.1,43.15,326
2012-07-27 00:00:00+05:30,44.35,44.4,42.5,42.8,1101
2012-07-30 00:00:00+05:30,41.75,42.35,41.0,41.9,1138
2012-07-31 00:00:00+05:30,41.6,41.8,40.0,41.65,1012
2012-08-01 00:00:00+05:30,41.0,44.0,39.0,43.7,2605
2012-08-02 00:00:00+05:30,43.5,43.5,43.5,43.5,100
2012-08-03 00:00:00+05:30,44.5,44.5,42.5,43.0,433
2012-08-06 00:00:00+05:30,44.0,44.4,41.8,43.0,1589
2012-08-07 00:00:00+05:30,43.0,43.5,41.0,41.35,6201
2012-08-08 00:00:00+05:30,41.1,43.5,41.1,43.5,1453
2012-08-09 00:00:00+05:30,43.65,44.35,42.0,42.8,5073
2012-08-10 00:00:00+05:30,43.0,43.0,41.65,42.2,1246
2012-08-13 00:00:00+05:30,42.0,42.7,41.3,42.0,7884
2012-08-14 00:00:00+05:30,43.0,43.0,41.3,41.75,1498
2012-08-16 00:00:00+05:30,43.0,43.0,42.0,43.0,2455
2012-08-17 00:00:00+05:30,44.0,48.95,44.0,44.4,12089
2012-08-21 00:00:00+05:30,44.8,46.3,44.25,44.35,345
2012-08-22 00:00:00+05:30,45.5,46.0,44.3,45.6,4329
2012-08-23 00:00:00+05:30,45.9,45.9,40.65,42.15,14938
2012-08-24 00:00:00+05:30,42.15,44.85,40.35,41.15,14092
2012-08-27 00:00:00+05:30,41.15,42.95,40.2,41.25,7045
2012-08-28 00:00:00+05:30,42.5,42.5,40.3,40.5,1600
2012-08-29 00:00:00+05:30,41.75,41.75,39.25,40.1,3371
2012-08-30 00:00:00+05:30,39.8,41.65,39.8,40.0,665
2012-08-31 00:00:00+05:30,40.0,41.5,40.0,40.8,2311
2012-09-03 00:00:00+05:30,42.5,42.95,42.3,42.7,5806
2012-09-04 00:00:00+05:30,42.7,43.2,42.0,42.95,4140
2012-09-05 00:00:00+05:30,42.55,42.7,42.1,42.35,945
2012-09-06 00:00:00+05:30,42.3,43.0,42.1,42.3,1602
2012-09-07 00:00:00+05:30,42.5,42.5,41.5,42.0,4684
2012-09-08 00:00:00+05:30,42.85,42.9,42.0,42.9,1524
2012-09-10 00:00:00+05:30,44.0,46.0,43.5,44.4,14782
2012-09-11 00:00:00+05:30,44.0,48.0,44.0,47.3,36475
2012-09-12 00:00:00+05:30,47.4,54.95,47.4,51.2,96819
2012-09-13 00:00:00+05:30,51.3,52.4,49.1,49.95,10474
2012-09-14 00:00:00+05:30,51.5,52.2,47.4,48.9,9771
2012-09-17 00:00:00+05:30,48.5,51.75,48.3,49.35,19257
2012-09-18 00:00:00+05:30,55.9,57.7,51.0,52.9,51895
2012-09-20 00:00:00+05:30,52.0,55.7,50.8,54.35,38136
2012-09-21 00:00:00+05:30,58.0,59.7,54.0,56.65,63846
2012-09-24 00:00:00+05:30,56.0,59.4,53.75,56.45,15556
2012-09-25 00:00:00+05:30,58.65,59.0,55.25,56.9,12941
2012-09-26 00:00:00+05:30,56.1,57.0,54.3,55.65,9197
2012-09-27 00:00:00+05:30,55.0,57.45,54.3,55.85,16423
2012-09-28 00:00:00+05:30,55.5,56.0,54.5,54.85,5081
2012-10-01 00:00:00+05:30,55.05,56.0,52.55,55.0,10185
2012-10-03 00:00:00+05:30,55.0,57.95,52.65,54.1,16930
2012-10-04 00:00:00+05:30,54.1,57.0,52.0,56.75,27587
2012-10-05 00:00:00+05:30,58.0,59.25,54.5,55.6,62986
2012-10-08 00:00:00+05:30,56.0,56.8,54.3,55.8,21100
2012-10-09 00:00:00+05:30,55.5,56.5,54.1,55.0,7369
2012-10-10 00:00:00+05:30,54.6,56.0,52.65,54.0,35836
2012-10-11 00:00:00+05:30,53.8,55.5,52.1,55.0,27370
2012-10-12 00:00:00+05:30,55.7,56.65,55.0,56.3,19414
2012-10-15 00:00:00+05:30,55.65,59.9,55.0,57.8,95595
2012-10-16 00:00:00+05:30,58.0,62.4,58.0,61.0,139978
2012-10-17 00:00:00+05:30,61.1,61.8,58.1,59.0,28616
2012-10-18 00:00:00+05:30,63.9,69.5,61.7,68.0,347652
2012-10-19 00:00:00+05:30,68.5,71.9,67.0,70.75,207436
2012-10-22 00:00:00+05:30,71.0,84.9,70.85,84.9,458369
2012-10-23 00:00:00+05:30,86.6,93.35,86.6,90.15,466900
2012-10-25 00:00:00+05:30,90.0,94.7,81.25,89.35,401131
2012-10-26 00:00:00+05:30,92.0,92.0,84.15,86.4,70765
2012-10-29 00:00:00+05:30,88.85,88.85,81.1,82.0,22163
2012-10-30 00:00:00+05:30,80.5,82.4,79.0,80.1,21748
2012-10-31 00:00:00+05:30,80.15,85.5,78.15,83.55,24138
2012-11-01 00:00:00+05:30,84.9,89.65,78.1,81.1,65590
2012-11-02 00:00:00+05:30,81.05,85.45,80.5,82.15,16990
2012-11-05 00:00:00+05:30,81.5,84.9,79.05,83.05,17658
2012-11-06 00:00:00+05:30,82.55,87.0,82.5,84.0,23390
2012-11-07 00:00:00+05:30,85.0,88.3,84.05,86.9,37188
2012-11-08 00:00:00+05:30,87.5,87.5,85.5,85.5,3186
2012-11-09 00:00:00+05:30,84.0,87.9,80.1,86.1,12534
2012-11-12 00:00:00+05:30,86.0,95.0,83.1,88.95,33048
2012-11-13 00:00:00+05:30,88.05,92.45,88.05,90.7,8604
2012-11-15 00:00:00+05:30,91.0,91.0,87.0,88.55,11860
2012-11-16 00:00:00+05:30,89.9,91.5,87.5,89.0,40146
2012-11-19 00:00:00+05:30,88.0,95.95,86.1,88.25,66845
2012-11-20 00:00:00+05:30,88.9,94.35,87.1,88.35,58307
2012-11-21 00:00:00+05:30,89.85,91.5,88.5,90.7,34712
2012-11-22 00:00:00+05:30,94.0,94.0,88.55,88.95,12925
2012-11-23 00:00:00+05:30,88.9,91.0,88.5,90.35,15574
2012-11-26 00:00:00+05:30,92.4,92.4,89.1,90.45,17896
2012-11-27 00:00:00+05:30,92.0,92.0,87.2,88.35,20568
2012-11-29 00:00:00+05:30,91.0,94.9,88.45,91.75,20662
2012-11-30 00:00:00+05:30,90.5,93.0,90.5,91.15,5815
2012-12-03 00:00:00+05:30,92.0,92.0,86.75,90.85,7650
2012-12-04 00:00:00+05:30,87.65,91.8,87.65,91.65,6900
2012-12-05 00:00:00+05:30,91.0,96.2,91.0,93.5,39549
2012-12-06 00:00:00+05:30,92.15,94.0,90.9,93.95,9484
2012-12-07 00:00:00+05:30,98.0,98.0,93.5,97.55,8839
2012-12-10 00:00:00+05:30,97.75,102.4,96.35,102.4,31236
2012-12-11 00:00:00+05:30,102.0,106.4,98.0,100.75,12067
2012-12-12 00:00:00+05:30,96.45,102.0,96.45,99.7,4678
2012-12-13 00:00:00+05:30,97.25,101.0,97.2,99.1,3203
2012-12-14 00:00:00+05:30,100.95,100.95,96.0,97.35,3411
2012-12-17 00:00:00+05:30,98.0,99.85,97.5,97.5,3682
2012-12-18 00:00:00+05:30,98.8,98.8,94.15,97.0,1518
2012-12-19 00:00:00+05:30,97.0,98.0,94.5,96.2,1588
2012-12-20 00:00:00+05:30,97.85,97.85,91.5,95.0,1591
2012-12-21 00:00:00+05:30,95.95,95.95,90.4,90.5,2976
2012-12-24 00:00:00+05:30,93.0,95.0,93.0,95.0,613
2012-12-26 00:00:00+05:30,98.4,99.75,97.0,97.9,5365
2012-12-27 00:00:00+05:30,96.0,101.0,96.0,98.75,2345
2012-12-28 00:00:00+05:30,97.0,98.5,95.2,97.1,1534
2012-12-31 00:00:00+05:30,98.0,99.85,95.35,95.7,2096
2013-01-01 00:00:00+05:30,100.0,100.0,95.1,98.65,17555
2013-01-02 00:00:00+05:30,95.85,99.75,95.85,96.45,3007
2013-01-03 00:00:00+05:30,99.7,100.0,96.8,98.8,9322
2013-01-04 00:00:00+05:30,98.9,98.9,96.0,97.95,2526
2013-01-07 00:00:00+05:30,94.0,102.8,94.0,102.5,14341
2013-01-08 00:00:00+05:30,102.8,107.6,100.6,107.55,25012
2013-01-09 00:00:00+05:30,107.6,112.0,107.6,111.75,17364
2013-01-10 00:00:00+05:30,112.0,114.75,108.1,112.25,11756
2013-01-11 00:00:00+05:30,112.25,115.0,109.0,109.8,4912
2013-01-14 00:00:00+05:30,112.5,113.9,109.55,110.05,3326
2013-01-15 00:00:00+05:30,111.0,114.95,110.0,110.5,18392
2013-01-16 00:00:00+05:30,111.95,111.95,105.0,105.0,4765
2013-01-17 00:00:00+05:30,107.75,107.75,99.8,100.8,12895
2013-01-18 00:00:00+05:30,97.75,104.4,95.8,96.0,9445
2013-01-21 00:00:00+05:30,96.0,98.95,92.0,98.3,4489
2013-01-22 00:00:00+05:30,97.75,97.75,94.0,94.45,4098
2013-01-23 00:00:00+05:30,95.0,96.45,92.1,93.8,6452
2013-01-24 00:00:00+05:30,92.0,94.5,89.15,89.15,5284
2013-01-25 00:00:00+05:30,86.25,89.95,84.7,87.7,11772
2013-01-28 00:00:00+05:30,83.55,90.0,83.55,88.25,8801
2013-01-29 00:00:00+05:30,83.85,89.9,83.85,87.5,1165
2013-01-30 00:00:00+05:30,83.15,86.65,83.15,84.8,2741
2013-01-31 00:00:00+05:30,84.8,84.8,82.85,83.0,1198
2013-02-01 00:00:00+05:30,82.9,85.8,82.9,85.65,3348
2013-02-04 00:00:00+05:30,85.25,85.9,83.05,84.6,2409
2013-02-05 00:00:00+05:30,83.6,88.0,80.5,83.8,4429
2013-02-06 00:00:00+05:30,80.8,84.95,80.8,83.2,2661
2013-02-07 00:00:00+05:30,82.0,84.95,82.0,82.9,2907
2013-02-08 00:00:00+05:30,81.3,83.0,81.25,82.25,2682
2013-02-11 00:00:00+05:30,80.6,83.9,80.6,83.6,661
2013-02-12 00:00:00+05:30,80.7,84.85,80.7,82.0,1430
2013-02-13 00:00:00+05:30,82.0,84.0,82.0,82.8,3549
2013-02-14 00:00:00+05:30,80.5,83.65,80.0,80.0,2587
2013-02-15 00:00:00+05:30,80.5,80.5,76.0,77.1,5082
2013-02-18 00:00:00+05:30,80.5,80.5,73.25,73.25,15432
2013-02-19 00:00:00+05:30,73.25,74.5,69.6,73.4,12007
2013-02-20 00:00:00+05:30,76.95,77.0,69.75,72.15,16805
2013-02-21 00:00:00+05:30,69.0,70.1,68.55,68.55,7460
2013-02-22 00:00:00+05:30,69.9,71.9,67.1,69.75,9897
2013-02-25 00:00:00+05:30,73.2,73.2,66.3,67.45,9480
2013-02-26 00:00:00+05:30,66.5,66.95,64.1,64.1,5642
2013-02-27 00:00:00+05:30,61.0,64.25,60.9,64.0,4005
2013-02-28 00:00:00+05:30,61.1,64.0,61.1,61.85,4224
2013-03-01 00:00:00+05:30,60.0,64.0,59.0,63.2,4645
2013-03-04 00:00:00+05:30,61.6,64.75,61.6,62.7,1293
2013-03-05 00:00:00+05:30,60.2,65.8,60.2,65.8,1874
2013-03-06 00:00:00+05:30,66.05,69.05,66.05,69.05,1496
2013-03-07 00:00:00+05:30,70.0,72.5,70.0,72.5,9136
2013-03-08 00:00:00+05:30,74.0,76.1,74.0,76.1,2413
2013-03-11 00:00:00+05:30,79.8,79.9,77.05,79.9,3079
2013-03-12 00:00:00+05:30,83.8,83.85,78.65,80.2,12843
2013-03-13 00:00:00+05:30,76.2,80.0,76.2,76.2,7545
2013-03-14 00:00:00+05:30,75.5,76.0,73.8,76.0,2368
2013-03-15 00:00:00+05:30,74.0,75.8,73.3,74.0,1089
2013-03-18 00:00:00+05:30,73.95,73.95,70.75,72.0,913
2013-03-19 00:00:00+05:30,72.5,72.5,69.05,69.9,12382
2013-03-20 00:00:00+05:30,67.1,73.25,66.45,67.35,7105
2013-03-21 00:00:00+05:30,67.35,67.35,64.95,65.3,2016
2013-03-22 00:00:00+05:30,64.0,67.4,62.05,62.45,8602
2013-03-25 00:00:00+05:30,65.0,65.0,62.75,62.85,3808
2013-03-26 00:00:00+05:30,60.15,64.8,60.15,63.9,3148
2013-03-28 00:00:00+05:30,65.9,66.95,63.2,66.0,5644
2013-04-01 00:00:00+05:30,68.0,69.3,68.0,69.3,5260
2013-04-02 00:00:00+05:30,71.5,72.75,71.0,72.5,5580
2013-04-03 00:00:00+05:30,75.25,76.1,72.65,76.1,11766
2013-04-04 00:00:00+05:30,75.0,75.85,72.3,72.3,4062
2013-04-05 00:00:00+05:30,69.1,71.95,69.1,70.05,386
2013-04-08 00:00:00+05:30,70.0,71.25,67.0,69.0,3509
2013-04-09 00:00:00+05:30,69.8,72.45,69.0,71.5,7607
2013-04-10 00:00:00+05:30,69.1,72.45,69.1,71.35,1939
2013-04-11 00:00:00+05:30,71.1,72.4,71.0,71.6,1246
2013-04-12 00:00:00+05:30,71.5,73.4,71.5,72.75,1007
2013-04-15 00:00:00+05:30,70.05,72.7,69.25,70.6,689
2013-04-16 00:00:00+05:30,68.7,73.9,68.7,72.55,1584
2013-04-17 00:00:00+05:30,75.95,75.95,68.95,69.5,3038
2013-04-18 00:00:00+05:30,68.4,71.5,68.4,71.05,1974
2013-04-22 00:00:00+05:30,71.0,72.0,70.5,71.9,766
2013-04-23 00:00:00+05:30,70.9,71.0,70.15,70.8,2481
2013-04-25 00:00:00+05:30,68.75,70.95,68.6,70.5,1357
2013-04-26 00:00:00+05:30,70.5,71.0,69.4,69.9,3068
2013-04-29 00:00:00+05:30,72.95,73.35,70.0,73.35,5100
2013-04-30 00:00:00+05:30,74.1,77.0,74.1,77.0,6404
2013-05-02 00:00:00+05:30,79.0,80.85,78.0,80.85,12699
2013-05-03 00:00:00+05:30,80.95,83.95,76.85,77.5,5362
2013-05-06 00:00:00+05:30,77.7,81.35,75.75,81.0,3481
2013-05-07 00:00:00+05:30,80.0,85.05,77.15,84.4,7450
2013-05-08 00:00:00+05:30,80.5,86.0,80.5,84.1,7653
2013-05-09 00:00:00+05:30,82.9,82.9,81.0,82.0,1426
2013-05-10 00:00:00+05:30,81.95,88.0,81.95,86.25,6328
2013-05-11 00:00:00+05:30,86.25,87.85,83.0,87.85,1082
2013-05-13 00:00:00+05:30,82.6,89.7,82.6,86.3,2191
2013-05-14 00:00:00+05:30,85.0,86.85,85.0,85.0,3372
2013-05-15 00:00:00+05:30,83.0,90.0,83.0,87.2,8921
2013-05-16 00:00:00+05:30,83.05,95.0,83.05,86.75,15244
2013-05-17 00:00:00+05:30,83.05,94.9,83.05,88.0,8512
2013-05-20 00:00:00+05:30,89.85,89.9,85.0,86.55,2423
2013-05-21 00:00:00+05:30,87.5,87.7,82.4,84.15,6757
2013-05-22 00:00:00+05:30,86.5,88.6,84.0,84.25,8230
2013-05-23 00:00:00+05:30,84.2,85.5,78.2,78.7,7405
2013-05-24 00:00:00+05:30,78.4,79.5,77.0,78.75,3913
2013-05-27 00:00:00+05:30,77.15,84.95,75.0,81.8,2802
2013-05-28 00:00:00+05:30,80.25,82.5,80.15,80.5,1197
2013-05-29 00:00:00+05:30,81.55,82.0,79.75,80.1,603
2013-05-30 00:00:00+05:30,79.15,81.0,79.0,80.75,581
2013-05-31 00:00:00+05:30,78.75,80.7,78.1,78.2,12381
2013-06-03 00:00:00+05:30,73.5,80.0,73.5,79.2,2233
2013-06-04 00:00:00+05:30,82.7,82.75,73.25,75.35,10570
2013-06-05 00:00:00+05:30,78.35,78.4,73.25,75.1,4981
2013-06-06 00:00:00+05:30,73.55,76.0,73.2,75.85,3587
2013-06-07 00:00:00+05:30,76.3,81.0,76.3,77.95,3302
2013-06-10 00:00:00+05:30,79.0,82.6,77.0,77.7,2924
2013-06-11 00:00:00+05:30,76.4,79.5,72.5,73.6,5126
2013-06-12 00:00:00+05:30,72.2,75.9,69.95,70.65,6129
2013-06-13 00:00:00+05:30,68.15,71.95,68.15,71.7,3806
2013-06-14 00:00:00+05:30,71.7,74.7,71.4,74.15,1774
2013-06-17 00:00:00+05:30,71.35,77.5,70.75,74.9,2086
2013-06-18 00:00:00+05:30,76.8,78.0,74.0,74.8,2555
2013-06-19 00:00:00+05:30,74.75,76.95,74.75,75.45,2355
2013-06-20 00:00:00+05:30,73.6,73.8,71.7,72.55,573
2013-06-21 00:00:00+05:30,72.5,72.5,68.3,69.3,9108
2013-06-24 00:00:00+05:30,69.25,69.95,67.3,67.95,2146
2013-06-25 00:00:00+05:30,66.25,72.0,65.3,70.9,6502
2013-06-26 00:00:00+05:30,71.9,71.9,69.5,70.6,4661
2013-06-27 00:00:00+05:30,70.45,72.0,70.0,71.65,1719
2013-06-28 00:00:00+05:30,70.0,78.8,64.55,72.0,3379
2013-07-01 00:00:00+05:30,75.45,75.45,72.0,73.95,327
2013-07-02 00:00:00+05:30,72.55,78.0,72.0,75.95,2770
2013-07-03 00:00:00+05:30,74.55,76.0,73.2,75.45,2826
2013-07-04 00:00:00+05:30,73.6,76.0,73.3,76.0,3004
2013-07-05 00:00:00+05:30,76.05,76.05,73.95,74.0,5465
2013-07-08 00:00:00+05:30,74.0,76.0,73.2,73.5,735
2013-07-09 00:00:00+05:30,73.15,76.85,73.0,74.2,3317
2013-07-10 00:00:00+05:30,76.3,76.35,74.0,74.15,2271
2013-07-11 00:00:00+05:30,74.85,76.0,73.65,73.8,1591
2013-07-12 00:00:00+05:30,73.9,75.75,73.75,75.0,2058
2013-07-15 00:00:00+05:30,75.0,77.9,74.55,77.7,6270
2013-07-16 00:00:00+05:30,74.1,78.0,74.1,74.95,11195
2013-07-17 00:00:00+05:30,75.3,77.0,75.0,75.55,2645
2013-07-18 00:00:00+05:30,75.8,77.35,75.55,77.0,11247
2013-07-19 00:00:00+05:30,77.55,83.0,76.35,80.5,8677
2013-07-22 00:00:00+05:30,81.55,85.0,81.55,83.0,28451
2013-07-23 00:00:00+05:30,83.55,85.0,79.25,81.55,11529
2013-07-24 00:00:00+05:30,78.75,80.0,74.15,76.05,42545
2013-07-25 00:00:00+05:30,74.05,77.5,73.0,73.85,3951
2013-07-26 00:00:00+05:30,74.0,75.95,71.5,72.85,7911
2013-07-29 00:00:00+05:30,73.0,78.75,70.05,71.0,3490
2013-07-30 00:00:00+05:30,72.0,77.35,69.15,70.35,3521
2013-07-31 00:00:00+05:30,68.0,72.0,65.4,68.35,3441
2013-08-01 00:00:00+05:30,68.35,72.0,65.6,67.3,10663
2013-08-02 00:00:00+05:30,68.5,72.5,66.2,67.25,7763
2013-08-05 00:00:00+05:30,68.0,68.25,65.55,67.25,3650
2013-08-06 00:00:00+05:30,66.5,71.0,66.5,69.45,3164
2013-08-07 00:00:00+05:30,67.0,69.65,67.0,69.0,619
2013-08-08 00:00:00+05:30,69.0,74.0,69.0,72.2,5154
2013-08-12 00:00:00+05:30,71.0,74.85,71.0,71.35,1659
2013-08-13 00:00:00+05:30,70.05,74.25,70.05,73.8,1090
2013-08-14 00:00:00+05:30,71.55,74.6,71.0,72.95,2389
2013-08-16 00:00:00+05:30,71.55,74.35,70.55,71.25,2957
2013-08-19 00:00:00+05:30,70.0,70.0,68.05,68.8,4945
2013-08-20 00:00:00+05:30,66.75,72.25,66.2,70.55,4440
2013-08-21 00:00:00+05:30,68.9,71.65,67.85,69.9,4354
2013-08-22 00:00:00+05:30,73.25,73.25,68.0,71.55,5775
2013-08-23 00:00:00+05:30,71.35,72.45,69.15,71.2,3487
2013-08-26 00:00:00+05:30,70.2,73.5,70.0,70.95,3716
2013-08-27 00:00:00+05:30,70.7,70.7,70.0,70.0,776
2013-08-28 00:00:00+05:30,70.0,70.4,68.05,70.0,14541
2013-08-29 00:00:00+05:30,70.0,71.8,69.0,70.0,5573
2013-08-30 00:00:00+05:30,69.0,71.95,69.0,70.0,5302
2013-09-02 00:00:00+05:30,69.0,72.7,69.0,72.7,5830
2013-09-03 00:00:00+05:30,74.0,74.0,70.7,72.25,1384
2013-09-04 00:00:00+05:30,69.9,72.4,69.9,72.3,2326
2013-09-05 00:00:00+05:30,71.4,71.95,71.2,71.95,1498
2013-09-06 00:00:00+05:30,72.0,72.0,70.75,71.5,2661
2013-09-10 00:00:00+05:30,75.0,83.95,70.5,73.1,2043
2013-09-11 00:00:00+05:30,79.05,79.1,71.3,77.2,7967
2013-09-12 00:00:00+05:30,78.4,78.4,74.45,75.15,4988
2013-09-13 00:00:00+05:30,75.0,79.5,75.0,78.75,4478
2013-09-16 00:00:00+05:30,79.5,79.5,75.6,75.85,3481
2013-09-17 00:00:00+05:30,75.05,75.9,72.1,74.4,2598
2013-09-18 00:00:00+05:30,73.2,76.7,73.2,75.0,5437
2013-09-19 00:00:00+05:30,75.0,75.05,74.05,75.0,3489
2013-09-20 00:00:00+05:30,74.45,77.75,74.35,76.2,5144
2013-09-23 00:00:00+05:30,77.0,77.95,76.75,77.0,9752
2013-09-24 00:00:00+05:30,76.05,78.0,76.0,77.0,4735
2013-09-25 00:00:00+05:30,76.0,78.0,76.0,77.7,3482
2013-09-26 00:00:00+05:30,75.3,78.9,75.3,77.75,2646
2013-09-27 00:00:00+05:30,79.15,80.5,75.1,78.8,10731
2013-09-30 00:00:00+05:30,80.0,80.0,79.05,80.0,8510
2013-10-01 00:00:00+05:30,80.5,82.0,80.0,81.4,1185
2013-10-03 00:00:00+05:30,78.7,82.85,77.5,82.3,2045
2013-10-04 00:00:00+05:30,79.7,80.9,78.5,80.0,4190
2013-10-07 00:00:00+05:30,80.0,81.9,80.0,81.6,1463
2013-10-08 00:00:00+05:30,80.5,85.85,80.0,83.35,17183
2013-10-09 00:00:00+05:30,84.0,84.0,82.5,83.0,13240
2013-10-10 00:00:00+05:30,80.7,83.8,80.0,82.9,1785
2013-10-11 00:00:00+05:30,84.0,84.4,80.75,83.75,4505
2013-10-14 00:00:00+05:30,82.15,82.8,82.0,82.0,1248
2013-10-15 00:00:00+05:30,83.0,83.95,81.05,83.0,3573
2013-10-17 00:00:00+05:30,83.5,83.5,81.0,81.15,1311
2013-10-18 00:00:00+05:30,78.75,84.9,78.7,84.0,9649
2013-10-21 00:00:00+05:30,80.4,87.35,80.4,87.0,14749
2013-10-22 00:00:00+05:30,87.0,92.0,86.0,90.65,20910
2013-10-23 00:00:00+05:30,92.4,92.75,88.05,90.1,8162
2013-10-24 00:00:00+05:30,92.85,92.85,88.75,90.0,8046
2013-10-25 00:00:00+05:30,88.0,88.0,81.0,84.85,28643
2013-10-28 00:00:00+05:30,86.5,86.5,84.05,84.95,8807
2013-10-29 00:00:00+05:30,84.95,87.2,84.95,85.05,2617
2013-10-30 00:00:00+05:30,85.05,86.5,84.05,86.2,4869
2013-10-31 00:00:00+05:30,87.5,87.9,83.0,86.0,2623
2013-11-01 00:00:00+05:30,87.15,87.15,85.05,86.0,5156
2013-11-03 00:00:00+05:30,84.05,87.0,84.05,85.05,2723
2013-11-05 00:00:00+05:30,83.0,87.0,83.0,85.0,1280
2013-11-06 00:00:00+05:30,86.95,91.7,85.0,90.1,6844
2013-11-07 00:00:00+05:30,88.1,107.3,88.1,104.0,97223
2013-11-08 00:00:00+05:30,103.55,111.55,92.25,94.1,41651
2013-11-11 00:00:00+05:30,99.0,99.0,91.1,95.8,33963
2013-11-12 00:00:00+05:30,93.6,97.4,93.6,96.15,3751
2013-11-13 00:00:00+05:30,94.0,96.25,92.5,96.1,11531
2013-11-14 00:00:00+05:30,93.0,99.95,91.5,97.0,5816
2013-11-18 00:00:00+05:30,100.9,101.9,99.05,99.15,11959
2013-11-19 00:00:00+05:30,105.7,105.7,97.1,99.15,1944
2013-11-20 00:00:00+05:30,98.2,99.0,95.5,96.0,2930
2013-11-21 00:00:00+05:30,94.75,99.7,94.75,96.2,8515
2013-11-22 00:00:00+05:30,97.0,97.0,94.15,95.2,600
2013-11-25 00:00:00+05:30,97.95,99.8,95.5,98.95,3457
2013-11-26 00:00:00+05:30,103.75,103.75,98.0,98.0,12803
2013-11-27 00:00:00+05:30,101.0,101.0,97.0,98.1,8273
2013-11-28 00:00:00+05:30,99.9,99.9,98.0,99.6,7878
2013-11-29 00:00:00+05:30,97.0,100.0,95.4,99.0,7077
2013-12-02 00:00:00+05:30,100.2,102.65,98.25,100.0,20928
2013-12-03 00:00:00+05:30,99.0,100.9,97.15,99.85,14365
2013-12-04 00:00:00+05:30,101.75,101.75,97.0,98.9,6652
2013-12-05 00:00:00+05:30,97.4,100.45,97.2,99.0,2555
2013-12-06 00:00:00+05:30,100.0,104.0,98.6,100.9,10678
2013-12-09 00:00:00+05:30,104.0,104.0,96.85,98.35,6562
2013-12-10 00:00:00+05:30,99.6,100.0,91.4,95.05,12130
2013-12-11 00:00:00+05:30,92.5,95.0,91.6,93.95,3871
2013-12-12 00:00:00+05:30,93.2,99.95,93.2,98.75,6421
2013-12-13 00:00:00+05:30,99.05,113.4,99.0,106.65,346848
2013-12-16 00:00:00+05:30,107.5,107.5,98.0,100.1,33651
2013-12-17 00:00:00+05:30,99.8,107.4,99.8,103.05,59054
2013-12-18 00:00:00+05:30,103.8,105.85,100.2,104.1,10169
2013-12-19 00:00:00+05:30,104.3,109.8,103.0,108.6,13194
2013-12-20 00:00:00+05:30,109.0,110.0,107.3,109.1,9975
2013-12-23 00:00:00+05:30,109.5,116.0,109.5,112.05,36151
2013-12-24 00:00:00+05:30,114.0,117.7,112.5,114.2,27111
2013-12-26 00:00:00+05:30,114.5,114.5,110.1,112.05,16662
2013-12-27 00:00:00+05:30,117.0,117.7,110.2,114.35,49295
2013-12-30 00:00:00+05:30,115.0,119.0,115.0,116.5,32221
2013-12-31 00:00:00+05:30,116.85,118.0,115.3,116.0,7122
2014-01-01 00:00:00+05:30,115.0,116.3,113.05,114.85,2415
2014-01-02 00:00:00+05:30,111.5,115.0,111.5,112.5,4924
2014-01-03 00:00:00+05:30,111.15,111.25,110.0,110.05,4947
2014-01-06 00:00:00+05:30,110.0,114.0,110.0,112.25,2277
2014-01-07 00:00:00+05:30,115.0,119.8,113.2,114.5,8744
2014-01-08 00:00:00+05:30,116.5,118.55,116.5,117.55,6013
2014-01-09 00:00:00+05:30,116.95,119.0,116.95,118.25,5845
2014-01-10 00:00:00+05:30,117.15,120.0,114.4,117.45,9768
2014-01-13 00:00:00+05:30,117.45,124.0,117.45,121.9,40288
2014-01-14 00:00:00+05:30,122.1,146.25,112.0,143.65,1441501
2014-01-15 00:00:00+05:30,145.0,149.95,133.5,145.7,438170
2014-01-16 00:00:00+05:30,145.9,155.9,138.6,141.5,352062
2014-01-17 00:00:00+05:30,140.95,141.45,123.85,128.5,94497
2014-01-20 00:00:00+05:30,129.2,136.8,127.2,130.9,93104
2014-01-21 00:00:00+05:30,131.65,131.85,125.0,126.5,20308
2014-01-22 00:00:00+05:30,130.5,130.5,125.5,126.05,10411
2014-01-23 00:00:00+05:30,126.0,129.85,125.3,126.0,13931
2014-01-24 00:00:00+05:30,125.0,127.0,124.5,125.45,11669
2014-01-27 00:00:00+05:30,124.0,126.0,116.65,122.25,25673
2014-01-28 00:00:00+05:30,118.0,122.0,118.0,118.4,8564
2014-01-29 00:00:00+05:30,117.05,122.0,117.05,120.4,8300
2014-01-30 00:00:00+05:30,114.0,119.0,113.3,117.8,21471
2014-01-31 00:00:00+05:30,117.75,121.0,116.15,117.0,6716
2014-02-03 00:00:00+05:30,121.0,131.45,118.9,128.6,40279
2014-02-04 00:00:00+05:30,127.0,135.95,125.0,134.6,23275
2014-02-05 00:00:00+05:30,133.0,149.9,129.0,130.9,30410
2014-02-06 00:00:00+05:30,131.0,135.0,131.0,132.3,12111
2014-02-07 00:00:00+05:30,133.0,138.4,132.5,133.75,8933
2014-02-10 00:00:00+05:30,132.0,137.75,132.0,135.0,7769
2014-02-11 00:00:00+05:30,133.25,136.0,129.15,130.1,10097
2014-02-12 00:00:00+05:30,133.0,133.0,129.25,130.85,3807
2014-02-13 00:00:00+05:30,129.25,139.0,126.05,131.25,34418
2014-02-14 00:00:00+05:30,127.0,132.0,126.0,127.8,16959
2014-02-17 00:00:00+05:30,132.0,151.0,128.6,147.1,233986
2014-02-18 00:00:00+05:30,146.4,146.85,139.85,143.1,53221
2014-02-19 00:00:00+05:30,142.0,144.0,135.0,137.8,28113
2014-02-20 00:00:00+05:30,137.0,142.25,136.4,138.65,20435
2014-02-21 00:00:00+05:30,138.05,140.9,137.15,137.4,6757
2014-02-24 00:00:00+05:30,137.05,140.0,137.0,137.75,4526
2014-02-25 00:00:00+05:30,139.85,142.0,135.7,137.2,12693
2014-02-26 00:00:00+05:30,141.0,141.0,137.0,137.5,1370
2014-02-28 00:00:00+05:30,140.4,140.4,135.1,137.25,4899
2014-03-03 00:00:00+05:30,137.35,138.0,132.0,132.2,5635
2014-03-04 00:00:00+05:30,132.0,136.0,130.15,132.6,6791
2014-03-05 00:00:00+05:30,133.0,134.75,131.3,134.0,14455
2014-03-06 00:00:00+05:30,133.95,141.6,133.0,138.1,12402
2014-03-07 00:00:00+05:30,139.0,140.0,135.2,137.45,22714
2014-03-10 00:00:00+05:30,139.55,141.55,136.85,138.15,41042
2014-03-11 00:00:00+05:30,140.0,155.75,140.0,150.7,171183
2014-03-12 00:00:00+05:30,149.0,154.95,147.45,148.9,42477
2014-03-13 00:00:00+05:30,149.5,150.3,142.6,145.45,12563
2014-03-14 00:00:00+05:30,144.0,161.4,144.0,159.0,265408
2014-03-18 00:00:00+05:30,162.4,164.9,157.5,162.9,87262
2014-03-19 00:00:00+05:30,162.0,163.05,157.65,160.25,14641
2014-03-20 00:00:00+05:30,158.0,168.95,158.0,160.85,36261
2014-03-21 00:00:00+05:30,164.1,167.8,161.5,167.45,50513
2014-03-22 00:00:00+05:30,167.95,172.9,166.0,170.9,8893
2014-03-24 00:00:00+05:30,172.85,182.9,169.5,179.55,173072
2014-03-25 00:00:00+05:30,184.8,184.8,170.1,180.05,94532
2014-03-26 00:00:00+05:30,180.0,180.0,154.8,170.9,32012
2014-03-27 00:00:00+05:30,168.0,177.5,165.0,167.3,10119
2014-03-28 00:00:00+05:30,168.0,169.95,162.35,164.55,5415
2014-03-31 00:00:00+05:30,163.0,168.9,161.1,161.85,6136
2014-04-01 00:00:00+05:30,161.0,168.9,155.05,166.1,22839
2014-04-02 00:00:00+05:30,168.9,178.4,168.9,172.7,16855
2014-04-03 00:00:00+05:30,174.95,174.95,165.0,169.35,14116
2014-04-04 00:00:00+05:30,168.0,173.45,166.1,172.5,42439
2014-04-07 00:00:00+05:30,169.2,171.0,164.7,167.3,4432
2014-04-09 00:00:00+05:30,167.4,174.1,167.4,173.1,6943
2014-04-10 00:00:00+05:30,174.0,177.0,172.6,173.65,9849
2014-04-11 00:00:00+05:30,172.6,173.95,170.05,172.35,6857
2014-04-15 00:00:00+05:30,171.0,174.25,166.0,169.4,3234
2014-04-16 00:00:00+05:30,168.95,173.8,167.05,171.65,21603
2014-04-17 00:00:00+05:30,171.5,173.95,167.5,170.25,5403
2014-04-21 00:00:00+05:30,170.65,172.75,168.0,171.6,11560
2014-04-22 00:00:00+05:30,173.0,178.05,170.35,177.15,20603
2014-04-23 00:00:00+05:30,175.3,190.95,175.3,189.75,82871
2014-04-25 00:00:00+05:30,190.95,203.3,190.95,196.95,59821
2014-04-28 00:00:00+05:30,200.9,200.9,191.1,194.7,9105
2014-04-29 00:00:00+05:30,194.0,194.0,188.0,189.45,6827
2014-04-30 00:00:00+05:30,189.0,193.0,182.3,185.55,34127
2014-05-02 00:00:00+05:30,186.7,205.9,186.7,200.25,95806
2014-05-05 00:00:00+05:30,202.0,210.0,195.85,200.4,177613
2014-05-06 00:00:00+05:30,202.0,206.25,190.0,190.65,32872
2014-05-07 00:00:00+05:30,188.0,195.05,183.5,191.2,37383
2014-05-08 00:00:00+05:30,189.3,194.9,188.15,189.35,6316
2014-05-09 00:00:00+05:30,188.1,193.5,184.5,189.55,8430
2014-05-12 00:00:00+05:30,189.8,194.95,183.7,187.85,14710
2014-05-13 00:00:00+05:30,191.3,200.95,190.0,197.7,22218
2014-05-14 00:00:00+05:30,195.7,201.1,186.6,200.1,25483
2014-05-15 00:00:00+05:30,199.0,200.95,196.6,199.8,7004
2014-05-16 00:00:00+05:30,197.0,203.0,192.0,198.35,7351
2014-05-19 00:00:00+05:30,198.45,209.0,198.45,205.5,28298
2014-05-20 00:00:00+05:30,203.0,206.0,197.65,203.5,14330
2014-05-21 00:00:00+05:30,201.0,211.7,200.0,203.5,18808
2014-05-22 00:00:00+05:30,214.0,214.0,205.25,209.7,25913
2014-05-23 00:00:00+05:30,208.0,230.0,206.1,223.5,35517
2014-05-26 00:00:00+05:30,227.9,227.9,208.1,221.0,66041
2014-05-27 00:00:00+05:30,225.0,240.8,221.1,238.7,42310
2014-05-28 00:00:00+05:30,243.0,245.0,225.05,230.0,8569
2014-05-29 00:00:00+05:30,229.75,238.95,225.25,235.6,22310
2014-05-30 00:00:00+05:30,238.0,244.45,231.6,238.25,18334
2014-06-02 00:00:00+05:30,239.95,249.95,237.95,247.65,18658
2014-06-03 00:00:00+05:30,250.0,263.0,250.0,257.9,17686
2014-06-04 00:00:00+05:30,257.75,273.3,245.65,270.15,34581
2014-06-05 00:00:00+05:30,262.55,273.1,260.0,268.9,10283
2014-06-06 00:00:00+05:30,261.55,316.8,261.55,279.45,19357
2014-06-09 00:00:00+05:30,279.45,282.0,262.5,270.05,47187
2014-06-10 00:00:00+05:30,270.25,270.25,255.05,259.5,13359
2014-06-11 00:00:00+05:30,260.0,268.65,260.0,266.25,9317
2014-06-12 00:00:00+05:30,263.0,267.1,260.0,265.05,22572
2014-06-13 00:00:00+05:30,263.0,266.0,249.55,254.1,11896
2014-06-16 00:00:00+05:30,255.75,255.75,247.0,251.85,7848
2015-12-28 00:00:00+05:30,380.0,386.0,372.1,375.05,17516
2015-12-29 00:00:00+05:30,376.0,384.7,371.0,378.7,39748
2015-12-30 00:00:00+05:30,387.7,447.15,387.7,396.05,224099
2015-12-31 00:00:00+05:30,398.8,408.05,394.5,396.95,74675
2016-01-01 00:00:00+05:30,397.0,407.8,391.05,405.0,57390
2016-01-04 00:00:00+05:30,407.95,407.95,391.2,394.75,27070
2016-01-05 00:00:00+05:30,396.05,400.0,391.5,397.75,48474
2016-01-06 00:00:00+05:30,396.05,405.0,389.35,391.8,14747
2016-01-07 00:00:00+05:30,393.4,393.4,380.3,382.2,14275
2016-01-08 00:00:00+05:30,389.9,391.0,375.05,379.2,17378
2016-01-11 00:00:00+05:30,379.25,384.7,376.95,380.0,11426
2016-01-12 00:00:00+05:30,376.05,389.0,368.45,371.25,26389
2016-01-13 00:00:00+05:30,383.9,383.9,360.0,365.05,19888
2016-01-14 00:00:00+05:30,360.0,362.0,347.0,354.75,30065
2016-01-15 00:00:00+05:30,354.85,373.0,344.0,348.65,17987
2016-01-18 00:00:00+05:30,345.05,355.0,338.0,347.9,32843
2016-01-19 00:00:00+05:30,349.0,356.95,342.05,351.55,12901
2016-01-20 00:00:00+05:30,346.3,352.75,344.95,348.4,164929
2016-01-21 00:00:00+05:30,348.35,355.0,348.0,349.6,18471
2016-01-22 00:00:00+05:30,349.25,364.8,349.2,360.65,10684
2016-01-25 00:00:00+05:30,377.0,383.55,358.0,369.75,37574
2016-01-27 00:00:00+05:30,377.0,395.0,361.0,365.6,37438
2016-01-28 00:00:00+05:30,367.55,369.6,364.1,365.2,19219
2016-01-29 00:00:00+05:30,365.05,374.35,361.2,365.75,6433
2016-02-01 00:00:00+05:30,377.8,377.8,356.7,362.4,80835
2016-02-02 00:00:00+05:30,366.05,370.0,360.0,362.95,4833
2016-02-03 00:00:00+05:30,361.95,365.0,347.0,362.55,6822
2016-02-04 00:00:00+05:30,363.0,370.7,355.1,361.8,7020
2016-02-05 00:00:00+05:30,358.0,374.9,354.1,369.15,6873
2016-02-08 00:00:00+05:30,373.85,374.75,365.1,370.25,3578
2016-02-09 00:00:00+05:30,370.0,373.8,364.0,370.65,4145
2016-02-10 00:00:00+05:30,368.1,372.5,360.0,369.3,4905
2016-02-11 00:00:00+05:30,366.0,370.0,357.95,362.1,7887
2016-02-12 00:00:00+05:30,360.0,366.95,350.0,360.2,16995
2016-02-15 00:00:00+05:30,364.0,368.0,355.1,363.55,4839
2016-02-16 00:00:00+05:30,368.0,368.0,342.8,346.85,10633
2016-02-17 00:00:00+05:30,343.0,355.0,335.2,345.5,2452
2016-02-18 00:00:00+05:30,354.9,354.9,343.0,345.5,4214
2016-02-19 00:00:00+05:30,345.0,350.0,336.05,347.75,2678
2016-02-22 00:00:00+05:30,347.05,351.8,344.5,345.1,2310
2016-02-23 00:00:00+05:30,343.5,347.9,340.0,345.65,7630
2016-02-24 00:00:00+05:30,350.05,350.05,337.1,339.75,56875
2016-02-25 00:00:00+05:30,348.95,348.95,322.0,327.4,6798
2016-02-26 00:00:00+05:30,325.0,336.15,320.0,328.85,3272
2016-02-29 00:00:00+05:30,329.0,338.0,325.0,333.8,60942
2016-03-01 00:00:00+05:30,340.9,360.0,335.3,357.25,4254
2016-03-02 00:00:00+05:30,363.0,369.0,355.0,360.25,7194
2016-03-03 00:00:00+05:30,355.05,363.9,355.0,360.3,3161
2016-03-04 00:00:00+05:30,358.0,367.9,358.0,361.5,3750
2016-03-08 00:00:00+05:30,366.9,374.75,362.55,365.85,5658
2016-03-09 00:00:00+05:30,365.5,370.85,355.0,368.3,5349
2016-03-10 00:00:00+05:30,370.0,370.0,360.0,360.55,3867
2016-03-11 00:00:00+05:30,358.0,364.6,357.0,361.25,688
2016-03-14 00:00:00+05:30,367.0,367.0,360.0,361.5,3379
2016-03-15 00:00:00+05:30,359.1,370.0,359.1,363.5,4745
2016-03-16 00:00:00+05:30,364.0,367.95,363.5,366.7,1771
2016-03-17 00:00:00+05:30,370.75,370.75,362.0,365.1,3209
2016-03-18 00:00:00+05:30,364.8,385.0,364.0,379.1,7386
2016-03-21 00:00:00+05:30,375.95,385.0,370.1,373.75,3902
2016-03-22 00:00:00+05:30,378.8,378.8,370.0,372.05,4192
2016-03-23 00:00:00+05:30,385.0,390.0,375.55,383.5,14333
2016-03-28 00:00:00+05:30,384.95,387.5,378.0,379.8,4272
2016-03-29 00:00:00+05:30,381.5,385.9,372.2,382.35,5064
2016-03-30 00:00:00+05:30,383.5,395.0,378.65,386.7,25428
2016-03-31 00:00:00+05:30,390.5,393.7,385.05,390.85,8045
2016-04-01 00:00:00+05:30,390.0,394.0,382.0,385.8,3792
2016-04-04 00:00:00+05:30,392.9,392.9,372.25,377.05,7130
2016-04-05 00:00:00+05:30,379.3,379.3,370.0,375.45,3633
2016-04-06 00:00:00+05:30,375.0,392.4,372.55,387.05,5964
2016-04-07 00:00:00+05:30,390.0,395.0,380.9,390.0,10183
2016-04-08 00:00:00+05:30,382.55,391.85,382.55,386.3,3344
2016-04-11 00:00:00+05:30,392.0,393.0,384.0,391.4,7795
2016-04-12 00:00:00+05:30,385.0,401.0,381.25,396.5,13289
2016-04-13 00:00:00+05:30,399.8,415.1,393.55,412.7,43258
2016-04-18 00:00:00+05:30,418.0,422.0,405.0,420.5,10449
2016-04-20 00:00:00+05:30,425.0,438.85,408.05,433.05,12915
2016-04-21 00:00:00+05:30,434.0,450.85,434.0,439.9,21354
2016-04-22 00:00:00+05:30,443.75,443.75,428.25,434.3,5383
2016-04-25 00:00:00+05:30,438.45,438.45,418.9,424.05,6609
2016-04-26 00:00:00+05:30,421.0,427.75,420.0,421.35,2431
2016-04-27 00:00:00+05:30,420.0,423.5,413.0,416.9,6215
2016-04-28 00:00:00+05:30,422.0,430.0,415.0,418.9,6470
2016-04-29 00:00:00+05:30,415.05,420.2,403.0,407.85,4949
2016-05-02 00:00:00+05:30,416.5,416.5,404.0,405.15,2702
2016-05-03 00:00:00+05:30,405.25,413.9,405.0,409.95,206835
2016-05-04 00:00:00+05:30,406.5,419.0,406.5,415.55,3725
2016-05-05 00:00:00+05:30,416.05,421.0,411.0,419.1,3997
2016-05-06 00:00:00+05:30,415.0,424.95,411.75,418.45,2050
2016-05-09 00:00:00+05:30,417.5,424.9,415.1,418.1,1888
2016-05-10 00:00:00+05:30,418.9,429.6,417.0,427.25,13728
2016-05-11 00:00:00+05:30,429.85,433.75,423.15,432.2,3462
2016-05-12 00:00:00+05:30,435.0,436.0,428.05,435.45,5313
2016-05-13 00:00:00+05:30,428.0,438.0,416.5,423.7,4569
2016-05-16 00:00:00+05:30,423.7,432.0,415.55,429.45,3016
2016-05-17 00:00:00+05:30,430.0,442.0,430.0,440.6,17687
2016-05-18 00:00:00+05:30,445.9,447.3,440.0,445.4,5241
2016-05-19 00:00:00+05:30,445.4,445.4,430.3,438.95,4006
2016-05-20 00:00:00+05:30,442.0,443.85,419.95,426.0,10551
2016-05-23 00:00:00+05:30,439.0,496.35,439.0,474.5,158441
2016-05-24 00:00:00+05:30,472.0,474.95,451.15,456.25,35923
2016-05-25 00:00:00+05:30,456.5,493.9,456.5,478.6,63035
2016-05-26 00:00:00+05:30,479.0,489.9,471.05,483.15,19380
2016-05-27 00:00:00+05:30,476.95,484.9,461.0,464.85,27680
2016-05-30 00:00:00+05:30,470.05,478.65,461.0,473.1,9457
2016-05-31 00:00:00+05:30,473.15,480.0,463.5,469.85,5078
2016-06-01 00:00:00+05:30,466.15,475.5,466.1,472.85,3653
2016-06-02 00:00:00+05:30,468.0,498.0,464.5,481.8,26676
2016-06-03 00:00:00+05:30,483.3,489.9,481.05,486.5,10611
2016-06-06 00:00:00+05:30,472.2,501.0,472.2,495.25,15723
2016-06-07 00:00:00+05:30,504.95,521.2,485.9,496.3,39317
2016-06-08 00:00:00+05:30,502.95,519.0,495.1,507.8,16620
2016-06-09 00:00:00+05:30,513.9,515.0,502.5,511.35,10485
2016-06-10 00:00:00+05:30,509.6,519.35,507.0,514.35,12072
2016-06-13 00:00:00+05:30,511.0,515.0,505.0,509.6,5629
2016-06-14 00:00:00+05:30,510.0,518.0,509.0,516.45,6143
2016-06-15 00:00:00+05:30,515.95,533.0,498.15,528.65,76472
2016-06-16 00:00:00+05:30,529.0,549.6,529.0,537.6,33259
2016-06-17 00:00:00+05:30,544.0,548.0,540.0,542.75,14019
2016-06-20 00:00:00+05:30,535.0,544.0,531.0,540.05,7697
2016-06-21 00:00:00+05:30,547.7,557.0,541.95,550.55,20975
2016-06-22 00:00:00+05:30,551.1,571.85,549.0,552.5,23137
2016-06-23 00:00:00+05:30,555.15,569.0,552.0,564.0,24769
2016-06-24 00:00:00+05:30,541.0,565.0,515.55,560.55,41487
2016-06-27 00:00:00+05:30,560.6,575.0,552.0,565.95,14069
2016-06-28 00:00:00+05:30,569.95,573.0,557.55,561.5,8064
2016-06-29 00:00:00+05:30,558.5,587.0,558.5,575.2,36935
2016-06-30 00:00:00+05:30,577.45,587.95,561.2,579.6,14489
2016-07-01 00:00:00+05:30,589.9,604.25,579.1,582.7,24413
2016-07-04 00:00:00+05:30,594.5,594.5,568.0,568.4,18682
2016-07-05 00:00:00+05:30,570.0,571.0,561.3,570.4,8445
2016-07-07 00:00:00+05:30,570.4,578.35,563.85,570.6,11147
2016-07-08 00:00:00+05:30,565.8,584.6,560.0,580.15,4969
2016-07-11 00:00:00+05:30,580.0,593.0,580.0,589.15,10260
2016-07-12 00:00:00+05:30,594.95,602.5,583.6,590.2,47650
2016-07-13 00:00:00+05:30,590.5,599.0,582.05,585.55,17487
2016-07-14 00:00:00+05:30,590.4,593.9,570.0,574.6,8404
2016-07-15 00:00:00+05:30,580.0,586.6,572.8,582.15,8584
2016-07-18 00:00:00+05:30,585.25,587.95,565.75,567.9,9180
2016-07-19 00:00:00+05:30,597.0,659.8,586.25,606.2,303597
2016-07-20 00:00:00+05:30,605.0,622.0,600.0,604.4,59938
2016-07-21 00:00:00+05:30,605.0,606.0,592.25,598.45,34014
2016-07-22 00:00:00+05:30,594.8,605.05,580.1,588.8,20760
2016-07-25 00:00:00+05:30,585.0,601.8,584.0,596.9,17975
2016-07-26 00:00:00+05:30,596.75,608.75,591.0,600.6,25195
2016-07-27 00:00:00+05:30,605.0,629.5,605.0,625.65,65084
2016-07-28 00:00:00+05:30,627.45,639.0,594.9,600.05,214525
2016-07-29 00:00:00+05:30,608.0,610.0,582.0,605.7,27056
2016-08-01 00:00:00+05:30,610.1,612.45,596.65,598.1,17978
2016-08-02 00:00:00+05:30,598.0,612.0,590.55,607.2,15342
2016-08-03 00:00:00+05:30,603.1,613.6,593.0,597.3,13817
2016-08-04 00:00:00+05:30,605.0,613.0,591.9,595.3,9797
2016-08-05 00:00:00+05:30,591.0,604.0,591.0,594.7,12830
2016-08-08 00:00:00+05:30,602.9,611.0,598.0,601.1,16844
2016-08-09 00:00:00+05:30,603.0,607.0,599.25,604.95,4258
2016-08-10 00:00:00+05:30,605.6,610.0,592.7,599.3,10418
2016-08-11 00:00:00+05:30,598.95,626.85,594.9,600.65,38723
2016-08-12 00:00:00+05:30,600.65,608.0,586.0,592.35,19409
2016-08-16 00:00:00+05:30,597.25,598.0,585.05,593.2,14580
2016-08-17 00:00:00+05:30,592.15,595.95,590.1,594.75,5736
2016-08-18 00:00:00+05:30,595.35,599.95,594.0,595.65,7261
2016-08-19 00:00:00+05:30,597.6,599.75,588.1,593.15,14587
2016-08-22 00:00:00+05:30,592.55,599.0,590.1,593.85,6505
2016-08-23 00:00:00+05:30,591.5,598.0,590.6,594.75,7616
2016-08-24 00:00:00+05:30,590.1,608.75,590.1,592.85,11932
2016-08-25 00:00:00+05:30,599.7,606.9,595.05,598.0,7864
2016-08-26 00:00:00+05:30,600.0,604.0,595.25,599.05,5156
2016-08-29 00:00:00+05:30,600.95,604.0,596.95,599.7,13892
2016-08-30 00:00:00+05:30,599.45,600.0,595.05,597.55,7888
2016-08-31 00:00:00+05:30,596.95,603.05,560.3,590.0,28709
2016-09-01 00:00:00+05:30,590.05,591.85,580.0,584.95,5767
2016-09-02 00:00:00+05:30,580.2,586.7,580.2,582.6,11000
2016-09-06 00:00:00+05:30,585.95,595.0,580.0,584.6,11421
2016-09-07 00:00:00+05:30,584.95,585.0,582.05,582.9,6310
2016-09-08 00:00:00+05:30,582.1,594.0,582.05,583.55,12140
2016-09-09 00:00:00+05:30,583.6,589.8,580.0,582.5,3234
2016-09-12 00:00:00+05:30,570.0,580.0,570.0,576.9,3986
2016-09-14 00:00:00+05:30,573.1,595.0,572.0,588.3,179386
2016-09-15 00:00:00+05:30,595.9,598.0,586.25,589.0,5032
2016-09-16 00:00:00+05:30,588.25,598.3,583.0,590.65,7001
2016-09-19 00:00:00+05:30,596.0,620.0,596.0,617.15,34719
2016-09-20 00:00:00+05:30,620.0,622.0,598.0,601.7,12308
2016-09-21 00:00:00+05:30,531.0,614.0,531.0,604.75,13582
2016-09-22 00:00:00+05:30,614.1,619.9,601.15,612.85,13107
2016-09-23 00:00:00+05:30,612.35,614.95,590.0,594.6,4147
2016-09-26 00:00:00+05:30,602.95,605.95,592.95,600.2,6080
2016-09-27 00:00:00+05:30,605.95,608.95,594.0,604.4,3561
2016-09-28 00:00:00+05:30,602.65,618.05,602.65,617.45,9490
2016-09-29 00:00:00+05:30,615.0,620.05,601.2,614.25,35953
2016-09-30 00:00:00+05:30,614.0,620.0,600.55,614.9,32714
2016-10-03 00:00:00+05:30,611.0,623.4,611.0,618.8,7593
2016-10-04 00:00:00+05:30,615.55,629.9,614.95,615.55,6876
2016-10-05 00:00:00+05:30,615.2,626.75,610.1,623.55,6525
2016-10-06 00:00:00+05:30,626.9,633.5,621.0,625.95,10014
2016-10-07 00:00:00+05:30,620.95,627.0,611.25,615.15,3892
2016-10-10 00:00:00+05:30,626.85,640.0,610.0,617.55,3858
2016-10-13 00:00:00+05:30,617.6,617.6,590.0,604.2,4447
2016-10-14 00:00:00+05:30,607.6,625.0,596.0,621.2,5513
2016-10-17 00:00:00+05:30,617.6,625.0,610.65,616.05,9618
2016-10-18 00:00:00+05:30,615.95,619.85,611.0,612.2,5565
2016-10-19 00:00:00+05:30,620.5,622.0,613.05,615.3,4531
2016-10-20 00:00:00+05:30,619.95,639.0,608.0,634.6,29358
2016-10-21 00:00:00+05:30,639.0,657.45,626.0,636.9,176542
2016-10-24 00:00:00+05:30,632.65,646.2,630.0,634.15,5877
2016-10-25 00:00:00+05:30,639.95,646.0,635.0,642.45,5980
2016-10-26 00:00:00+05:30,646.95,714.4,639.0,664.2,286534
2016-10-27 00:00:00+05:30,668.0,679.95,650.2,657.95,23718
2016-10-28 00:00:00+05:30,657.0,666.8,650.3,660.1,15552
2016-10-30 00:00:00+05:30,665.0,673.0,660.95,663.95,4366
2016-11-01 00:00:00+05:30,664.05,672.0,636.45,654.65,9524
2016-11-02 00:00:00+05:30,640.0,655.0,635.1,650.75,9324
2016-11-03 00:00:00+05:30,650.05,659.9,646.1,652.8,11718
2016-11-04 00:00:00+05:30,639.75,658.0,630.1,638.15,30614
2016-11-07 00:00:00+05:30,632.0,644.95,632.0,641.95,5902
2016-11-08 00:00:00+05:30,647.95,660.0,641.0,653.35,10245
2016-11-09 00:00:00+05:30,620.0,650.0,525.5,636.4,22918
2016-11-10 00:00:00+05:30,635.05,665.0,599.15,609.0,7309
2016-11-11 00:00:00+05:30,609.0,609.0,557.0,561.95,17007
2016-11-15 00:00:00+05:30,555.0,555.0,505.1,529.3,61499
2016-11-16 00:00:00+05:30,540.0,549.9,501.15,532.8,12200
2016-11-17 00:00:00+05:30,525.55,550.0,510.0,531.5,12894
2016-11-18 00:00:00+05:30,543.25,555.0,522.1,547.45,10730
2016-11-21 00:00:00+05:30,550.05,552.0,498.55,509.55,13989
2016-11-22 00:00:00+05:30,520.1,534.9,489.25,514.85,11438
2016-11-23 00:00:00+05:30,520.0,541.05,500.1,539.15,20008
2016-11-24 00:00:00+05:30,539.15,555.0,530.1,545.95,11110
2016-11-25 00:00:00+05:30,545.0,552.45,535.0,540.2,21894
2016-11-28 00:00:00+05:30,546.95,546.95,528.55,529.65,4179
2016-11-29 00:00:00+05:30,529.9,539.5,520.0,522.7,7264
2016-11-30 00:00:00+05:30,530.95,530.95,501.0,515.15,129286
2016-12-01 00:00:00+05:30,522.0,522.0,502.0,504.45,6433
2016-12-02 00:00:00+05:30,504.45,504.45,480.55,486.1,7014
2016-12-05 00:00:00+05:30,487.0,489.9,480.0,484.45,8802
2016-12-06 00:00:00+05:30,492.9,507.0,480.1,492.65,7676
2016-12-07 00:00:00+05:30,499.95,499.95,483.0,487.65,2874
2016-12-08 00:00:00+05:30,487.65,536.0,487.65,515.85,107285
2016-12-09 00:00:00+05:30,515.85,524.0,510.65,520.1,16384
2016-12-12 00:00:00+05:30,521.0,522.0,515.0,519.75,361408
2016-12-13 00:00:00+05:30,518.5,528.0,486.15,499.8,160843
2016-12-14 00:00:00+05:30,500.0,500.0,485.05,490.25,20072
2016-12-15 00:00:00+05:30,507.95,507.95,489.75,494.95,1810
2016-12-16 00:00:00+05:30,504.6,514.85,495.05,507.2,3614
2016-12-19 00:00:00+05:30,486.0,516.5,486.0,500.0,2819
2016-12-20 00:00:00+05:30,504.0,514.8,493.05,501.05,5226
2016-12-21 00:00:00+05:30,506.95,507.0,497.55,499.85,15560
2016-12-22 00:00:00+05:30,504.0,515.0,492.25,496.25,39136
2016-12-23 00:00:00+05:30,497.05,498.9,492.1,493.45,2627
2016-12-26 00:00:00+05:30,494.0,499.8,480.25,485.65,5939
2016-12-27 00:00:00+05:30,484.1,484.1,472.15,475.85,111769
2016-12-28 00:00:00+05:30,471.0,497.0,470.15,475.4,3656
2016-12-29 00:00:00+05:30,471.0,490.0,471.0,482.95,5334
2016-12-30 00:00:00+05:30,493.8,510.0,483.55,489.0,30529
2017-01-02 00:00:00+05:30,501.0,501.0,487.0,488.75,11252
2017-01-03 00:00:00+05:30,498.0,507.0,485.25,489.55,19187
2017-01-04 00:00:00+05:30,490.05,490.05,481.0,482.65,65956
2017-01-05 00:00:00+05:30,485.0,485.0,480.15,482.8,10200
2017-01-06 00:00:00+05:30,481.0,482.4,472.0,475.3,14424
2017-01-09 00:00:00+05:30,480.0,485.0,475.5,480.0,28788
2017-01-10 00:00:00+05:30,480.0,484.0,472.15,473.95,14671
2017-01-11 00:00:00+05:30,470.05,557.0,470.05,515.85,209643
2017-01-12 00:00:00+05:30,514.95,532.95,513.0,524.75,33410
2017-01-13 00:00:00+05:30,527.0,529.5,511.25,513.2,6055
2017-01-16 00:00:00+05:30,515.7,528.5,513.15,524.75,9109
2017-01-17 00:00:00+05:30,530.0,538.0,528.05,533.1,15345
2017-01-18 00:00:00+05:30,542.0,543.7,530.55,537.55,12684
2017-01-19 00:00:00+05:30,538.0,551.8,535.0,546.05,14423
2017-01-20 00:00:00+05:30,549.05,580.45,544.5,562.55,27478
2017-01-23 00:00:00+05:30,562.0,580.0,546.0,560.7,15282
2017-01-24 00:00:00+05:30,575.0,623.7,544.1,600.75,436813
2017-01-25 00:00:00+05:30,600.3,604.8,585.0,594.5,34888
2017-01-27 00:00:00+05:30,594.1,640.35,590.0,603.75,35770
2017-01-30 00:00:00+05:30,602.5,618.9,600.0,604.9,11086
2017-01-31 00:00:00+05:30,602.0,607.65,590.85,595.2,11328
2017-02-01 00:00:00+05:30,599.0,616.0,587.0,610.85,8717
2017-02-02 00:00:00+05:30,602.1,622.0,599.2,603.95,10355
2017-02-03 00:00:00+05:30,602.55,616.3,599.6,603.2,20388
2017-02-06 00:00:00+05:30,603.0,622.0,603.0,618.65,9798
2017-02-07 00:00:00+05:30,612.0,624.0,611.95,621.8,4798
2017-02-08 00:00:00+05:30,624.75,630.0,605.1,613.3,6166
2017-02-09 00:00:00+05:30,610.3,619.8,610.3,614.35,5155
2017-02-10 00:00:00+05:30,625.05,625.55,615.0,619.95,5349
2017-02-13 00:00:00+05:30,625.0,636.8,605.35,609.75,14228
2017-02-14 00:00:00+05:30,608.05,619.0,605.05,613.0,6193
2017-02-15 00:00:00+05:30,616.1,622.0,614.25,618.4,11104
2017-02-16 00:00:00+05:30,616.75,623.9,609.85,614.25,7704
2017-02-17 00:00:00+05:30,616.9,616.9,605.2,610.2,8986
2017-02-20 00:00:00+05:30,619.8,625.1,601.25,604.1,7301
2017-02-21 00:00:00+05:30,604.0,618.95,599.95,614.55,18026
2017-02-22 00:00:00+05:30,610.05,617.4,591.35,604.6,12141
2017-02-23 00:00:00+05:30,604.05,609.95,602.0,604.1,2744
2017-02-27 00:00:00+05:30,609.0,615.0,585.0,610.8,17999
2017-02-28 00:00:00+05:30,617.95,623.0,603.6,620.95,30307
2017-03-01 00:00:00+05:30,628.9,629.5,619.0,626.85,34871
2017-03-02 00:00:00+05:30,640.0,640.0,629.9,635.35,62833
2017-03-03 00:00:00+05:30,635.35,639.95,628.0,634.7,8641
2017-03-06 00:00:00+05:30,638.35,645.8,635.05,637.05,7385
2017-03-07 00:00:00+05:30,647.0,647.0,629.25,636.7,4345
2017-03-08 00:00:00+05:30,640.25,640.25,620.0,621.9,2813
2017-03-09 00:00:00+05:30,625.0,634.8,621.65,631.65,3693
2017-03-10 00:00:00+05:30,641.0,641.0,615.1,620.1,37989
2017-03-14 00:00:00+05:30,629.1,667.05,628.9,651.1,79770
2017-03-15 00:00:00+05:30,653.65,659.95,635.05,649.75,7506
2017-03-16 00:00:00+05:30,649.95,664.0,638.55,660.05,21039
2017-03-17 00:00:00+05:30,661.15,675.0,649.2,655.05,13242
2017-03-20 00:00:00+05:30,659.3,663.0,651.2,656.75,4534
2017-03-21 00:00:00+05:30,661.05,670.0,646.0,659.65,11402
2017-03-22 00:00:00+05:30,652.0,661.7,637.0,651.45,13629
2017-03-23 00:00:00+05:30,645.0,665.0,645.0,651.25,21438
2017-03-24 00:00:00+05:30,651.3,670.0,645.1,664.65,18877
2017-03-27 00:00:00+05:30,673.85,702.0,666.65,680.05,28370
2017-03-28 00:00:00+05:30,694.0,694.0,666.5,684.4,8814
2017-03-29 00:00:00+05:30,685.9,690.0,663.2,676.9,9489
2017-03-30 00:00:00+05:30,680.6,688.75,662.35,667.8,4765
2017-03-31 00:00:00+05:30,667.7,697.0,667.4,688.2,16712
2017-04-03 00:00:00+05:30,700.0,700.0,690.0,693.85,9043
2017-04-05 00:00:00+05:30,700.0,702.95,680.0,691.1,16946
2017-04-06 00:00:00+05:30,695.0,698.35,687.0,689.7,8493
2017-04-07 00:00:00+05:30,699.95,700.0,679.95,682.75,8531
2017-04-10 00:00:00+05:30,681.95,697.5,677.3,680.0,1849390
2017-04-11 00:00:00+05:30,697.0,700.0,677.05,689.2,1511199
2017-04-12 00:00:00+05:30,694.15,695.0,679.45,685.0,403788
2017-04-13 00:00:00+05:30,680.1,690.0,680.1,687.65,22006
2017-04-17 00:00:00+05:30,685.05,695.95,677.7,687.55,17143
2017-04-18 00:00:00+05:30,689.9,692.0,675.0,675.1,255707
2017-04-19 00:00:00+05:30,679.8,689.75,672.25,686.4,39072
2017-04-20 00:00:00+05:30,680.55,698.8,680.5,694.4,15150
2017-04-21 00:00:00+05:30,694.4,702.0,691.85,699.35,17490
2017-04-24 00:00:00+05:30,699.35,730.0,691.1,725.5,36916
2017-04-25 00:00:00+05:30,715.0,765.0,712.0,762.55,64947
2017-04-26 00:00:00+05:30,767.0,767.7,711.75,723.4,37531
2017-04-27 00:00:00+05:30,735.0,743.0,712.8,723.45,30487
2017-04-28 00:00:00+05:30,724.0,742.0,724.0,737.9,17687
2017-05-02 00:00:00+05:30,741.0,765.0,731.0,763.1,17017
2017-05-03 00:00:00+05:30,760.0,777.6,749.0,770.9,14569
2017-05-04 00:00:00+05:30,760.9,797.0,756.4,781.15,17450
2017-05-05 00:00:00+05:30,765.5,780.0,737.0,758.75,214568
2017-05-08 00:00:00+05:30,760.95,785.0,756.0,779.45,13473
2017-05-09 00:00:00+05:30,772.45,786.0,772.0,782.6,11125
2017-05-10 00:00:00+05:30,790.0,840.0,784.35,818.15,77650
2017-05-11 00:00:00+05:30,826.6,829.65,813.95,818.15,16939
2017-05-12 00:00:00+05:30,825.0,825.0,782.3,800.45,13782
2017-05-15 00:00:00+05:30,803.2,809.95,790.05,799.0,8719
2017-05-16 00:00:00+05:30,810.0,823.0,797.5,800.0,25454
2017-05-17 00:00:00+05:30,808.0,808.0,760.0,769.65,30580
2017-05-18 00:00:00+05:30,792.0,792.0,763.75,772.75,9674
2017-05-19 00:00:00+05:30,780.05,785.0,756.1,760.4,10469
2017-05-22 00:00:00+05:30,779.9,779.9,756.0,758.85,12132
2017-05-23 00:00:00+05:30,774.8,774.8,712.3,732.8,17759
2017-05-24 00:00:00+05:30,755.0,755.0,700.0,732.45,57272
2017-05-25 00:00:00+05:30,712.0,768.0,685.0,751.2,21561
2017-05-26 00:00:00+05:30,759.85,785.0,755.3,780.0,41468
2017-05-29 00:00:00+05:30,776.5,805.0,756.05,766.8,6740
2017-05-30 00:00:00+05:30,763.15,784.0,752.05,774.35,9552
2017-05-31 00:00:00+05:30,769.2,800.0,769.2,795.6,32772
2017-06-01 00:00:00+05:30,785.05,794.0,775.0,782.6,7301
2017-06-02 00:00:00+05:30,785.35,792.0,762.0,779.65,19618
2017-06-05 00:00:00+05:30,779.65,786.0,761.0,766.25,15353
2017-06-06 00:00:00+05:30,765.0,775.0,756.05,760.45,5986
2017-06-07 00:00:00+05:30,768.1,772.0,751.15,766.75,12527
2017-06-08 00:00:00+05:30,772.05,787.9,764.45,784.9,6325
2017-06-09 00:00:00+05:30,793.0,793.0,778.6,784.7,25532
2017-06-12 00:00:00+05:30,790.0,790.0,768.25,773.6,16736
2017-06-13 00:00:00+05:30,773.0,798.85,752.6,769.1,29996
2017-06-14 00:00:00+05:30,779.95,789.0,761.15,773.9,20204
2017-06-15 00:00:00+05:30,770.05,785.0,764.95,781.95,12854
2017-06-16 00:00:00+05:30,782.1,794.9,775.0,789.55,7036
2017-06-19 00:00:00+05:30,798.95,798.95,777.05,782.3,9110
2017-06-20 00:00:00+05:30,787.75,790.0,780.0,786.0,53184
2017-06-21 00:00:00+05:30,780.55,785.0,771.1,778.6,7528
2017-06-22 00:00:00+05:30,778.65,780.2,774.0,776.1,3418
2017-06-23 00:00:00+05:30,785.95,786.0,769.05,774.5,8774
2017-06-27 00:00:00+05:30,786.0,786.0,767.95,770.65,5058
2017-06-28 00:00:00+05:30,780.05,783.7,765.0,771.0,2843
2017-06-29 00:00:00+05:30,771.0,777.0,760.0,764.9,13485
2017-06-30 00:00:00+05:30,752.0,775.0,752.0,774.9,21112
2017-07-03 00:00:00+05:30,789.95,790.0,757.3,765.4,90990
2017-07-04 00:00:00+05:30,770.0,780.95,762.7,770.1,4783
2017-07-05 00:00:00+05:30,776.95,798.95,774.65,784.7,14953
2017-07-06 00:00:00+05:30,789.7,789.7,775.0,778.95,6295
2017-07-07 00:00:00+05:30,778.85,779.0,769.95,771.1,4347
2017-07-10 00:00:00+05:30,794.2,830.0,762.15,769.55,4198
2017-07-11 00:00:00+05:30,777.05,777.05,770.05,775.95,2724
2017-07-12 00:00:00+05:30,760.0,785.0,760.0,774.2,12783
2017-07-13 00:00:00+05:30,773.0,790.0,770.6,778.9,8312
2017-07-14 00:00:00+05:30,760.0,789.95,760.0,770.85,34095
2017-07-17 00:00:00+05:30,771.0,785.0,770.0,784.1,4761
2017-07-18 00:00:00+05:30,784.0,784.0,759.95,764.2,5209
2017-07-19 00:00:00+05:30,765.05,789.65,762.0,784.05,10120
2017-07-20 00:00:00+05:30,783.95,789.4,771.55,778.15,6172
2017-07-21 00:00:00+05:30,778.5,790.65,767.0,787.55,5405
2017-07-24 00:00:00+05:30,786.35,788.9,771.55,782.8,11452
2017-07-25 00:00:00+05:30,783.0,809.0,771.25,773.35,32920
2017-07-26 00:00:00+05:30,780.85,780.9,764.95,767.0,4597
2017-07-27 00:00:00+05:30,770.05,851.95,734.8,764.55,203664
2017-07-28 00:00:00+05:30,755.6,808.0,755.6,792.05,44794
2017-07-31 00:00:00+05:30,784.0,808.0,784.0,802.25,71982
2017-08-01 00:00:00+05:30,795.0,799.95,777.3,791.2,7689
2017-08-02 00:00:00+05:30,792.85,793.45,766.45,771.25,20457
2017-08-03 00:00:00+05:30,773.9,778.85,752.3,773.65,6148
2017-08-04 00:00:00+05:30,771.15,775.05,753.2,757.3,6235
2017-08-07 00:00:00+05:30,754.3,768.9,752.3,757.05,8173
2017-08-08 00:00:00+05:30,757.3,763.0,749.95,756.65,21526
2017-08-09 00:00:00+05:30,756.7,761.0,743.3,757.5,5440
2017-08-10 00:00:00+05:30,759.0,759.0,747.8,750.1,10388
2017-08-11 00:00:00+05:30,735.0,768.8,711.6,756.0,12018
2017-08-14 00:00:00+05:30,770.0,770.0,753.8,765.2,11747
2017-08-16 00:00:00+05:30,769.0,783.0,765.0,776.15,9234
2017-08-17 00:00:00+05:30,778.95,812.85,760.0,798.9,326839
2017-08-18 00:00:00+05:30,782.0,809.5,769.9,789.5,75169
2017-08-21 00:00:00+05:30,790.05,799.0,787.95,793.35,7397
2017-08-22 00:00:00+05:30,798.95,811.95,766.15,768.65,63008
2017-08-23 00:00:00+05:30,785.0,788.05,768.55,779.75,10238
2017-08-24 00:00:00+05:30,780.0,810.0,775.95,803.75,11241
2017-08-28 00:00:00+05:30,808.0,812.0,790.0,804.05,6796
2017-08-29 00:00:00+05:30,807.35,824.2,790.0,793.95,10866
2017-08-30 00:00:00+05:30,800.0,814.0,795.0,796.35,15913
2017-08-31 00:00:00+05:30,796.4,805.0,790.55,795.5,3488
2017-09-01 00:00:00+05:30,810.0,810.0,795.0,798.3,10202
2017-09-04 00:00:00+05:30,808.0,808.0,779.1,783.55,10834
2017-09-05 00:00:00+05:30,790.0,799.45,787.45,792.6,2212
2017-09-06 00:00:00+05:30,785.05,806.0,785.05,796.25,8313
2017-09-07 00:00:00+05:30,790.05,874.85,790.0,794.6,48268
2017-09-08 00:00:00+05:30,801.3,804.0,792.3,796.6,4483
2017-09-11 00:00:00+05:30,799.6,809.9,791.0,799.55,9308
2017-09-12 00:00:00+05:30,808.9,808.9,801.0,805.85,6695
2017-09-13 00:00:00+05:30,805.85,814.9,801.0,807.8,3677
2017-09-14 00:00:00+05:30,827.8,827.8,795.2,802.25,8594
2017-09-15 00:00:00+05:30,803.05,828.05,788.0,805.75,20420
2017-09-18 00:00:00+05:30,820.0,827.9,804.0,809.5,5752
2017-09-19 00:00:00+05:30,820.0,861.65,792.0,848.45,39413
2017-09-20 00:00:00+05:30,856.9,868.0,844.3,860.05,16928
2017-09-21 00:00:00+05:30,864.95,864.95,840.0,849.85,6792
2017-09-22 00:00:00+05:30,866.95,866.95,815.9,848.85,40703
2017-09-25 00:00:00+05:30,850.0,850.0,803.0,826.3,77819
2017-09-26 00:00:00+05:30,848.0,848.0,820.0,830.1,2372
2017-09-27 00:00:00+05:30,845.0,886.0,831.25,837.5,36336
2017-09-28 00:00:00+05:30,833.1,852.0,833.1,849.05,36396
2017-09-29 00:00:00+05:30,845.0,872.0,845.0,858.05,13124
2017-10-03 00:00:00+05:30,865.0,865.0,845.5,853.55,20171
2017-10-04 00:00:00+05:30,853.0,860.0,845.0,847.4,2635
2017-10-05 00:00:00+05:30,849.65,850.0,841.0,845.3,1859
2017-10-06 00:00:00+05:30,849.9,850.0,838.0,843.35,4008
2017-10-09 00:00:00+05:30,859.9,859.9,836.9,845.8,2523
2017-10-10 00:00:00+05:30,854.8,859.0,832.0,840.35,73281
2017-10-11 00:00:00+05:30,844.95,849.0,836.0,842.85,8740
2017-10-12 00:00:00+05:30,850.0,850.0,831.0,841.0,147646
2017-10-13 00:00:00+05:30,841.65,854.35,830.45,849.35,3825
2017-10-16 00:00:00+05:30,855.0,857.05,837.0,843.5,2660
2017-10-17 00:00:00+05:30,835.05,857.95,835.0,854.1,13732
2017-10-18 00:00:00+05:30,858.0,875.0,824.2,829.9,23626
2017-10-19 00:00:00+05:30,857.0,857.0,820.0,830.7,840
2017-10-23 00:00:00+05:30,820.0,848.0,820.0,845.2,4027
2017-10-24 00:00:00+05:30,845.3,845.3,825.5,836.7,9879
2017-10-25 00:00:00+05:30,850.0,850.0,830.0,833.4,2632
2017-10-26 00:00:00+05:30,842.9,843.0,828.8,831.8,27768
2017-10-27 00:00:00+05:30,833.25,834.7,821.0,827.7,2157
2017-10-30 00:00:00+05:30,839.95,851.0,830.0,849.55,7703
2017-10-31 00:00:00+05:30,838.05,853.5,833.0,849.1,2508
2017-11-01 00:00:00+05:30,849.0,860.95,835.0,853.9,2671
2017-11-02 00:00:00+05:30,846.85,852.75,821.0,833.0,3115
2017-11-03 00:00:00+05:30,833.0,838.0,825.0,832.75,1673
2017-11-06 00:00:00+05:30,835.0,859.0,830.0,857.9,10623
2017-11-07 00:00:00+05:30,862.0,867.9,828.0,837.95,43201
2017-11-08 00:00:00+05:30,838.0,852.0,825.0,836.95,6007
2017-11-09 00:00:00+05:30,835.0,860.0,835.0,856.8,5709
2017-11-10 00:00:00+05:30,878.8,878.8,835.0,850.25,9345
2017-11-13 00:00:00+05:30,884.95,884.95,853.5,868.75,8648
2017-11-14 00:00:00+05:30,870.0,878.0,830.3,839.8,9684
2017-11-15 00:00:00+05:30,861.0,869.9,814.95,823.85,20916
2017-11-16 00:00:00+05:30,830.0,860.0,824.5,847.6,7914
2017-11-17 00:00:00+05:30,852.4,880.0,838.0,850.15,10075
2017-11-20 00:00:00+05:30,852.0,860.0,837.05,851.0,7664
2017-11-21 00:00:00+05:30,860.0,876.0,852.0,857.85,13084
2017-11-22 00:00:00+05:30,862.5,872.0,834.95,848.5,21637
2017-11-23 00:00:00+05:30,859.95,862.35,836.0,838.2,28617
2017-11-24 00:00:00+05:30,850.0,860.0,832.05,854.35,142479
2017-11-27 00:00:00+05:30,851.35,875.95,840.5,854.2,233181
2017-11-28 00:00:00+05:30,855.0,869.55,848.05,859.55,600398
2017-11-29 00:00:00+05:30,868.5,908.9,868.5,886.05,33885
2017-11-30 00:00:00+05:30,896.0,959.1,876.2,895.8,18459
2017-12-01 00:00:00+05:30,922.7,927.05,870.0,877.15,6078
2017-12-04 00:00:00+05:30,872.9,888.9,856.55,868.1,6470
2017-12-05 00:00:00+05:30,878.0,880.4,864.0,876.75,10708
2017-12-06 00:00:00+05:30,888.95,889.0,839.8,876.0,4974
2017-12-07 00:00:00+05:30,884.0,899.9,872.05,895.3,7450
2017-12-08 00:00:00+05:30,903.55,903.6,883.25,889.9,10186
2017-12-11 00:00:00+05:30,910.0,910.0,892.85,897.95,14148
2017-12-12 00:00:00+05:30,908.5,939.95,900.65,905.9,14921
2017-12-13 00:00:00+05:30,919.0,919.0,879.0,884.25,9917
2017-12-14 00:00:00+05:30,886.0,888.95,853.5,880.8,10376
2017-12-15 00:00:00+05:30,898.8,898.8,870.05,879.25,6992
2017-12-18 00:00:00+05:30,857.35,882.8,843.0,876.35,6052
2017-12-19 00:00:00+05:30,888.95,915.0,870.0,904.1,28097
2017-12-20 00:00:00+05:30,924.0,940.0,920.0,931.45,22985
2017-12-21 00:00:00+05:30,932.05,934.0,905.1,910.2,15757
2017-12-22 00:00:00+05:30,910.0,927.15,888.0,904.0,3887
2017-12-26 00:00:00+05:30,899.0,910.0,890.0,899.75,1538
2017-12-27 00:00:00+05:30,890.0,904.2,890.0,895.65,7576
2017-12-28 00:00:00+05:30,904.9,915.0,895.25,906.1,2929
2017-12-29 00:00:00+05:30,917.95,925.5,904.1,910.1,20274
2018-01-01 00:00:00+05:30,910.15,929.9,910.1,918.45,5231
2018-01-02 00:00:00+05:30,938.0,938.0,907.35,910.5,5091
2018-01-03 00:00:00+05:30,912.9,945.5,903.6,934.25,24554
2018-01-04 00:00:00+05:30,935.05,957.0,928.9,953.1,4958
2018-01-05 00:00:00+05:30,956.85,977.6,940.0,942.3,35699
2018-01-08 00:00:00+05:30,925.3,968.8,925.3,934.2,11128
2018-01-09 00:00:00+05:30,930.0,959.0,914.5,940.85,14451
2018-01-10 00:00:00+05:30,954.0,954.0,911.25,919.0,18889
2018-01-11 00:00:00+05:30,921.05,937.3,911.0,914.55,29233
2018-01-12 00:00:00+05:30,917.05,920.0,904.0,916.25,12618
2018-01-15 00:00:00+05:30,919.0,919.0,870.2,879.2,16125
2018-01-16 00:00:00+05:30,888.9,904.9,873.0,887.55,23005
2018-01-17 00:00:00+05:30,894.0,900.0,845.3,888.8,14467
2018-01-18 00:00:00+05:30,881.05,896.75,860.25,877.6,7176
2018-01-19 00:00:00+05:30,883.35,884.7,853.0,860.95,13445
2018-01-22 00:00:00+05:30,865.0,866.35,824.1,846.8,34089
2018-01-23 00:00:00+05:30,848.0,862.0,825.5,855.75,21041
2018-01-24 00:00:00+05:30,855.0,860.35,835.0,843.9,30047
2018-01-25 00:00:00+05:30,836.05,849.55,813.0,826.2,28065
2018-01-29 00:00:00+05:30,820.0,830.0,797.4,820.85,79716
2018-01-30 00:00:00+05:30,819.8,819.8,750.0,775.5,70789
2018-01-31 00:00:00+05:30,760.55,760.55,655.55,735.35,111530
2018-02-01 00:00:00+05:30,736.05,745.45,725.0,739.25,95852
2018-02-02 00:00:00+05:30,739.8,739.8,700.3,714.2,36983
2018-02-05 00:00:00+05:30,700.1,714.5,680.3,699.7,33133
2018-02-06 00:00:00+05:30,685.0,694.8,668.0,679.45,36853
2018-02-07 00:00:00+05:30,695.0,704.0,690.0,692.75,34675
2018-02-08 00:00:00+05:30,708.9,708.9,688.25,690.55,20069
2018-02-09 00:00:00+05:30,683.9,696.65,682.95,694.2,4353
2018-02-12 00:00:00+05:30,695.05,708.55,695.0,699.7,10532
2018-02-14 00:00:00+05:30,715.0,717.0,690.0,693.7,8901
2018-02-15 00:00:00+05:30,699.8,702.95,692.0,698.6,7633
2018-02-16 00:00:00+05:30,707.75,707.8,695.0,699.6,11468
2018-02-19 00:00:00+05:30,700.0,707.0,676.7,686.7,6039
2018-02-20 00:00:00+05:30,696.65,700.0,680.05,694.15,5580
2018-02-21 00:00:00+05:30,699.75,699.75,677.15,687.9,9838
2018-02-22 00:00:00+05:30,680.5,687.5,670.05,674.3,18633
2018-02-23 00:00:00+05:30,676.5,678.0,656.0,661.3,19866
2018-02-26 00:00:00+05:30,671.3,671.3,645.3,648.95,28760
2018-02-27 00:00:00+05:30,650.0,657.0,625.85,635.2,192439
2018-02-28 00:00:00+05:30,631.0,688.0,630.1,677.95,20225
2018-03-01 00:00:00+05:30,677.0,684.95,660.6,676.75,12639
2018-03-05 00:00:00+05:30,676.8,676.8,650.0,668.7,23120
2018-03-06 00:00:00+05:30,677.25,677.95,664.2,669.7,14379
2018-03-07 00:00:00+05:30,678.95,678.95,650.0,650.45,9470
2018-03-08 00:00:00+05:30,651.1,664.1,649.5,660.0,26407
2018-03-09 00:00:00+05:30,675.0,675.0,649.45,651.6,9231
2018-03-12 00:00:00+05:30,651.6,659.0,644.95,655.5,65001
2018-03-13 00:00:00+05:30,652.9,674.95,652.25,669.4,66930
2018-03-14 00:00:00+05:30,668.95,668.95,655.1,662.25,7723
2018-03-15 00:00:00+05:30,669.95,676.75,660.05,662.85,14462
2018-03-16 00:00:00+05:30,664.05,672.0,640.8,655.85,10107
2018-03-19 00:00:00+05:30,658.0,670.0,646.25,655.9,14343
2018-03-20 00:00:00+05:30,652.0,657.95,647.1,655.4,13823
2018-03-21 00:00:00+05:30,650.15,670.0,650.15,658.05,20502
2018-03-22 00:00:00+05:30,661.3,698.55,658.05,675.35,26583
2018-03-23 00:00:00+05:30,670.0,695.0,653.0,689.3,159362
2018-03-26 00:00:00+05:30,691.95,699.4,670.0,679.9,44610
2018-03-27 00:00:00+05:30,689.75,700.0,681.65,689.8,41118
2018-03-28 00:00:00+05:30,688.9,688.9,655.1,663.9,32503
2018-04-02 00:00:00+05:30,654.2,669.95,651.2,655.3,70532
2018-04-03 00:00:00+05:30,655.0,665.35,653.0,657.6,77400
2018-04-04 00:00:00+05:30,658.0,677.95,653.95,674.0,109612
2018-04-05 00:00:00+05:30,683.9,685.95,672.15,679.35,7075
2018-04-06 00:00:00+05:30,679.9,680.05,670.05,679.15,141053
2018-04-09 00:00:00+05:30,689.75,689.75,676.05,683.55,9797
2018-04-10 00:00:00+05:30,684.25,684.95,672.05,676.55,18661
2018-04-11 00:00:00+05:30,673.0,677.5,663.05,666.9,107870
2018-04-12 00:00:00+05:30,669.55,679.95,669.0,677.25,2896
2018-04-13 00:00:00+05:30,681.4,686.0,665.0,683.25,4423
2018-04-16 00:00:00+05:30,680.05,685.0,674.65,677.5,3344
2018-04-17 00:00:00+05:30,670.95,678.35,669.0,673.8,3340
2018-04-18 00:00:00+05:30,673.0,676.0,666.9,669.35,3260
2018-04-19 00:00:00+05:30,665.05,679.05,657.3,660.7,4721
2018-04-20 00:00:00+05:30,661.85,664.7,644.85,649.6,5088
2018-04-23 00:00:00+05:30,662.9,680.0,641.7,644.15,12676
2018-04-24 00:00:00+05:30,646.6,654.5,638.0,641.65,5476
2018-04-25 00:00:00+05:30,641.35,649.0,625.2,637.3,15468
2018-04-26 00:00:00+05:30,636.85,643.65,598.35,600.0,111511
2018-04-27 00:00:00+05:30,604.0,612.0,582.0,584.0,46907
2018-04-30 00:00:00+05:30,589.0,595.5,540.65,556.0,100202
2018-05-02 00:00:00+05:30,556.05,573.9,556.05,571.3,9877
2018-05-03 00:00:00+05:30,571.3,584.0,562.5,569.0,5764
2018-05-04 00:00:00+05:30,563.5,575.35,558.0,562.4,3239
2018-05-07 00:00:00+05:30,552.0,565.0,551.7,560.9,4615
2018-05-08 00:00:00+05:30,561.65,568.45,553.05,557.7,6762
2018-05-09 00:00:00+05:30,559.75,569.95,555.1,559.75,25131
2018-05-10 00:00:00+05:30,561.85,585.0,555.15,568.95,137792
2018-05-11 00:00:00+05:30,558.0,578.0,558.0,569.3,6137
2018-05-14 00:00:00+05:30,569.3,600.0,569.25,576.75,164023
2018-05-15 00:00:00+05:30,567.1,581.0,567.0,574.35,9773
2018-05-16 00:00:00+05:30,574.55,585.0,568.35,583.6,5982
2018-05-17 00:00:00+05:30,583.0,586.0,581.0,583.7,3105
2018-05-18 00:00:00+05:30,585.0,587.95,555.0,573.7,21647
2018-05-21 00:00:00+05:30,572.75,573.95,551.05,554.4,9659
2018-05-22 00:00:00+05:30,555.7,556.45,546.05,547.65,5802
2018-05-23 00:00:00+05:30,548.0,555.0,543.1,546.35,4208
2018-05-24 00:00:00+05:30,545.3,548.0,508.95,525.75,126021
2018-05-25 00:00:00+05:30,527.0,548.55,515.15,542.35,16995
2018-05-28 00:00:00+05:30,542.4,550.8,540.0,545.8,47081
2018-05-29 00:00:00+05:30,547.0,550.05,540.1,543.8,182626
2018-05-30 00:00:00+05:30,541.75,544.65,539.0,541.65,7432
2018-05-31 00:00:00+05:30,540.45,540.45,516.15,527.6,38847
2018-06-01 00:00:00+05:30,522.0,557.95,504.9,528.95,25147
2018-06-04 00:00:00+05:30,545.0,564.95,520.2,554.5,34602
2018-06-05 00:00:00+05:30,555.0,555.05,531.95,543.65,3787
2018-06-06 00:00:00+05:30,544.0,570.0,535.0,563.85,9557
2018-06-07 00:00:00+05:30,564.0,575.0,560.0,564.5,4765
2018-06-08 00:00:00+05:30,565.55,574.7,559.35,567.9,2681
2018-06-11 00:00:00+05:30,567.0,575.0,558.0,566.0,3799
2018-06-12 00:00:00+05:30,568.35,578.0,541.35,546.7,197852
2018-06-13 00:00:00+05:30,548.95,562.0,536.1,554.2,13253
2018-06-14 00:00:00+05:30,552.75,553.65,541.15,544.75,5077
2018-06-15 00:00:00+05:30,544.4,551.8,538.85,545.7,2635
2018-06-18 00:00:00+05:30,547.0,547.45,536.0,537.9,4474
2018-06-19 00:00:00+05:30,537.95,543.6,529.5,540.2,4653
2018-06-20 00:00:00+05:30,540.15,543.25,528.0,532.3,1968
2018-06-21 00:00:00+05:30,532.05,532.1,522.45,527.1,3250
2018-06-22 00:00:00+05:30,526.15,530.0,518.6,526.3,81724
2018-06-25 00:00:00+05:30,528.75,535.5,520.0,521.1,4095
2018-06-26 00:00:00+05:30,521.1,522.1,510.95,519.25,36259
2018-06-27 00:00:00+05:30,521.0,530.1,505.1,509.8,22740
2018-06-28 00:00:00+05:30,508.95,514.75,494.7,499.95,14393
2018-06-29 00:00:00+05:30,512.35,512.35,493.0,497.2,8962
2018-07-02 00:00:00+05:30,499.8,505.0,489.0,499.95,49296
2018-07-03 00:00:00+05:30,499.95,500.0,495.5,498.35,2440
2018-07-04 00:00:00+05:30,501.8,532.0,470.9,487.5,9955
2018-07-05 00:00:00+05:30,487.0,487.0,469.15,475.45,5362
2018-07-06 00:00:00+05:30,474.75,485.0,472.0,474.5,6634
2018-07-09 00:00:00+05:30,474.0,483.5,473.6,478.85,16261
2018-07-10 00:00:00+05:30,486.0,494.65,476.95,485.3,384910
2018-07-11 00:00:00+05:30,485.35,508.3,483.35,492.95,23667
2018-07-12 00:00:00+05:30,497.95,498.0,480.0,483.15,6505
2018-07-13 00:00:00+05:30,482.0,483.55,466.85,474.25,5958
2018-07-16 00:00:00+05:30,488.0,488.0,452.0,467.6,15460
2018-07-17 00:00:00+05:30,468.45,477.5,467.0,470.3,6191
2018-07-18 00:00:00+05:30,475.0,475.65,461.05,465.1,9261
2018-07-19 00:00:00+05:30,465.1,467.45,453.2,463.75,173723
2018-07-20 00:00:00+05:30,456.2,463.05,446.4,449.75,9182
2018-07-23 00:00:00+05:30,449.75,461.95,420.8,446.6,220414
2018-07-24 00:00:00+05:30,437.7,465.0,432.55,455.55,27108
2018-07-25 00:00:00+05:30,466.8,479.95,439.85,473.65,51390
2018-07-26 00:00:00+05:30,472.0,498.0,467.35,488.75,14399
2018-07-27 00:00:00+05:30,493.9,497.0,469.05,493.85,9265
2018-07-30 00:00:00+05:30,496.95,533.0,481.0,526.4,20751
2018-07-31 00:00:00+05:30,528.5,550.0,515.0,546.35,12063
2018-08-01 00:00:00+05:30,546.35,553.0,536.0,544.9,5968
2018-08-02 00:00:00+05:30,540.15,550.0,531.5,537.4,25065
2018-08-03 00:00:00+05:30,538.0,541.7,538.0,538.4,70701
2018-08-06 00:00:00+05:30,558.4,558.4,539.1,541.75,3690
2018-08-07 00:00:00+05:30,544.0,559.95,518.0,523.05,41709
2018-08-08 00:00:00+05:30,519.0,520.95,506.85,510.8,7847
2018-08-09 00:00:00+05:30,506.4,509.9,485.0,489.45,18197
2018-08-10 00:00:00+05:30,490.0,490.05,480.0,480.45,23847
2018-08-13 00:00:00+05:30,481.2,486.45,480.0,481.6,10806
2018-08-14 00:00:00+05:30,482.05,484.75,475.0,479.4,11629
2018-08-16 00:00:00+05:30,479.5,482.95,465.0,466.95,9269
2018-08-17 00:00:00+05:30,466.95,473.95,462.1,464.15,9432
2018-08-20 00:00:00+05:30,468.0,470.0,450.0,451.4,30073
2018-08-21 00:00:00+05:30,459.0,469.0,455.1,459.1,47599
2018-08-23 00:00:00+05:30,463.0,496.95,461.25,476.55,81437
2018-08-24 00:00:00+05:30,475.1,509.0,472.25,488.85,75032
2018-08-27 00:00:00+05:30,500.0,501.05,493.0,495.0,39842
2018-08-28 00:00:00+05:30,502.0,507.0,492.7,495.8,36254
2018-08-29 00:00:00+05:30,496.0,500.95,492.5,494.2,17574
2018-08-30 00:00:00+05:30,497.0,497.0,475.0,479.35,28223
2018-08-31 00:00:00+05:30,483.2,484.15,471.05,472.95,24188
2018-09-03 00:00:00+05:30,482.0,487.75,456.1,462.1,25135
2018-09-04 00:00:00+05:30,466.8,466.8,447.05,448.0,35514
2018-09-05 00:00:00+05:30,448.0,448.05,433.6,437.75,38777
2018-09-06 00:00:00+05:30,439.8,443.7,435.65,439.85,11743
2018-09-07 00:00:00+05:30,442.9,462.5,437.3,446.45,12228
2018-09-10 00:00:00+05:30,449.0,456.95,437.85,440.5,17193
2018-09-11 00:00:00+05:30,444.5,447.65,435.65,437.3,20724
2018-09-12 00:00:00+05:30,440.0,440.0,417.95,426.9,102213
2018-09-14 00:00:00+05:30,430.0,435.45,423.05,431.8,88120
2018-09-17 00:00:00+05:30,434.45,438.0,422.0,435.45,181766
2018-09-18 00:00:00+05:30,437.0,442.15,417.0,418.95,24752
2018-09-19 00:00:00+05:30,420.1,423.45,400.65,404.1,30053
2018-09-21 00:00:00+05:30,406.7,418.9,393.1,397.85,27282
2018-09-24 00:00:00+05:30,407.0,416.7,393.0,411.55,38786
2018-09-25 00:00:00+05:30,408.0,408.0,386.0,393.5,135100
2018-09-26 00:00:00+05:30,394.2,403.9,391.55,399.55,16320
2018-09-27 00:00:00+05:30,395.0,408.0,395.0,398.4,19723
2018-09-28 00:00:00+05:30,400.0,403.95,370.0,373.65,13108
2018-10-01 00:00:00+05:30,374.0,383.0,358.0,374.4,10698
2018-10-03 00:00:00+05:30,381.5,397.75,374.4,379.8,14548
2018-10-04 00:00:00+05:30,376.5,376.5,360.0,366.45,11988
2018-10-05 00:00:00+05:30,366.15,370.0,345.2,348.85,11420
2018-10-08 00:00:00+05:30,359.0,363.05,337.0,347.7,41132
2018-10-09 00:00:00+05:30,348.25,351.85,333.05,342.55,11209
2018-10-10 00:00:00+05:30,359.0,359.0,325.0,350.95,27246
2018-10-11 00:00:00+05:30,351.0,351.0,315.95,344.8,7046
2018-10-12 00:00:00+05:30,350.0,365.0,345.5,347.8,50516
2018-10-15 00:00:00+05:30,342.0,363.55,342.0,353.3,5992
2018-10-16 00:00:00+05:30,353.95,363.0,353.9,360.05,7475
2018-10-17 00:00:00+05:30,366.0,370.0,360.0,364.75,21100
2018-10-19 00:00:00+05:30,358.25,364.0,350.0,354.9,5653
2018-10-22 00:00:00+05:30,352.05,353.95,343.05,347.2,234029
2018-10-23 00:00:00+05:30,344.0,349.95,326.55,331.5,62730
2018-10-24 00:00:00+05:30,333.15,339.0,313.3,329.15,23212
2018-10-25 00:00:00+05:30,324.5,337.0,310.0,331.35,227804
2018-10-26 00:00:00+05:30,330.0,340.0,325.9,338.35,117722
2018-10-29 00:00:00+05:30,342.6,342.6,329.4,339.05,57908
2018-10-30 00:00:00+05:30,340.35,347.45,335.2,339.3,13162
2018-10-31 00:00:00+05:30,340.85,349.0,335.05,340.0,16069
2018-11-01 00:00:00+05:30,342.0,389.0,334.0,359.7,98528
2018-11-02 00:00:00+05:30,365.0,390.0,335.8,346.1,102901
2018-11-05 00:00:00+05:30,343.0,345.95,328.45,330.2,52573
2018-11-06 00:00:00+05:30,331.5,339.8,323.4,325.45,191503
2018-11-07 00:00:00+05:30,329.7,335.0,322.0,329.35,4060
2018-11-09 00:00:00+05:30,329.0,332.6,324.0,325.3,49221
2018-11-12 00:00:00+05:30,322.5,324.95,318.7,320.6,17764
2018-11-13 00:00:00+05:30,322.05,322.05,310.05,312.65,23339
2018-11-14 00:00:00+05:30,315.5,316.3,301.1,304.35,35331
2018-11-15 00:00:00+05:30,304.5,307.1,294.0,302.9,43724
2018-11-16 00:00:00+05:30,302.95,315.0,297.2,300.65,55022
2018-11-19 00:00:00+05:30,304.9,307.15,298.05,304.9,29077
2018-11-20 00:00:00+05:30,307.8,308.0,297.5,299.1,12730
2018-11-21 00:00:00+05:30,300.5,300.55,290.1,291.3,32184
2018-11-22 00:00:00+05:30,294.0,297.4,280.0,282.0,41049
2018-11-26 00:00:00+05:30,282.5,295.0,278.0,289.8,71236
2018-11-27 00:00:00+05:30,290.0,313.9,285.0,305.75,403875
2018-11-28 00:00:00+05:30,305.0,310.4,299.65,302.45,116262
2018-11-29 00:00:00+05:30,303.95,304.75,301.05,302.15,16154
2018-11-30 00:00:00+05:30,300.05,305.05,291.6,295.3,90654
2018-12-03 00:00:00+05:30,295.3,300.85,295.05,296.35,22368
2018-12-04 00:00:00+05:30,296.0,303.75,293.75,296.85,125374
2018-12-05 00:00:00+05:30,297.0,297.0,289.0,289.7,12722
2018-12-06 00:00:00+05:30,290.05,290.75,281.05,283.8,27127
2018-12-07 00:00:00+05:30,286.75,286.75,278.05,279.55,19258
2018-12-10 00:00:00+05:30,275.0,279.05,270.4,275.05,20969
2018-12-11 00:00:00+05:30,277.9,282.25,270.1,278.45,48824
2018-12-12 00:00:00+05:30,280.4,300.0,280.4,297.15,157341
2018-12-13 00:00:00+05:30,297.2,318.0,295.55,309.65,110524
2018-12-14 00:00:00+05:30,310.95,324.4,306.35,313.6,345788
2018-12-17 00:00:00+05:30,312.35,316.85,308.0,308.65,39771
2018-12-18 00:00:00+05:30,308.0,315.95,307.6,309.25,82292
2018-12-19 00:00:00+05:30,312.0,328.0,310.0,320.55,173691
2018-12-20 00:00:00+05:30,318.85,333.0,315.95,327.55,52156
2018-12-21 00:00:00+05:30,328.95,338.0,318.75,329.55,58021
2018-12-24 00:00:00+05:30,332.45,335.15,316.25,319.5,31002
2018-12-26 00:00:00+05:30,319.5,332.0,307.6,328.55,71241
2018-12-27 00:00:00+05:30,328.75,339.95,320.15,322.6,17266
2018-12-28 00:00:00+05:30,325.95,335.05,324.0,325.5,27365
2018-12-31 00:00:00+05:30,330.0,333.4,325.15,328.7,25125
2019-01-01 00:00:00+05:30,333.0,334.0,324.7,329.85,34929
2019-01-02 00:00:00+05:30,333.85,339.0,328.0,337.3,43922
2019-01-03 00:00:00+05:30,335.4,365.0,335.4,358.35,144460
2019-01-04 00:00:00+05:30,361.25,372.0,356.9,360.2,118887
2019-01-07 00:00:00+05:30,363.85,371.15,353.5,367.7,323653
2019-01-08 00:00:00+05:30,369.8,369.8,356.15,361.15,45107
2019-01-09 00:00:00+05:30,360.0,370.3,357.5,366.75,94815
2019-01-10 00:00:00+05:30,364.0,374.0,359.0,363.5,53266
2019-01-11 00:00:00+05:30,366.3,371.0,361.0,365.4,44395
2019-01-14 00:00:00+05:30,369.9,369.9,361.5,364.6,27249
2019-01-15 00:00:00+05:30,368.0,373.5,363.55,368.25,32397
2019-01-16 00:00:00+05:30,365.0,371.9,360.0,361.55,113187
2019-01-17 00:00:00+05:30,360.95,369.85,359.0,367.15,44823
2019-01-18 00:00:00+05:30,369.5,369.55,357.2,358.7,39582
2019-01-21 00:00:00+05:30,361.95,361.95,345.1,347.35,23576
2019-01-22 00:00:00+05:30,349.45,373.4,347.0,368.3,72392
2019-01-23 00:00:00+05:30,371.25,371.25,351.05,353.65,32503
2019-01-24 00:00:00+05:30,356.0,357.65,347.25,350.25,17498
2019-01-25 00:00:00+05:30,354.0,356.2,340.25,344.1,20895
2019-01-28 00:00:00+05:30,353.75,354.0,322.65,338.65,56692
2019-01-29 00:00:00+05:30,337.9,339.95,331.3,336.6,14256
2019-01-30 00:00:00+05:30,338.05,347.55,335.05,337.65,14381
2019-01-31 00:00:00+05:30,338.25,344.05,333.0,339.15,49527
2019-02-01 00:00:00+05:30,340.4,347.8,339.95,345.15,12427
2019-02-04 00:00:00+05:30,345.4,348.9,331.8,336.9,16006
2019-02-05 00:00:00+05:30,333.0,344.85,332.0,341.0,200502
2019-02-06 00:00:00+05:30,341.0,348.0,337.65,345.2,91979
2019-02-07 00:00:00+05:30,347.8,351.5,344.25,347.35,11893
2019-02-08 00:00:00+05:30,347.2,359.9,344.75,350.15,22042
2019-02-11 00:00:00+05:30,350.15,353.5,329.0,336.15,41187
2019-02-12 00:00:00+05:30,336.0,336.0,310.0,315.15,22488
2019-02-13 00:00:00+05:30,316.0,332.35,310.7,329.85,49056
2019-02-14 00:00:00+05:30,329.0,329.7,320.0,323.4,44488
2019-02-15 00:00:00+05:30,325.9,326.95,313.75,316.55,11820
2019-02-18 00:00:00+05:30,315.2,317.15,304.6,306.1,12570
2019-02-19 00:00:00+05:30,309.9,316.55,304.05,310.2,37174
2019-02-20 00:00:00+05:30,310.35,312.55,306.7,310.05,22519
2019-02-21 00:00:00+05:30,309.95,320.0,309.9,318.0,16268
2019-02-22 00:00:00+05:30,319.0,322.55,313.0,318.45,22439
2019-02-25 00:00:00+05:30,320.45,329.8,317.0,320.05,20462
2019-02-26 00:00:00+05:30,326.0,328.85,318.0,325.05,56213
2019-02-27 00:00:00+05:30,323.1,333.55,321.5,324.05,51858
2019-02-28 00:00:00+05:30,324.0,327.55,320.0,325.45,10958
2019-03-01 00:00:00+05:30,329.6,336.0,328.05,334.25,14290
2019-03-05 00:00:00+05:30,338.9,365.0,338.05,360.45,72364
2019-03-06 00:00:00+05:30,368.95,369.5,352.95,359.7,52167
2019-03-07 00:00:00+05:30,358.0,374.05,355.5,365.05,148032
2019-03-08 00:00:00+05:30,364.9,370.35,359.15,365.0,50109
2019-03-11 00:00:00+05:30,366.1,369.0,360.95,367.95,40027
2019-03-12 00:00:00+05:30,367.95,391.0,367.95,386.65,163882
2019-03-13 00:00:00+05:30,387.0,396.0,385.0,385.85,69801
2019-03-14 00:00:00+05:30,380.1,388.95,380.1,384.9,38213
2019-03-15 00:00:00+05:30,385.0,388.9,377.0,380.95,29782
2019-03-18 00:00:00+05:30,380.95,387.5,370.0,385.0,40569
2019-03-19 00:00:00+05:30,384.15,389.0,378.8,387.55,26125
2019-03-20 00:00:00+05:30,389.45,396.0,381.25,393.5,34214
2019-03-22 00:00:00+05:30,394.0,397.7,388.9,390.7,49400
2019-03-25 00:00:00+05:30,390.7,393.0,385.6,391.7,32777
2019-03-26 00:00:00+05:30,389.5,399.0,389.4,397.25,43000
2019-03-27 00:00:00+05:30,399.95,411.0,395.8,409.05,62092
2019-03-28 00:00:00+05:30,406.1,420.0,403.55,417.25,26219
2019-03-29 00:00:00+05:30,410.3,422.0,410.3,419.8,31357
2019-04-01 00:00:00+05:30,423.4,434.0,405.7,413.4,76304
2019-04-02 00:00:00+05:30,416.5,419.85,406.7,418.0,23330
2019-04-03 00:00:00+05:30,416.6,419.85,413.8,418.25,37853
2019-04-04 00:00:00+05:30,417.9,417.9,414.0,415.05,15493
2019-04-05 00:00:00+05:30,417.65,439.45,417.0,435.5,277022
2019-04-08 00:00:00+05:30,436.0,471.65,435.95,454.5,68159
2019-04-09 00:00:00+05:30,456.0,458.0,435.0,440.3,29910
2019-04-10 00:00:00+05:30,441.0,444.5,431.05,434.45,9508
2019-04-11 00:00:00+05:30,436.0,440.7,418.15,421.25,17167
2019-04-12 00:00:00+05:30,421.0,428.0,411.3,421.25,30422
2019-04-15 00:00:00+05:30,425.0,433.35,419.95,422.6,10775
2019-04-16 00:00:00+05:30,426.05,427.95,421.2,423.3,8307
2019-04-18 00:00:00+05:30,420.1,423.35,412.8,414.15,7338
2019-04-22 00:00:00+05:30,413.0,424.0,410.1,412.45,4323
2019-04-23 00:00:00+05:30,409.1,416.45,404.95,405.0,22906
2019-04-24 00:00:00+05:30,406.1,406.45,393.1,399.85,33362
2019-04-25 00:00:00+05:30,396.1,418.8,396.1,407.4,17285
2019-04-26 00:00:00+05:30,409.95,410.0,401.55,406.7,5723
2019-04-30 00:00:00+05:30,406.7,461.15,406.0,425.4,90848
2019-05-02 00:00:00+05:30,430.4,439.9,421.1,430.05,24352
2019-05-03 00:00:00+05:30,440.0,440.0,415.0,424.3,26755
2019-05-06 00:00:00+05:30,419.75,419.75,408.0,414.75,12780
2019-05-07 00:00:00+05:30,413.0,417.8,402.0,404.3,9294
2019-05-08 00:00:00+05:30,405.6,405.6,380.05,386.05,14605
2019-05-09 00:00:00+05:30,386.6,386.6,376.2,377.25,13613
2019-05-10 00:00:00+05:30,381.1,384.95,368.15,380.85,10546
2019-05-13 00:00:00+05:30,381.0,383.45,370.1,373.4,6432
2019-05-14 00:00:00+05:30,375.0,375.05,360.3,367.65,7487
2019-05-15 00:00:00+05:30,372.0,381.95,363.0,364.8,16364
2019-05-16 00:00:00+05:30,370.0,376.3,362.1,366.3,14406
2019-05-17 00:00:00+05:30,365.1,370.0,365.1,366.6,3383
2019-05-20 00:00:00+05:30,378.0,386.6,368.05,372.45,26752
2019-05-21 00:00:00+05:30,374.65,378.25,361.5,365.0,17074
2019-05-22 00:00:00+05:30,362.0,385.0,360.05,380.25,76966
2019-05-23 00:00:00+05:30,390.0,394.8,376.5,386.25,668217
2019-05-24 00:00:00+05:30,390.5,425.0,390.5,423.9,172804
2019-05-27 00:00:00+05:30,425.3,455.6,425.3,451.65,94148
2019-05-28 00:00:00+05:30,455.0,462.75,429.3,430.3,50564
2019-05-29 00:00:00+05:30,433.75,448.1,430.1,442.15,54097
2019-05-30 00:00:00+05:30,435.2,446.0,432.65,440.2,45332
2019-05-31 00:00:00+05:30,438.55,446.2,437.3,440.5,14891
2019-06-03 00:00:00+05:30,438.05,450.0,438.05,444.4,62256
2019-06-04 00:00:00+05:30,445.15,445.15,432.9,435.9,7031
2019-06-06 00:00:00+05:30,433.5,438.55,421.0,427.1,39180
2019-06-07 00:00:00+05:30,427.1,433.0,421.2,429.45,11342
2019-06-10 00:00:00+05:30,425.5,429.6,419.55,423.25,7839
2019-06-11 00:00:00+05:30,423.25,434.6,423.0,427.75,7880
2019-06-12 00:00:00+05:30,423.9,437.85,423.85,434.4,13523
2019-06-13 00:00:00+05:30,430.0,434.35,423.05,425.5,7048
2019-06-14 00:00:00+05:30,427.6,431.5,426.0,426.95,8025
2019-06-17 00:00:00+05:30,421.95,432.4,416.0,424.2,128702
2019-06-18 00:00:00+05:30,421.35,442.1,421.35,428.25,50449
2019-06-19 00:00:00+05:30,425.0,435.0,411.1,429.55,26142
2019-06-20 00:00:00+05:30,427.8,427.85,412.0,416.8,29466
2019-06-21 00:00:00+05:30,416.0,418.0,405.7,414.8,25392
2019-06-24 00:00:00+05:30,427.0,427.0,407.55,410.45,12779
2019-06-25 00:00:00+05:30,408.55,419.9,406.05,415.95,59937
2019-06-26 00:00:00+05:30,412.85,444.0,410.5,428.8,38209
2019-06-27 00:00:00+05:30,425.0,449.0,425.0,440.0,45917
2019-06-28 00:00:00+05:30,440.0,444.05,435.7,440.95,4387
2019-07-01 00:00:00+05:30,440.75,453.85,435.05,439.65,21515
2019-07-02 00:00:00+05:30,444.0,451.55,432.5,440.6,20053
2019-07-03 00:00:00+05:30,440.05,444.05,436.8,439.55,8174
2019-07-04 00:00:00+05:30,438.0,442.1,438.0,440.25,3271
2019-07-05 00:00:00+05:30,435.0,445.0,435.0,440.0,63695
2019-07-08 00:00:00+05:30,439.4,439.4,424.0,428.8,7740
2019-07-09 00:00:00+05:30,424.0,452.95,421.05,428.55,11552
2019-07-10 00:00:00+05:30,426.7,450.0,420.0,420.75,8456
2019-07-11 00:00:00+05:30,422.0,428.0,415.0,417.55,9301
2019-07-12 00:00:00+05:30,416.0,429.9,416.0,423.4,8052
2019-07-15 00:00:00+05:30,424.0,427.9,417.1,425.05,20472
2019-07-16 00:00:00+05:30,422.55,426.2,416.0,420.25,20062
2019-07-17 00:00:00+05:30,422.55,427.95,418.65,425.15,5249
2019-07-18 00:00:00+05:30,425.15,427.7,422.2,425.15,6579
2019-07-19 00:00:00+05:30,416.6,427.05,416.6,421.75,7931
2019-07-22 00:00:00+05:30,423.3,426.75,416.0,422.2,9818
2019-07-23 00:00:00+05:30,420.5,422.5,416.95,418.2,14069
2019-07-24 00:00:00+05:30,416.3,416.35,376.2,377.6,66906
2019-07-25 00:00:00+05:30,378.0,389.5,377.35,380.65,66109
2019-07-26 00:00:00+05:30,380.65,390.25,374.0,385.6,5738
2019-07-29 00:00:00+05:30,397.8,397.8,370.0,375.55,6372
2019-07-30 00:00:00+05:30,380.0,380.0,354.8,360.4,5926
2019-07-31 00:00:00+05:30,355.0,359.45,347.1,353.55,4772
2019-08-01 00:00:00+05:30,342.9,361.95,330.15,338.05,8453
2019-08-02 00:00:00+05:30,333.5,339.0,322.0,333.55,16758
2019-08-05 00:00:00+05:30,333.0,333.0,315.05,320.4,5297
2019-08-06 00:00:00+05:30,316.35,332.5,310.0,319.2,9885
2019-08-07 00:00:00+05:30,315.05,331.5,315.05,322.6,9542
2019-08-08 00:00:00+05:30,322.15,329.85,310.0,315.1,18845
2019-08-09 00:00:00+05:30,320.0,328.95,316.3,321.6,12887
2019-08-13 00:00:00+05:30,324.0,324.0,302.2,308.1,8898
2019-08-14 00:00:00+05:30,311.05,313.7,302.05,303.35,7837
2019-08-16 00:00:00+05:30,303.35,304.4,292.1,297.45,6201
2019-08-19 00:00:00+05:30,304.0,304.0,296.0,299.3,4151
2019-08-20 00:00:00+05:30,298.3,299.95,290.5,292.2,3856
2019-08-21 00:00:00+05:30,292.0,292.0,277.7,278.95,17621
2019-08-22 00:00:00+05:30,278.95,279.0,262.0,265.25,11560
2019-08-23 00:00:00+05:30,266.0,293.7,251.75,272.2,34261
2019-08-26 00:00:00+05:30,285.0,293.55,272.85,286.25,17981
2019-08-27 00:00:00+05:30,288.95,317.15,278.15,310.6,24501
2019-08-28 00:00:00+05:30,320.0,320.0,286.55,290.7,58989
2019-08-29 00:00:00+05:30,288.85,295.25,286.35,289.8,28135
2019-08-30 00:00:00+05:30,293.5,293.5,283.0,289.55,14894
2019-09-03 00:00:00+05:30,292.65,292.65,281.65,289.6,8150
2019-09-04 00:00:00+05:30,290.9,291.05,277.55,281.25,16208
2019-09-05 00:00:00+05:30,287.9,290.0,281.05,288.65,80122
2019-09-06 00:00:00+05:30,289.0,290.2,282.0,285.85,14903
2019-09-09 00:00:00+05:30,288.0,288.0,228.7,228.7,215256
2019-09-11 00:00:00+05:30,219.1,248.7,199.05,205.1,1645393
2019-09-12 00:00:00+05:30,205.1,213.0,202.0,208.6,676339
2019-09-13 00:00:00+05:30,211.9,214.0,207.3,208.6,394631
2019-09-16 00:00:00+05:30,208.0,220.9,208.0,215.6,374296
2019-09-17 00:00:00+05:30,216.5,218.0,203.5,204.75,101388
2019-09-18 00:00:00+05:30,207.5,209.9,204.25,205.4,80872
2019-09-19 00:00:00+05:30,205.0,205.5,200.0,201.85,75987
2019-09-20 00:00:00+05:30,201.55,210.0,198.0,207.0,138810
2019-09-23 00:00:00+05:30,211.0,214.85,204.0,207.9,93004
2019-09-24 00:00:00+05:30,207.9,209.95,200.1,202.45,58122
2019-09-25 00:00:00+05:30,202.4,202.95,193.1,194.6,118787
2019-09-26 00:00:00+05:30,196.0,197.5,185.0,187.9,77565
2019-09-27 00:00:00+05:30,190.0,199.6,187.0,190.85,223106
2019-09-30 00:00:00+05:30,193.0,193.75,185.2,189.0,37855
2019-10-01 00:00:00+05:30,197.0,199.0,188.5,196.15,137388
2019-10-03 00:00:00+05:30,195.0,195.5,188.2,192.35,124732
2019-10-04 00:00:00+05:30,196.0,196.0,188.0,188.95,13975
2019-10-07 00:00:00+05:30,192.7,192.7,180.0,182.6,20623
2019-10-09 00:00:00+05:30,180.0,183.5,174.0,177.9,211333
2019-10-10 00:00:00+05:30,178.0,189.4,176.9,187.05,40037
2019-10-11 00:00:00+05:30,191.8,205.0,188.05,194.5,97709
2019-10-14 00:00:00+05:30,194.5,200.7,192.0,193.25,30125
2019-10-15 00:00:00+05:30,194.7,195.5,187.55,190.7,18383
2019-10-16 00:00:00+05:30,188.8,192.7,187.75,190.4,48687
2019-10-17 00:00:00+05:30,191.05,191.05,180.0,181.65,221675
2019-10-18 00:00:00+05:30,182.0,194.2,181.0,188.0,101308
2019-10-22 00:00:00+05:30,190.0,192.9,188.1,189.75,53958
2019-10-23 00:00:00+05:30,189.35,194.0,187.35,192.8,46744
2019-10-24 00:00:00+05:30,193.15,194.5,187.55,188.6,17960
2019-10-25 00:00:00+05:30,188.6,190.05,186.8,188.1,21821
2019-10-27 00:00:00+05:30,188.25,192.0,188.25,190.8,5618
2019-10-29 00:00:00+05:30,190.85,190.85,187.0,187.4,23191
2019-10-30 00:00:00+05:30,188.4,190.7,185.65,186.4,13162
2019-10-31 00:00:00+05:30,187.6,191.0,185.5,187.75,34642
2019-11-01 00:00:00+05:30,189.9,189.95,183.65,184.9,42360
2019-11-04 00:00:00+05:30,185.0,191.45,184.9,186.4,35842
2019-11-05 00:00:00+05:30,188.0,189.8,180.5,181.85,34945
2019-11-06 00:00:00+05:30,182.7,184.4,178.0,179.4,62097
2019-11-07 00:00:00+05:30,189.7,195.8,182.9,184.75,392402
2019-11-08 00:00:00+05:30,185.0,187.4,182.9,183.5,78150
2019-11-11 00:00:00+05:30,183.5,185.5,181.5,184.8,120700
2019-11-13 00:00:00+05:30,186.0,186.7,183.0,183.65,262557
2019-11-14 00:00:00+05:30,183.0,184.8,177.4,178.75,54193
2019-11-15 00:00:00+05:30,182.75,182.8,178.0,178.35,26852
2019-11-18 00:00:00+05:30,179.1,181.3,176.1,178.3,34257
2019-11-19 00:00:00+05:30,177.15,179.45,174.45,175.85,46963
2019-11-20 00:00:00+05:30,175.3,175.95,170.35,173.25,68451
2019-11-21 00:00:00+05:30,172.0,183.05,170.4,181.1,64443
2019-11-22 00:00:00+05:30,180.8,182.0,177.15,180.25,23453
2019-11-25 00:00:00+05:30,178.3,192.0,178.3,190.65,357232
2019-11-26 00:00:00+05:30,191.95,201.6,191.0,196.45,154447
2019-11-27 00:00:00+05:30,197.75,199.55,184.25,193.0,267026
2019-11-28 00:00:00+05:30,192.0,196.05,188.5,195.3,52206
2019-11-29 00:00:00+05:30,195.0,234.35,192.5,214.95,654604
2019-12-02 00:00:00+05:30,217.9,220.0,207.0,209.7,67953
2019-12-03 00:00:00+05:30,210.8,232.5,208.65,224.85,384891
2019-12-04 00:00:00+05:30,224.0,226.0,215.5,220.45,105944
2019-12-05 00:00:00+05:30,222.0,225.0,216.5,219.25,101379
2019-12-06 00:00:00+05:30,215.5,227.65,215.5,219.5,95593
2019-12-09 00:00:00+05:30,219.5,225.0,218.85,221.5,64262
2019-12-10 00:00:00+05:30,220.55,220.7,205.0,207.7,86695
2019-12-11 00:00:00+05:30,208.0,209.55,199.95,205.4,142799
2019-12-12 00:00:00+05:30,205.5,216.0,203.2,209.15,41078
2019-12-13 00:00:00+05:30,206.0,214.0,206.0,211.5,25399
2019-12-16 00:00:00+05:30,205.5,222.0,205.5,216.4,48217
2019-12-17 00:00:00+05:30,220.05,220.05,213.5,214.65,76898
2019-12-18 00:00:00+05:30,215.2,219.8,210.4,212.1,24951
2019-12-19 00:00:00+05:30,212.1,212.25,209.0,209.4,61503
2019-12-20 00:00:00+05:30,212.7,213.75,206.15,207.1,35890
2019-12-23 00:00:00+05:30,211.8,213.55,207.15,209.8,14815
2019-12-24 00:00:00+05:30,211.8,212.0,207.05,208.4,22446
2019-12-26 00:00:00+05:30,207.55,218.0,207.35,213.35,61143
2019-12-27 00:00:00+05:30,214.0,218.95,212.0,214.8,26309
2019-12-30 00:00:00+05:30,216.7,218.0,212.0,213.25,95654
2019-12-31 00:00:00+05:30,212.5,215.5,212.1,213.95,107260
2020-01-01 00:00:00+05:30,214.9,225.9,213.75,223.75,64122
2020-01-02 00:00:00+05:30,223.45,240.0,223.45,231.8,126662
2020-01-03 00:00:00+05:30,232.0,234.9,223.75,226.6,62959
2020-01-06 00:00:00+05:30,226.0,227.0,217.05,218.65,39360
2020-01-07 00:00:00+05:30,220.0,226.75,219.2,222.45,69735
2020-01-08 00:00:00+05:30,220.0,220.0,214.1,216.95,112823
2020-01-09 00:00:00+05:30,218.25,224.0,217.1,218.7,34458
2020-01-10 00:00:00+05:30,225.0,225.0,218.1,221.45,40834
2020-01-13 00:00:00+05:30,222.25,237.0,220.1,232.9,180157
2020-01-14 00:00:00+05:30,233.05,244.75,232.55,236.55,127772
2020-01-15 00:00:00+05:30,238.95,239.2,229.95,231.25,74315
2020-01-16 00:00:00+05:30,234.65,244.9,232.0,243.85,138937
2020-01-17 00:00:00+05:30,245.6,252.5,238.1,240.85,173708
2020-01-20 00:00:00+05:30,244.0,245.6,229.65,232.5,85129
2020-01-21 00:00:00+05:30,234.4,234.4,225.05,228.45,76802
2020-01-22 00:00:00+05:30,232.8,232.8,225.5,226.15,31596
2020-01-23 00:00:00+05:30,227.55,228.55,219.5,219.95,62207
2020-01-24 00:00:00+05:30,220.0,224.5,218.15,220.1,58426
2020-01-27 00:00:00+05:30,220.0,223.9,216.65,218.1,62447
2020-01-28 00:00:00+05:30,221.0,222.3,209.5,210.8,73757
2020-01-29 00:00:00+05:30,213.7,215.9,209.45,210.0,96465
2020-01-30 00:00:00+05:30,210.5,214.6,207.95,213.5,112316
2020-01-31 00:00:00+05:30,216.95,218.95,211.6,213.05,20630
2020-02-01 00:00:00+05:30,211.05,216.4,209.0,210.0,99090
2020-02-03 00:00:00+05:30,210.9,214.5,210.0,210.25,21715
2020-02-04 00:00:00+05:30,212.2,216.0,211.55,213.25,30163
2020-02-05 00:00:00+05:30,214.45,217.75,212.0,213.0,103674
2020-02-06 00:00:00+05:30,214.4,228.25,213.5,223.95,65851
2020-02-07 00:00:00+05:30,221.45,226.0,220.2,222.0,142988
2020-02-10 00:00:00+05:30,228.0,229.7,220.05,227.2,41775
2020-02-11 00:00:00+05:30,226.0,230.2,221.25,222.95,158019
2020-02-12 00:00:00+05:30,225.0,228.1,218.05,219.0,51443
2020-02-13 00:00:00+05:30,218.4,218.4,214.0,214.95,55123
2020-02-14 00:00:00+05:30,215.0,217.1,209.85,210.0,64946
2020-02-17 00:00:00+05:30,209.9,212.75,208.6,209.95,49879
2020-02-18 00:00:00+05:30,209.95,210.6,203.0,205.9,139188
2020-02-19 00:00:00+05:30,205.25,209.0,198.5,202.5,102279
2020-02-20 00:00:00+05:30,202.8,205.45,199.5,200.05,72549
2020-02-24 00:00:00+05:30,200.3,201.7,192.1,195.4,52192
2020-02-25 00:00:00+05:30,201.4,205.85,195.15,203.55,35091
2020-02-26 00:00:00+05:30,207.0,207.0,187.05,190.6,37717
2020-02-27 00:00:00+05:30,190.05,192.9,185.35,190.5,114793
2020-02-28 00:00:00+05:30,187.2,187.2,164.2,168.9,87516
2020-03-02 00:00:00+05:30,171.95,179.0,169.85,172.5,73725
2020-03-03 00:00:00+05:30,178.75,179.35,170.0,171.55,17060
2020-03-04 00:00:00+05:30,173.25,174.9,162.25,164.15,54288
2020-03-05 00:00:00+05:30,168.7,170.9,163.95,167.05,95156
2020-03-06 00:00:00+05:30,160.05,165.0,160.0,163.25,24043
2020-03-09 00:00:00+05:30,165.9,165.9,153.05,161.55,35191
2020-03-11 00:00:00+05:30,157.2,164.7,157.2,158.85,20588
2020-03-12 00:00:00+05:30,157.95,157.95,132.0,137.5,174904
2020-03-13 00:00:00+05:30,125.1,149.0,125.1,144.7,67391
2020-03-16 00:00:00+05:30,139.95,141.95,124.1,130.45,44949
2020-03-17 00:00:00+05:30,129.0,135.95,125.5,130.3,18588
2020-03-18 00:00:00+05:30,135.85,135.85,123.1,123.8,23940
2020-03-19 00:00:00+05:30,112.0,122.0,111.7,113.65,40587
2020-03-20 00:00:00+05:30,113.5,117.8,111.0,111.65,45621
2020-03-23 00:00:00+05:30,111.6,111.6,89.35,89.4,90203
2020-03-24 00:00:00+05:30,94.0,95.9,80.6,83.7,94554
2020-03-25 00:00:00+05:30,84.9,84.9,76.85,80.15,281289
2020-03-26 00:00:00+05:30,83.7,88.15,80.6,88.05,20093
2020-03-27 00:00:00+05:30,96.0,96.85,93.0,95.65,56338
2020-03-30 00:00:00+05:30,97.0,97.0,86.1,89.1,288101
2020-03-31 00:00:00+05:30,92.0,94.0,89.9,92.0,112734
2020-04-01 00:00:00+05:30,95.0,96.0,89.0,90.75,93684
2020-04-03 00:00:00+05:30,92.7,93.45,88.65,92.1,123993
2020-04-07 00:00:00+05:30,93.25,99.8,91.0,96.2,44289
2020-04-08 00:00:00+05:30,94.0,98.1,94.0,96.1,22455
2020-04-09 00:00:00+05:30,98.95,102.8,95.65,100.95,24345
2020-04-13 00:00:00+05:30,101.0,105.05,95.0,100.95,43790
2020-04-15 00:00:00+05:30,104.7,111.0,100.3,107.05,57686
2020-04-16 00:00:00+05:30,106.9,111.0,104.1,105.6,29325
2020-04-17 00:00:00+05:30,110.05,110.05,107.2,108.8,35447
2020-04-20 00:00:00+05:30,112.5,119.65,110.0,119.65,238595
2020-04-21 00:00:00+05:30,122.0,122.0,111.65,115.45,68946
2020-04-22 00:00:00+05:30,115.45,120.0,110.0,113.8,41399
2020-04-23 00:00:00+05:30,114.95,115.4,111.0,113.2,30149
2020-04-24 00:00:00+05:30,113.0,113.0,107.3,108.25,26960
2020-04-27 00:00:00+05:30,108.4,113.0,107.45,108.2,25122
2020-04-28 00:00:00+05:30,110.0,110.0,105.3,106.75,15520
2020-04-29 00:00:00+05:30,109.25,109.25,104.0,106.95,50722
2020-04-30 00:00:00+05:30,108.85,117.4,108.0,109.95,265686
2020-05-04 00:00:00+05:30,110.9,110.9,100.1,101.95,66792
2020-05-05 00:00:00+05:30,102.2,104.0,98.3,98.8,43841
2020-05-06 00:00:00+05:30,99.0,99.9,91.1,98.0,25838
2020-05-07 00:00:00+05:30,95.2,97.9,95.2,96.75,19214
2020-05-08 00:00:00+05:30,99.05,102.1,95.5,97.0,39520
2020-05-11 00:00:00+05:30,100.0,100.0,97.15,98.0,29742
2020-05-12 00:00:00+05:30,97.2,97.85,94.05,94.8,43343
2020-05-13 00:00:00+05:30,100.9,103.75,92.5,93.3,129481
2020-05-14 00:00:00+05:30,92.5,94.5,90.25,91.5,136989
2020-05-15 00:00:00+05:30,93.75,93.75,89.5,90.4,145055
2020-05-18 00:00:00+05:30,90.4,90.4,87.4,87.85,36170
2020-05-19 00:00:00+05:30,89.0,90.0,87.1,87.3,34223
2020-05-20 00:00:00+05:30,88.4,88.75,87.0,87.5,83068
2020-05-21 00:00:00+05:30,88.75,95.1,87.55,92.75,110569
2020-05-22 00:00:00+05:30,92.25,95.95,91.0,92.0,54584
2020-05-26 00:00:00+05:30,94.0,96.5,92.1,95.45,44386
2020-05-27 00:00:00+05:30,96.3,98.0,95.0,96.1,36058
2020-05-28 00:00:00+05:30,96.9,105.6,96.9,103.35,100498
2020-05-29 00:00:00+05:30,107.0,107.0,101.0,103.45,38006
2020-06-01 00:00:00+05:30,106.85,110.0,105.1,107.8,55226
2020-06-02 00:00:00+05:30,111.5,111.5,106.0,108.0,140428
2020-06-03 00:00:00+05:30,111.9,116.8,110.95,112.25,175908
2020-06-04 00:00:00+05:30,112.3,115.65,108.0,112.5,66568
2020-06-05 00:00:00+05:30,113.4,119.9,112.8,115.6,135609
2020-06-08 00:00:00+05:30,120.6,124.6,118.1,120.6,181744
2020-06-09 00:00:00+05:30,122.8,123.8,114.9,116.2,91522
2020-06-10 00:00:00+05:30,114.2,119.0,114.2,117.3,41015
2020-06-11 00:00:00+05:30,118.8,118.8,111.35,112.4,39651
2020-06-12 00:00:00+05:30,103.5,114.7,101.55,111.7,103311
2020-06-15 00:00:00+05:30,110.0,116.45,110.0,113.35,47228
2020-06-16 00:00:00+05:30,112.5,117.9,109.8,112.45,44325
2020-06-17 00:00:00+05:30,110.0,115.05,110.0,114.15,42873
2020-06-18 00:00:00+05:30,115.0,136.95,113.95,135.9,840099
2020-06-19 00:00:00+05:30,142.0,149.0,138.1,140.1,433036
2020-06-22 00:00:00+05:30,141.5,145.0,136.0,141.35,180637
2020-06-23 00:00:00+05:30,143.85,144.8,137.05,141.9,150639
2020-06-24 00:00:00+05:30,142.0,144.0,138.0,138.8,111420
2020-06-25 00:00:00+05:30,138.5,140.1,130.7,136.0,46002
2020-06-26 00:00:00+05:30,128.0,130.0,124.0,125.6,443965
2020-06-29 00:00:00+05:30,123.0,125.0,116.2,119.1,195527
2020-06-30 00:00:00+05:30,121.9,124.0,117.1,118.3,104437
2020-07-01 00:00:00+05:30,119.45,122.5,116.1,117.0,286076
2020-07-02 00:00:00+05:30,116.95,126.6,116.2,123.05,234895
2020-07-03 00:00:00+05:30,125.25,126.0,121.15,125.05,117646
2020-07-06 00:00:00+05:30,127.0,127.0,124.0,126.05,100415
2020-07-07 00:00:00+05:30,126.9,126.9,124.45,125.1,57581
2020-07-08 00:00:00+05:30,125.1,126.15,119.15,121.15,86294
2020-07-09 00:00:00+05:30,123.0,124.0,117.5,119.25,84147
2020-07-10 00:00:00+05:30,120.7,120.7,116.5,117.4,68060
2020-07-13 00:00:00+05:30,118.95,120.0,117.0,119.2,52952
2020-07-14 00:00:00+05:30,119.0,119.0,113.0,115.6,70717
2020-07-15 00:00:00+05:30,116.0,117.95,113.1,114.0,39885
2020-07-16 00:00:00+05:30,114.4,114.4,111.05,113.15,61781
2020-07-17 00:00:00+05:30,114.5,118.9,112.95,117.2,78076
2020-07-20 00:00:00+05:30,117.2,121.75,115.35,120.0,114194
2020-07-21 00:00:00+05:30,119.1,123.8,111.85,121.35,146376
2020-07-22 00:00:00+05:30,122.85,122.85,118.2,119.85,69261
2020-07-23 00:00:00+05:30,119.0,121.2,116.55,120.3,47914
2020-07-24 00:00:00+05:30,119.25,126.0,118.95,122.1,110716
2020-07-27 00:00:00+05:30,123.3,126.3,118.7,124.9,93572
2020-07-28 00:00:00+05:30,124.9,131.0,122.6,128.8,183197
2020-07-29 00:00:00+05:30,127.5,138.2,127.5,132.9,408824
2020-07-30 00:00:00+05:30,134.0,137.6,121.85,125.15,171915
2020-07-31 00:00:00+05:30,127.9,130.4,122.65,129.05,76933
2020-08-03 00:00:00+05:30,131.0,135.3,123.6,129.75,201291
2020-08-04 00:00:00+05:30,132.35,132.55,128.0,130.4,49209
2020-08-05 00:00:00+05:30,130.0,133.6,129.1,131.0,54828
2020-08-06 00:00:00+05:30,131.6,131.6,128.0,130.05,82877
2020-08-07 00:00:00+05:30,131.4,132.25,129.0,131.05,24638
2020-08-10 00:00:00+05:30,131.1,136.0,131.1,134.55,77063
2020-08-11 00:00:00+05:30,134.75,137.35,132.85,133.75,41820
2020-08-12 00:00:00+05:30,132.95,137.5,131.0,136.45,105740
2020-08-13 00:00:00+05:30,138.45,145.15,134.0,134.8,198126
2020-08-14 00:00:00+05:30,134.8,137.2,131.6,133.3,118640
2020-08-17 00:00:00+05:30,134.5,139.0,132.5,133.05,80267
2020-08-18 00:00:00+05:30,135.8,137.0,133.85,135.05,79638
2020-08-19 00:00:00+05:30,138.9,143.5,134.2,141.7,154406
2020-08-20 00:00:00+05:30,143.5,148.3,140.0,141.95,183411
2020-08-21 00:00:00+05:30,145.0,164.9,145.0,157.05,653185
2020-08-24 00:00:00+05:30,159.5,166.9,158.75,165.0,238103
2020-08-25 00:00:00+05:30,168.3,173.8,167.05,170.05,337271
2020-08-26 00:00:00+05:30,171.4,176.85,168.6,171.65,260846
2020-08-27 00:00:00+05:30,172.0,175.05,167.05,167.65,212595
2020-08-28 00:00:00+05:30,169.0,172.9,165.25,166.0,114559
2020-08-31 00:00:00+05:30,171.0,174.0,152.0,161.0,158004
2020-09-01 00:00:00+05:30,168.9,168.9,153.8,154.65,55570
2020-09-02 00:00:00+05:30,157.0,159.9,151.6,153.25,52167
2020-09-03 00:00:00+05:30,156.75,158.4,153.55,155.7,99528
2020-09-04 00:00:00+05:30,150.6,163.2,149.2,159.55,126591
2020-09-07 00:00:00+05:30,161.55,163.0,156.25,157.15,55705
2020-09-08 00:00:00+05:30,157.15,159.95,152.0,153.2,21343
2020-09-09 00:00:00+05:30,148.5,151.45,144.5,146.1,60887
2020-09-10 00:00:00+05:30,146.0,155.1,145.95,152.95,45073
2020-09-11 00:00:00+05:30,155.0,159.55,151.1,154.85,108536
2020-09-14 00:00:00+05:30,157.9,167.95,157.9,164.0,256648
2020-09-15 00:00:00+05:30,169.85,172.85,167.0,169.3,200402
2020-09-16 00:00:00+05:30,169.9,184.8,169.5,181.35,493098
2020-09-17 00:00:00+05:30,180.8,190.95,180.75,187.0,267583
2020-09-18 00:00:00+05:30,188.85,191.65,176.1,184.9,114340
2020-09-21 00:00:00+05:30,188.8,198.8,178.25,185.65,234424
2020-09-22 00:00:00+05:30,187.9,187.9,162.65,178.55,195917
2020-09-23 00:00:00+05:30,183.0,187.9,177.0,179.4,47452
2020-09-24 00:00:00+05:30,178.0,179.05,168.0,168.85,59578
2020-09-25 00:00:00+05:30,172.0,182.0,172.0,180.7,54972
2020-09-28 00:00:00+05:30,184.4,190.0,182.1,185.1,107682
2020-09-29 00:00:00+05:30,185.35,189.55,180.65,182.65,52864
2020-09-30 00:00:00+05:30,183.0,196.75,177.35,194.8,203482
2020-10-01 00:00:00+05:30,197.8,204.5,197.0,200.45,267748
2020-10-05 00:00:00+05:30,201.0,201.65,192.05,196.05,120010
2020-10-06 00:00:00+05:30,198.0,209.9,196.15,207.55,216350
2020-10-07 00:00:00+05:30,210.2,215.95,205.3,208.2,201358
2020-10-08 00:00:00+05:30,210.0,211.25,201.25,202.8,54339
2020-10-09 00:00:00+05:30,208.5,208.5,200.1,204.1,48722
2020-10-12 00:00:00+05:30,206.4,208.9,196.45,198.8,41550
2020-10-13 00:00:00+05:30,198.8,198.8,189.15,190.95,90811
2020-10-14 00:00:00+05:30,191.95,203.7,190.0,201.55,168783
2020-10-15 00:00:00+05:30,203.45,203.7,192.0,193.2,58258
2020-10-16 00:00:00+05:30,195.8,198.9,193.95,195.25,22834
2020-10-19 00:00:00+05:30,194.65,215.0,194.65,210.75,298712
2020-10-20 00:00:00+05:30,212.9,230.85,212.0,225.1,592880
2020-10-21 00:00:00+05:30,226.0,232.0,215.85,229.4,251483
2020-10-22 00:00:00+05:30,226.8,228.05,221.15,224.25,106831
2020-10-23 00:00:00+05:30,226.75,229.65,220.1,223.65,51119
2020-10-26 00:00:00+05:30,225.0,225.0,215.3,216.85,37219
2020-10-27 00:00:00+05:30,216.5,217.5,211.5,213.15,36239
2020-10-28 00:00:00+05:30,216.65,220.0,212.5,214.85,45705
2020-10-29 00:00:00+05:30,214.1,214.1,206.0,208.7,44908
2020-10-30 00:00:00+05:30,209.55,214.5,208.1,209.15,29298
2020-11-02 00:00:00+05:30,210.0,213.5,202.1,204.75,46208
2020-11-03 00:00:00+05:30,208.9,210.85,203.5,204.65,76836
2020-11-04 00:00:00+05:30,209.15,209.75,201.15,204.0,20308
2020-11-05 00:00:00+05:30,205.0,229.35,204.1,219.9,422770
2020-11-06 00:00:00+05:30,227.05,235.7,222.55,226.9,498534
2020-11-09 00:00:00+05:30,229.85,239.0,225.05,232.95,357537
2020-11-10 00:00:00+05:30,235.75,236.75,225.75,226.6,70133
2020-11-11 00:00:00+05:30,226.6,232.0,221.15,229.2,69578
2020-11-12 00:00:00+05:30,231.0,235.8,223.2,230.4,334896
2020-11-13 00:00:00+05:30,235.1,258.45,231.9,251.75,628875
2020-11-17 00:00:00+05:30,260.0,266.0,255.15,259.15,225700
2020-11-18 00:00:00+05:30,260.65,268.4,258.2,259.75,126730
2020-11-19 00:00:00+05:30,261.65,269.0,250.45,253.65,99187
2020-11-20 00:00:00+05:30,254.0,265.85,253.6,257.95,152750
2020-11-23 00:00:00+05:30,260.0,269.3,255.0,257.8,149052
2020-11-24 00:00:00+05:30,259.1,263.25,258.45,261.5,63416
2020-11-25 00:00:00+05:30,264.0,272.0,262.3,267.15,187115
2020-11-26 00:00:00+05:30,268.0,272.2,263.1,268.5,59883
2020-11-27 00:00:00+05:30,269.75,284.6,267.7,280.1,355407
2020-12-01 00:00:00+05:30,281.9,303.9,278.05,300.2,253579
2020-12-02 00:00:00+05:30,302.8,307.4,295.05,297.9,130902
2020-12-03 00:00:00+05:30,296.6,300.1,286.35,291.7,120048
2020-12-04 00:00:00+05:30,293.4,302.1,292.05,299.9,159932
2020-12-07 00:00:00+05:30,300.0,307.6,299.0,306.0,111186
2020-12-08 00:00:00+05:30,307.5,311.55,303.1,309.5,146670
2020-12-09 00:00:00+05:30,310.9,313.55,304.0,305.25,73007
2020-12-10 00:00:00+05:30,306.5,310.3,300.0,304.65,78268
2020-12-11 00:00:00+05:30,300.2,306.05,294.9,298.5,51802
2020-12-14 00:00:00+05:30,300.0,333.6,299.0,325.5,372162
2020-12-15 00:00:00+05:30,323.7,327.9,316.0,322.95,162447
2020-12-16 00:00:00+05:30,324.0,329.0,316.75,319.65,75210
2020-12-17 00:00:00+05:30,321.9,327.8,315.35,320.85,85162
2020-12-18 00:00:00+05:30,323.4,349.0,318.45,329.35,300655
2020-12-21 00:00:00+05:30,329.35,336.1,295.0,300.75,256953
2020-12-22 00:00:00+05:30,303.75,310.0,290.0,303.15,176081
2020-12-23 00:00:00+05:30,307.0,332.0,304.35,327.1,331072
2020-12-24 00:00:00+05:30,331.0,335.1,317.0,327.7,124672
2020-12-28 00:00:00+05:30,325.6,336.1,323.75,326.9,84277
2020-12-29 00:00:00+05:30,326.5,335.0,317.15,322.05,73158
2020-12-30 00:00:00+05:30,324.35,330.0,322.05,322.75,37974
2020-12-31 00:00:00+05:30,324.4,339.9,320.35,330.1,171863
2021-01-01 00:00:00+05:30,325.05,337.25,325.05,333.5,104566
2021-01-04 00:00:00+05:30,336.6,344.3,330.6,335.75,226033
2021-01-05 00:00:00+05:30,330.2,341.9,330.2,341.0,55252
2021-01-06 00:00:00+05:30,342.6,346.9,335.0,340.4,58511
2021-01-07 00:00:00+05:30,343.4,348.35,340.8,341.65,41742
2021-01-08 00:00:00+05:30,344.7,354.7,343.4,348.3,79181
2021-01-11 00:00:00+05:30,354.0,355.15,344.55,346.6,52911
2021-01-12 00:00:00+05:30,346.0,354.95,344.05,349.3,47123
2021-01-13 00:00:00+05:30,348.0,353.9,344.3,346.9,118444
2021-01-14 00:00:00+05:30,351.0,354.95,345.05,346.2,61646
2021-01-15 00:00:00+05:30,349.65,349.85,333.85,342.85,180734
2021-01-18 00:00:00+05:30,344.6,344.95,337.0,341.65,90182
2021-01-19 00:00:00+05:30,339.0,367.45,339.0,364.15,154929
2021-01-20 00:00:00+05:30,366.0,375.65,359.0,364.55,100976
2021-01-21 00:00:00+05:30,363.35,383.0,361.35,373.95,363086
2021-01-22 00:00:00+05:30,379.6,399.0,375.0,384.2,190621
2021-01-25 00:00:00+05:30,387.0,403.0,382.05,390.0,262101
2021-01-27 00:00:00+05:30,393.0,393.0,379.05,383.45,57544
2021-01-28 00:00:00+05:30,380.0,384.0,368.4,374.9,241344
2021-01-29 00:00:00+05:30,377.9,384.0,366.75,370.95,49343
2021-02-01 00:00:00+05:30,366.5,387.0,366.5,383.25,119659
2021-02-02 00:00:00+05:30,386.3,412.8,385.65,404.85,117661
2021-02-03 00:00:00+05:30,407.7,420.0,400.35,415.95,177790
2021-02-04 00:00:00+05:30,418.8,430.25,376.55,399.0,478349
2021-02-05 00:00:00+05:30,409.8,412.0,369.5,385.0,463951
2021-02-08 00:00:00+05:30,387.0,391.9,381.5,385.85,73111
2021-02-09 00:00:00+05:30,387.0,392.95,366.1,375.15,125443
2021-02-10 00:00:00+05:30,376.7,395.0,375.95,392.5,133639
2021-02-11 00:00:00+05:30,396.0,424.65,392.55,421.75,234331
2021-02-12 00:00:00+05:30,425.0,433.8,421.25,424.45,141888
2021-02-15 00:00:00+05:30,426.4,426.4,410.25,415.25,83562
2021-02-16 00:00:00+05:30,416.65,419.7,410.55,414.05,85495
2021-02-17 00:00:00+05:30,412.5,418.2,407.0,414.1,83388
2021-02-18 00:00:00+05:30,417.35,429.9,412.05,423.5,191874
2021-02-19 00:00:00+05:30,419.3,427.0,414.75,422.1,135316
2021-02-22 00:00:00+05:30,418.0,423.0,411.0,420.45,122926
2021-02-23 00:00:00+05:30,420.45,423.0,414.15,420.7,30768
2021-02-24 00:00:00+05:30,420.7,429.9,415.0,418.0,13858
2021-02-25 00:00:00+05:30,420.2,453.0,412.65,447.35,253030
2021-02-26 00:00:00+05:30,444.0,447.4,425.0,436.95,101351
2021-03-01 00:00:00+05:30,440.45,446.9,431.1,435.95,57788
2021-03-02 00:00:00+05:30,434.95,453.5,432.0,445.05,54085
2021-03-03 00:00:00+05:30,448.0,449.95,442.0,448.05,74774
2021-03-04 00:00:00+05:30,452.0,452.0,436.0,448.4,57321
2021-03-05 00:00:00+05:30,444.3,450.0,435.0,441.15,100180
2021-03-08 00:00:00+05:30,442.0,446.0,436.3,443.85,35888
2021-03-09 00:00:00+05:30,444.0,445.0,435.55,443.85,42491
2021-03-10 00:00:00+05:30,445.0,448.0,433.65,437.65,49353
2021-03-12 00:00:00+05:30,438.0,442.95,432.1,436.15,38425
2021-03-15 00:00:00+05:30,444.0,444.0,406.1,425.4,154054
2021-03-16 00:00:00+05:30,425.0,432.55,415.0,423.1,28837
2021-03-17 00:00:00+05:30,423.0,424.0,408.45,420.1,123266
2021-03-18 00:00:00+05:30,441.0,441.0,414.0,419.95,49501
2021-03-19 00:00:00+05:30,419.95,419.95,400.05,413.15,43946
2021-03-22 00:00:00+05:30,415.0,420.0,404.4,412.8,23827
2021-03-23 00:00:00+05:30,419.9,419.9,409.0,413.25,15954
2021-03-24 00:00:00+05:30,411.05,415.0,406.05,409.75,23295
2021-03-25 00:00:00+05:30,402.0,421.0,400.0,413.95,42235
2021-03-26 00:00:00+05:30,415.0,418.0,407.0,412.35,17220
2021-03-30 00:00:00+05:30,421.25,421.25,412.1,418.0,16850
2021-03-31 00:00:00+05:30,415.0,429.9,415.0,429.9,15484
2021-04-01 00:00:00+05:30,421.05,437.0,421.05,435.0,19255
2021-04-05 00:00:00+05:30,434.35,434.6,408.55,413.45,31363
2021-04-06 00:00:00+05:30,413.45,419.9,407.5,413.45,37128
2021-04-07 00:00:00+05:30,418.9,420.5,410.0,415.0,66855
2021-04-08 00:00:00+05:30,415.1,423.3,414.35,417.3,11025
2021-04-09 00:00:00+05:30,432.0,459.0,425.0,454.4,171386
2021-04-12 00:00:00+05:30,454.4,456.7,410.15,419.1,99508
2021-04-13 00:00:00+05:30,420.0,436.0,415.0,432.35,30044
2021-04-15 00:00:00+05:30,425.0,427.0,416.75,421.6,69794
2021-04-16 00:00:00+05:30,424.9,427.5,414.95,419.55,14902
2021-04-19 00:00:00+05:30,408.0,418.0,406.5,416.05,75598
2021-04-20 00:00:00+05:30,410.0,430.05,410.0,419.05,46331
2021-04-22 00:00:00+05:30,418.95,418.95,410.25,415.7,60511
2021-04-23 00:00:00+05:30,415.35,418.5,410.0,413.7,91092
2021-04-26 00:00:00+05:30,415.0,423.1,414.25,417.65,60165
2021-04-27 00:00:00+05:30,410.65,448.0,410.65,419.7,30982
2021-04-28 00:00:00+05:30,420.85,426.95,416.5,422.6,30165
2021-04-29 00:00:00+05:30,422.0,428.0,415.0,420.0,14023
2021-04-30 00:00:00+05:30,421.1,425.0,415.25,421.95,22427
2021-05-03 00:00:00+05:30,421.3,421.3,407.45,418.4,41041
2021-05-04 00:00:00+05:30,418.85,423.05,416.2,421.15,18035
2021-05-05 00:00:00+05:30,417.1,435.0,416.0,422.2,74698
2021-05-06 00:00:00+05:30,423.65,425.0,410.0,415.9,134386
2021-05-07 00:00:00+05:30,424.9,427.0,413.0,418.1,39682
2021-05-10 00:00:00+05:30,418.0,422.15,416.0,420.3,49486
2021-05-11 00:00:00+05:30,419.0,423.0,414.0,420.8,47144
2021-05-12 00:00:00+05:30,416.5,426.3,416.5,421.85,14567
2021-05-14 00:00:00+05:30,421.85,426.35,416.5,422.7,26162
2021-05-17 00:00:00+05:30,429.85,444.9,429.85,437.45,46440
2021-05-18 00:00:00+05:30,444.0,444.0,430.95,437.1,23465
2021-05-19 00:00:00+05:30,438.6,440.65,432.2,434.55,20883
2021-05-20 00:00:00+05:30,441.0,441.0,429.6,437.25,23015
2021-05-21 00:00:00+05:30,443.0,443.0,432.15,435.7,17345
2021-05-24 00:00:00+05:30,439.0,467.95,439.0,445.4,105670
2021-05-25 00:00:00+05:30,460.0,488.0,450.25,466.55,685967
2021-05-26 00:00:00+05:30,472.2,477.0,457.0,468.65,307508
2021-05-27 00:00:00+05:30,477.9,477.9,463.0,467.4,65858
2021-05-28 00:00:00+05:30,464.0,474.1,458.7,469.0,40875
2021-05-31 00:00:00+05:30,466.1,475.7,458.7,469.2,106892
2021-06-01 00:00:00+05:30,474.95,475.0,460.0,467.75,67473
2021-06-02 00:00:00+05:30,473.0,473.0,462.0,468.65,37655
2021-06-03 00:00:00+05:30,470.0,475.8,456.15,462.6,61913
2021-06-04 00:00:00+05:30,460.1,471.8,460.1,465.1,34294
2021-06-07 00:00:00+05:30,470.0,473.05,461.85,468.25,56471
2021-06-08 00:00:00+05:30,473.1,484.0,462.95,471.8,134552
2021-06-09 00:00:00+05:30,475.0,481.95,465.05,469.05,58495
2021-06-10 00:00:00+05:30,469.05,476.0,456.95,470.55,65236
2021-06-11 00:00:00+05:30,480.0,480.0,468.0,471.55,25689
2021-06-14 00:00:00+05:30,470.0,504.7,469.45,488.15,196252
2021-06-15 00:00:00+05:30,492.0,505.0,478.45,500.55,385708
2021-06-17 00:00:00+05:30,540.0,565.0,516.65,531.85,1984144
2021-06-18 00:00:00+05:30,545.1,616.0,532.0,598.9,2055800
2021-06-21 00:00:00+05:30,594.85,649.95,580.0,626.55,1033532
2021-06-22 00:00:00+05:30,626.55,636.7,611.0,615.25,323135
2021-06-23 00:00:00+05:30,620.0,620.0,596.0,603.7,145259
2021-06-24 00:00:00+05:30,603.7,609.0,590.0,601.3,83377
2021-06-25 00:00:00+05:30,610.0,620.0,580.1,600.25,61860
2021-06-28 00:00:00+05:30,610.0,624.0,591.0,610.0,103672
2021-06-29 00:00:00+05:30,620.0,620.0,590.0,610.2,68033
2021-06-30 00:00:00+05:30,610.2,618.9,600.0,614.35,20001
2021-07-01 00:00:00+05:30,618.95,618.95,595.0,600.4,143748
2021-07-02 00:00:00+05:30,618.0,630.4,600.0,630.0,136797
2021-07-05 00:00:00+05:30,639.5,658.0,629.0,638.5,74150
2021-07-06 00:00:00+05:30,660.0,660.0,638.1,642.45,151992
2021-07-07 00:00:00+05:30,638.0,649.0,625.0,638.25,26686
2021-07-08 00:00:00+05:30,649.7,656.0,625.05,649.1,34178
2021-07-09 00:00:00+05:30,660.0,660.0,635.0,646.95,10140
2021-07-12 00:00:00+05:30,658.6,666.0,645.1,661.6,24394
2021-07-13 00:00:00+05:30,668.9,668.9,646.0,659.95,12517
2021-07-14 00:00:00+05:30,665.0,665.0,652.0,662.85,13499
2021-07-15 00:00:00+05:30,665.0,676.0,650.0,668.95,22185
2021-07-16 00:00:00+05:30,670.0,679.0,664.0,673.6,25520
2021-07-19 00:00:00+05:30,680.0,700.0,680.0,694.65,68967
2021-07-20 00:00:00+05:30,704.9,720.0,659.95,710.75,65431
2021-07-22 00:00:00+05:30,725.0,725.0,685.0,711.95,36046
2021-07-23 00:00:00+05:30,725.0,725.0,690.0,709.35,21924
2021-07-26 00:00:00+05:30,709.35,714.0,680.25,709.25,83850
2021-07-27 00:00:00+05:30,710.0,714.0,695.0,708.9,27503
2021-07-28 00:00:00+05:30,691.0,714.0,673.5,709.25,45797
2021-07-29 00:00:00+05:30,714.9,714.9,685.0,710.25,41667
2021-07-30 00:00:00+05:30,700.0,714.0,685.1,708.2,22880
2021-08-02 00:00:00+05:30,709.0,720.0,709.0,713.95,36914
2021-08-03 00:00:00+05:30,724.0,728.0,715.0,724.65,65652
2021-08-04 00:00:00+05:30,725.0,745.0,721.0,725.85,25230
2021-08-05 00:00:00+05:30,729.85,735.0,691.0,722.65,14026
2021-08-06 00:00:00+05:30,700.0,713.0,686.55,709.35,87149
2021-08-09 00:00:00+05:30,709.95,709.95,673.9,688.9,63184
2021-08-10 00:00:00+05:30,688.0,688.0,654.5,654.5,50106
2021-08-11 00:00:00+05:30,646.0,677.95,621.8,668.45,66945
2021-08-12 00:00:00+05:30,676.0,680.0,650.0,665.25,27163
2021-08-13 00:00:00+05:30,672.0,678.9,640.0,660.0,16466
2021-08-16 00:00:00+05:30,659.95,669.0,630.0,650.5,11414
2021-08-17 00:00:00+05:30,633.0,654.0,630.0,643.7,19394
2021-08-18 00:00:00+05:30,643.7,660.0,622.0,649.6,28152
2021-08-20 00:00:00+05:30,646.6,646.6,617.15,640.0,37350
2021-08-23 00:00:00+05:30,635.0,635.35,608.0,634.2,29692
2021-08-24 00:00:00+05:30,635.0,665.9,607.0,665.9,72440
2021-08-25 00:00:00+05:30,664.0,664.0,641.0,660.0,72606
2021-08-26 00:00:00+05:30,662.0,691.0,660.0,682.0,55228
2021-08-27 00:00:00+05:30,672.0,700.0,672.0,694.55,27369
2021-08-30 00:00:00+05:30,694.55,705.0,690.0,700.85,19663
2021-08-31 00:00:00+05:30,714.0,714.0,686.0,700.95,10156
2021-09-01 00:00:00+05:30,694.0,700.0,687.1,695.0,10019
2021-09-02 00:00:00+05:30,699.0,701.0,680.0,684.6,51446
2021-09-03 00:00:00+05:30,685.0,702.0,650.4,696.2,11430
2021-09-06 00:00:00+05:30,700.0,709.9,662.25,700.7,19109
2021-09-07 00:00:00+05:30,700.7,710.0,685.05,695.0,183328
2021-09-08 00:00:00+05:30,696.0,699.85,685.0,690.0,48017
2021-09-09 00:00:00+05:30,685.0,699.35,685.0,687.2,13886
2021-09-13 00:00:00+05:30,698.95,716.95,687.0,710.55,23191
2021-09-14 00:00:00+05:30,710.55,718.8,695.0,704.3,12206
2021-09-15 00:00:00+05:30,713.9,718.8,669.1,710.95,14589
2021-09-16 00:00:00+05:30,714.0,725.0,681.5,698.6,27434
2021-09-17 00:00:00+05:30,698.6,704.95,676.95,684.35,10853
2021-09-20 00:00:00+05:30,675.1,699.0,660.55,670.1,18011
2021-09-21 00:00:00+05:30,660.0,679.0,636.6,667.3,47852
2021-09-22 00:00:00+05:30,679.0,700.0,667.3,690.15,22497
2021-09-23 00:00:00+05:30,690.15,704.95,682.05,702.25,42576
2021-09-24 00:00:00+05:30,709.0,725.0,690.0,717.3,52653
2021-09-27 00:00:00+05:30,724.7,753.15,721.05,753.15,79935
2021-09-28 00:00:00+05:30,790.8,790.8,716.3,739.15,169808
2021-09-29 00:00:00+05:30,740.0,776.0,740.0,766.45,55089
2021-09-30 00:00:00+05:30,770.0,782.2,735.0,755.2,65380
2021-10-01 00:00:00+05:30,741.0,792.95,730.0,782.45,105701
2021-10-04 00:00:00+05:30,802.0,804.9,766.1,793.9,79759
2021-10-05 00:00:00+05:30,793.85,809.9,782.15,807.9,57700
2021-10-06 00:00:00+05:30,808.0,848.0,795.1,812.65,94709
2021-10-07 00:00:00+05:30,812.5,835.0,790.1,811.5,33921
2021-10-08 00:00:00+05:30,816.45,828.0,796.3,822.1,32503
2021-10-11 00:00:00+05:30,832.0,863.2,811.0,825.85,70452
2021-10-12 00:00:00+05:30,843.0,844.0,813.2,825.45,42328
2021-10-13 00:00:00+05:30,838.0,841.0,814.0,834.45,26338
2021-10-14 00:00:00+05:30,839.95,841.95,815.55,834.3,14763
2021-10-18 00:00:00+05:30,876.0,876.0,830.0,834.7,7423
2021-10-19 00:00:00+05:30,840.0,847.0,819.05,839.0,28907
2021-10-20 00:00:00+05:30,839.0,839.0,800.0,829.4,27270
2021-10-21 00:00:00+05:30,837.95,837.95,811.0,815.75,11777
2021-10-22 00:00:00+05:30,825.0,825.0,775.0,788.55,27838
2021-10-25 00:00:00+05:30,825.0,825.0,790.0,809.85,27884
2021-10-26 00:00:00+05:30,820.0,850.3,790.0,813.4,38282
2021-10-27 00:00:00+05:30,814.0,837.45,813.45,825.55,10281
2021-10-28 00:00:00+05:30,832.0,832.0,784.3,784.3,20736
2021-10-29 00:00:00+05:30,790.0,790.0,751.0,764.9,42038
2021-11-01 00:00:00+05:30,745.0,769.65,726.7,750.05,33363
2021-11-02 00:00:00+05:30,740.0,759.4,739.0,752.4,30133
2021-11-03 00:00:00+05:30,750.0,790.0,742.05,790.0,12096
2021-11-04 00:00:00+05:30,820.0,829.5,806.05,828.85,30012
2021-11-08 00:00:00+05:30,839.0,870.25,815.0,870.25,87161
2021-11-09 00:00:00+05:30,884.95,896.0,840.0,863.55,82353
2021-11-10 00:00:00+05:30,869.95,879.0,833.0,836.65,16555
2021-11-11 00:00:00+05:30,836.65,844.0,794.85,809.9,22905
2021-11-12 00:00:00+05:30,810.1,846.0,810.1,842.35,95542
2021-11-15 00:00:00+05:30,848.45,911.35,845.1,884.05,159112
2021-11-16 00:00:00+05:30,885.55,925.0,870.05,915.2,114184
2021-11-17 00:00:00+05:30,950.0,970.0,871.05,890.95,76723
2021-11-18 00:00:00+05:30,899.0,899.0,841.0,863.55,43458
2021-11-22 00:00:00+05:30,863.0,867.95,791.0,815.3,93234
2021-11-23 00:00:00+05:30,817.0,856.0,805.2,849.0,19567
2021-11-24 00:00:00+05:30,858.75,873.0,840.15,853.8,15154
2021-11-25 00:00:00+05:30,855.25,891.0,855.25,886.65,41969
2021-11-26 00:00:00+05:30,889.0,889.0,816.55,851.35,24554
2021-11-29 00:00:00+05:30,834.0,841.0,698.1,821.15,35128
2021-11-30 00:00:00+05:30,811.1,846.9,811.1,828.05,15232
2021-12-01 00:00:00+05:30,841.0,845.0,816.35,834.45,8069
2021-12-02 00:00:00+05:30,839.0,851.3,821.75,838.1,10038
2021-12-03 00:00:00+05:30,841.05,846.9,825.0,829.75,9981
2021-12-06 00:00:00+05:30,836.45,842.6,814.05,816.7,6615
2021-12-07 00:00:00+05:30,816.7,834.0,810.0,817.05,8421
2021-12-08 00:00:00+05:30,820.0,880.0,820.0,849.55,38112
2021-12-09 00:00:00+05:30,865.0,877.4,846.9,855.0,12680
2021-12-10 00:00:00+05:30,848.0,867.05,846.45,856.8,6527
2021-12-13 00:00:00+05:30,865.0,865.0,835.85,854.95,36498
2021-12-14 00:00:00+05:30,845.0,857.8,830.25,856.3,8401
2021-12-15 00:00:00+05:30,836.0,894.8,834.8,862.65,25486
2021-12-16 00:00:00+05:30,870.0,871.55,850.05,860.3,9876
2021-12-17 00:00:00+05:30,865.3,865.3,841.0,854.35,14567
2021-12-20 00:00:00+05:30,831.15,854.35,799.95,822.35,75340
2021-12-21 00:00:00+05:30,822.1,830.0,807.1,822.15,15935
2021-12-22 00:00:00+05:30,812.0,837.55,812.0,829.65,18123
2021-12-23 00:00:00+05:30,832.0,868.0,822.75,836.2,61244
2021-12-24 00:00:00+05:30,847.5,849.7,831.1,833.8,7054
2021-12-27 00:00:00+05:30,834.0,845.0,818.0,835.5,12313
2021-12-28 00:00:00+05:30,831.0,860.4,830.0,848.0,18519
2021-12-29 00:00:00+05:30,859.9,859.9,837.85,845.2,6238
2021-12-30 00:00:00+05:30,838.0,861.0,835.4,841.75,12956
2021-12-31 00:00:00+05:30,842.0,860.0,842.0,850.55,9756
2022-01-03 00:00:00+05:30,851.0,927.0,851.0,916.3,83702
2022-01-04 00:00:00+05:30,925.0,937.75,902.05,907.85,26220
2022-01-05 00:00:00+05:30,907.0,919.95,891.05,906.85,19787
2022-01-06 00:00:00+05:30,892.0,919.95,892.0,911.65,11518
2022-01-07 00:00:00+05:30,913.0,947.0,913.0,933.9,74301
2022-01-10 00:00:00+05:30,939.0,943.7,908.25,920.3,34152
2022-01-11 00:00:00+05:30,920.3,928.55,910.1,917.4,13439
2022-01-12 00:00:00+05:30,917.4,928.45,911.0,913.55,18641
2022-01-13 00:00:00+05:30,916.0,944.8,911.25,922.75,27736
2022-01-14 00:00:00+05:30,915.0,932.45,901.65,914.05,169389
2022-01-17 00:00:00+05:30,924.7,931.95,895.9,909.6,68012
2022-01-18 00:00:00+05:30,928.0,945.5,904.0,943.0,33448
2022-01-19 00:00:00+05:30,940.05,940.05,914.45,919.9,36837
2022-01-20 00:00:00+05:30,919.95,920.0,907.35,919.95,25690
2022-01-21 00:00:00+05:30,907.3,922.0,875.25,902.6,24272
2022-01-24 00:00:00+05:30,906.9,906.9,831.2,843.75,46176
2022-01-25 00:00:00+05:30,828.0,869.0,823.0,852.6,17510
2022-01-27 00:00:00+05:30,840.0,854.9,830.0,845.2,11180
2022-01-28 00:00:00+05:30,850.0,920.0,845.3,876.75,27693
2022-01-31 00:00:00+05:30,871.2,895.15,860.4,883.75,14038
2022-02-01 00:00:00+05:30,907.0,907.0,862.25,877.4,12868
2022-02-02 00:00:00+05:30,898.95,928.8,875.0,887.5,88654
2022-02-03 00:00:00+05:30,885.1,908.0,834.2,865.2,57726
2022-02-04 00:00:00+05:30,870.0,870.0,828.0,834.25,23524
2022-02-07 00:00:00+05:30,854.0,854.0,817.1,828.4,39894
2022-02-08 00:00:00+05:30,825.1,839.85,802.9,812.4,23543
2022-02-09 00:00:00+05:30,816.9,848.25,814.05,839.35,19162
2022-02-10 00:00:00+05:30,853.9,853.9,830.0,834.2,17322
2022-02-11 00:00:00+05:30,827.0,850.0,814.3,837.5,20104
2022-02-14 00:00:00+05:30,792.1,830.0,790.0,815.25,35895
2022-02-15 00:00:00+05:30,819.0,824.0,791.3,815.0,16241
2022-02-16 00:00:00+05:30,815.0,850.5,815.0,827.8,20671
2022-02-17 00:00:00+05:30,832.0,842.0,796.15,809.95,27762
2022-02-18 00:00:00+05:30,810.15,818.0,793.35,795.9,15969
2022-02-21 00:00:00+05:30,780.0,801.75,770.0,785.25,27978
2022-02-22 00:00:00+05:30,775.0,789.0,737.1,750.95,34039
2022-02-23 00:00:00+05:30,750.95,788.45,750.95,777.0,31669
2022-02-24 00:00:00+05:30,751.0,763.8,708.5,722.5,70288
2022-02-25 00:00:00+05:30,725.0,749.4,725.0,729.25,51955
2022-02-28 00:00:00+05:30,729.0,746.0,713.0,737.65,15413
2022-03-02 00:00:00+05:30,737.65,740.2,706.15,715.65,35216
2022-03-03 00:00:00+05:30,727.0,727.0,665.0,671.65,46588
2022-03-04 00:00:00+05:30,668.0,671.95,614.0,657.25,97914
2022-03-07 00:00:00+05:30,636.0,644.7,615.0,618.65,30352
2022-03-08 00:00:00+05:30,614.95,699.1,614.3,632.9,29899
2022-03-09 00:00:00+05:30,644.95,663.9,635.1,641.95,43849
2022-03-10 00:00:00+05:30,668.9,679.9,655.05,658.0,47909
2022-03-11 00:00:00+05:30,658.0,667.0,646.15,653.35,55444
2022-03-14 00:00:00+05:30,655.0,670.0,653.35,662.2,24144
2022-03-15 00:00:00+05:30,674.0,678.0,650.1,664.4,33410
2022-03-16 00:00:00+05:30,675.1,677.2,666.0,673.1,17130
2022-03-17 00:00:00+05:30,674.1,689.15,670.6,679.05,48661
2022-03-21 00:00:00+05:30,684.3,687.0,672.0,676.5,28512
2022-03-22 00:00:00+05:30,682.0,798.3,665.1,694.4,130751
2022-03-23 00:00:00+05:30,700.0,720.55,672.0,681.85,95351
2022-03-24 00:00:00+05:30,684.9,697.0,648.95,653.8,36124
2022-03-25 00:00:00+05:30,662.5,662.5,637.2,649.15,78772
2022-03-28 00:00:00+05:30,657.9,657.9,636.4,640.8,90809
2022-03-29 00:00:00+05:30,647.5,648.55,623.55,636.65,282980
2022-03-30 00:00:00+05:30,648.55,669.0,635.0,663.0,77254
2022-03-31 00:00:00+05:30,660.4,669.4,643.3,648.3,53754
2022-04-01 00:00:00+05:30,633.95,638.6,599.7,630.75,93985
2022-04-04 00:00:00+05:30,633.4,655.0,633.3,639.05,87295
2022-04-05 00:00:00+05:30,641.05,662.5,639.4,655.05,124671
2022-04-06 00:00:00+05:30,662.0,662.0,648.5,659.85,77752
2022-04-07 00:00:00+05:30,659.95,665.1,646.25,661.05,92432
2022-04-08 00:00:00+05:30,664.0,668.0,652.5,658.9,51436
2022-04-11 00:00:00+05:30,674.9,696.0,656.1,689.65,377820
2022-04-12 00:00:00+05:30,689.0,689.0,665.0,667.5,28391
2022-04-13 00:00:00+05:30,679.45,738.85,666.0,711.25,97912
2022-04-18 00:00:00+05:30,699.9,705.0,670.05,676.55,40274
2022-04-19 00:00:00+05:30,682.9,693.6,670.55,672.6,27591
2022-04-20 00:00:00+05:30,679.3,682.15,661.0,663.25,50683
2022-04-21 00:00:00+05:30,672.0,689.35,660.05,673.05,19415
2022-04-22 00:00:00+05:30,668.8,675.05,641.55,649.0,72673
2022-04-25 00:00:00+05:30,662.0,662.0,633.0,637.8,28362
2022-04-26 00:00:00+05:30,651.0,654.0,637.05,650.55,30488
2022-04-27 00:00:00+05:30,650.0,655.0,638.0,647.45,29009
2022-04-28 00:00:00+05:30,651.9,655.65,644.5,647.85,10006
2022-04-29 00:00:00+05:30,652.3,660.0,636.3,639.55,60409
2022-05-02 00:00:00+05:30,647.0,647.25,621.1,626.7,37977
2022-05-04 00:00:00+05:30,629.0,645.6,620.95,638.4,26743
2022-05-05 00:00:00+05:30,638.0,638.0,615.0,622.45,33212
2022-05-06 00:00:00+05:30,612.1,646.3,590.9,637.95,99596
2022-05-09 00:00:00+05:30,631.65,634.85,600.0,605.55,65039
2022-05-10 00:00:00+05:30,602.0,618.0,586.75,596.2,46083
2022-05-11 00:00:00+05:30,596.2,625.0,545.95,555.75,31487
2022-05-12 00:00:00+05:30,558.0,565.0,533.35,556.15,44291
2022-05-13 00:00:00+05:30,572.35,609.35,555.65,586.25,48321
2022-05-16 00:00:00+05:30,586.25,605.0,585.55,593.15,10933
2022-05-17 00:00:00+05:30,598.0,610.0,594.0,603.8,7081
2022-05-18 00:00:00+05:30,610.0,610.0,590.0,593.45,25914
2022-05-19 00:00:00+05:30,565.1,610.95,560.9,596.45,59027
2022-05-20 00:00:00+05:30,580.1,600.5,580.0,593.2,26323
2022-05-23 00:00:00+05:30,616.0,616.0,581.35,586.7,14829
2022-05-24 00:00:00+05:30,585.0,599.9,576.0,587.6,14269
2022-05-25 00:00:00+05:30,595.0,599.0,578.5,580.1,13195
2022-05-26 00:00:00+05:30,593.0,600.15,573.35,592.25,24711
2022-05-27 00:00:00+05:30,599.9,600.9,583.0,593.85,9727
2022-05-30 00:00:00+05:30,600.0,609.45,580.0,587.9,16771
2022-05-31 00:00:00+05:30,599.0,610.0,587.05,602.8,7782
2022-06-01 00:00:00+05:30,596.5,602.65,590.0,593.55,8498
2022-06-02 00:00:00+05:30,595.0,602.9,592.15,601.15,5836
2022-06-03 00:00:00+05:30,604.2,610.15,580.0,585.25,7012
2022-06-06 00:00:00+05:30,594.9,628.0,588.45,607.95,29955
2022-06-07 00:00:00+05:30,611.0,611.0,590.0,594.1,4909
2022-06-08 00:00:00+05:30,592.5,599.0,582.0,591.75,4237
2022-06-09 00:00:00+05:30,593.55,605.0,572.35,579.75,21875
2022-06-10 00:00:00+05:30,581.9,588.6,571.1,576.15,4309
2022-06-13 00:00:00+05:30,576.0,576.0,560.0,566.15,5094
2022-06-14 00:00:00+05:30,569.0,574.25,556.85,563.45,5459
2022-06-15 00:00:00+05:30,566.25,570.95,557.0,563.65,3215
2022-06-16 00:00:00+05:30,566.5,569.85,551.55,558.95,7680
2022-06-17 00:00:00+05:30,552.1,575.1,550.0,566.6,9132
2022-06-20 00:00:00+05:30,552.15,573.55,520.0,525.7,16948
2022-06-21 00:00:00+05:30,527.4,538.9,519.0,527.15,9728
2022-06-22 00:00:00+05:30,528.0,538.3,525.0,526.05,6144
2022-06-23 00:00:00+05:30,511.0,537.9,511.0,525.3,10618
2022-06-24 00:00:00+05:30,527.95,556.0,519.4,554.4,14749
2022-06-27 00:00:00+05:30,565.45,579.0,555.5,574.05,10020
2022-06-28 00:00:00+05:30,577.85,578.0,562.05,564.1,4459
2022-06-29 00:00:00+05:30,563.85,571.8,559.5,561.9,5560
2022-06-30 00:00:00+05:30,559.5,570.0,545.55,561.75,8766
2022-07-01 00:00:00+05:30,556.0,579.95,556.0,576.7,6541
2022-07-04 00:00:00+05:30,579.6,594.0,578.1,589.25,8046
2022-07-05 00:00:00+05:30,584.8,594.05,572.5,576.55,8590
2022-07-06 00:00:00+05:30,579.45,588.0,571.0,581.85,7773
2022-07-07 00:00:00+05:30,584.8,599.0,583.25,597.25,5334
2022-07-08 00:00:00+05:30,604.3,604.3,590.0,603.15,19615
2022-07-11 00:00:00+05:30,606.2,610.0,590.0,592.7,7486
2022-07-12 00:00:00+05:30,590.0,604.0,590.0,600.15,18003
2022-07-13 00:00:00+05:30,603.2,625.3,600.0,620.95,14554
2022-07-14 00:00:00+05:30,622.0,626.0,614.85,625.2,22190
2022-07-15 00:00:00+05:30,619.95,629.0,618.7,620.15,6803
2022-07-18 00:00:00+05:30,628.0,630.1,600.6,620.05,40335
2022-07-19 00:00:00+05:30,622.85,637.9,618.85,622.35,20589
2022-07-20 00:00:00+05:30,631.0,631.0,613.9,619.8,10536
2022-07-21 00:00:00+05:30,616.6,628.1,612.25,619.45,22897
2022-07-22 00:00:00+05:30,622.0,629.75,616.05,622.25,20142
2022-07-25 00:00:00+05:30,618.55,629.75,611.0,619.35,11917
2022-07-26 00:00:00+05:30,620.0,624.8,605.05,609.15,7921
2022-07-27 00:00:00+05:30,606.0,618.0,603.1,611.05,20021
2022-07-28 00:00:00+05:30,614.15,635.0,610.05,623.35,30927
2022-07-29 00:00:00+05:30,625.9,632.45,620.05,629.5,13697
2022-08-01 00:00:00+05:30,629.5,639.75,620.55,628.8,23556
2022-08-02 00:00:00+05:30,626.6,639.75,622.1,626.3,18239
2022-08-03 00:00:00+05:30,629.45,645.0,615.6,623.0,59089
2022-08-04 00:00:00+05:30,627.5,635.5,621.9,624.5,13747
2022-08-05 00:00:00+05:30,624.5,645.0,623.1,633.65,19016
2022-08-08 00:00:00+05:30,625.25,639.7,625.0,627.6,12244
2022-08-10 00:00:00+05:30,629.95,643.0,624.4,641.65,15884
2022-08-11 00:00:00+05:30,644.0,697.1,641.65,655.05,127493
2022-08-12 00:00:00+05:30,657.0,700.0,640.1,645.05,64389
2022-08-16 00:00:00+05:30,654.75,654.75,638.2,644.8,20164
2022-08-17 00:00:00+05:30,648.05,653.9,644.45,646.3,12166
2022-08-18 00:00:00+05:30,655.0,655.0,641.75,644.9,28825
2022-08-19 00:00:00+05:30,647.9,656.55,643.35,646.4,20155
2022-08-22 00:00:00+05:30,649.3,649.3,633.0,634.0,6397
2022-08-23 00:00:00+05:30,632.8,644.4,620.1,638.5,14169
2022-08-24 00:00:00+05:30,641.65,649.0,640.0,646.4,9345
2022-08-25 00:00:00+05:30,647.15,655.8,644.1,652.0,49870
2022-08-26 00:00:00+05:30,651.5,655.15,645.0,646.8,8150
2022-08-29 00:00:00+05:30,640.0,649.3,635.0,646.05,4633
2022-08-30 00:00:00+05:30,640.0,656.0,640.0,644.25,20265
2022-09-01 00:00:00+05:30,647.0,655.3,629.0,633.0,17075
2022-09-02 00:00:00+05:30,636.2,639.6,624.8,629.7,21533
2022-09-05 00:00:00+05:30,624.1,635.9,617.15,621.25,35141
2022-09-06 00:00:00+05:30,620.1,639.0,616.6,623.25,28974
2022-09-07 00:00:00+05:30,626.4,639.0,619.5,624.95,34281
2022-09-08 00:00:00+05:30,635.0,640.4,610.3,618.7,31701
2022-09-09 00:00:00+05:30,627.5,633.0,615.8,630.35,55871
2022-09-12 00:00:00+05:30,633.55,644.0,626.0,629.9,77581
2022-09-13 00:00:00+05:30,632.05,635.45,620.0,621.9,245511
2022-09-14 00:00:00+05:30,624.0,630.0,620.0,622.7,26450
2022-09-15 00:00:00+05:30,625.85,628.95,619.0,620.0,31275
2022-09-16 00:00:00+05:30,623.1,624.0,605.0,619.75,38926
2022-09-19 00:00:00+05:30,625.0,626.3,608.0,609.75,34550
2022-09-20 00:00:00+05:30,610.0,617.75,593.0,597.25,61979
2022-09-21 00:00:00+05:30,600.25,600.25,589.1,591.8,15573
2022-09-22 00:00:00+05:30,588.0,597.95,581.65,591.4,26243
2022-09-23 00:00:00+05:30,591.4,598.9,582.0,583.05,31962
2022-09-26 00:00:00+05:30,570.5,580.0,553.15,570.45,23853
2022-09-27 00:00:00+05:30,573.35,584.8,561.0,577.45,27227
2022-09-28 00:00:00+05:30,580.35,580.35,554.0,561.1,43328
2022-09-29 00:00:00+05:30,563.95,569.0,530.85,550.15,27343
2022-09-30 00:00:00+05:30,544.0,555.0,539.1,547.0,20870
2022-10-03 00:00:00+05:30,541.2,548.3,537.55,545.6,32884
2022-10-04 00:00:00+05:30,545.6,553.55,545.6,549.7,18688
2022-10-06 00:00:00+05:30,553.0,574.25,553.0,564.8,32632
2022-10-07 00:00:00+05:30,567.65,567.65,555.65,563.3,5892
2022-10-10 00:00:00+05:30,563.3,591.0,555.5,581.75,28915
2022-10-11 00:00:00+05:30,590.5,590.5,565.3,573.15,8600
2022-10-12 00:00:00+05:30,576.05,582.0,546.3,554.65,15780
2022-10-13 00:00:00+05:30,557.0,557.0,542.7,546.1,33869
2022-10-14 00:00:00+05:30,549.35,556.45,546.15,548.7,12410
2022-10-17 00:00:00+05:30,554.0,562.0,543.25,560.0,13541
2022-10-18 00:00:00+05:30,564.0,564.0,550.85,554.15,11461
2022-10-19 00:00:00+05:30,556.95,563.3,553.35,558.1,15697
2022-10-20 00:00:00+05:30,554.5,557.45,549.0,551.8,9689
2022-10-21 00:00:00+05:30,552.5,554.6,533.05,539.35,17600
2022-10-24 00:00:00+05:30,541.0,548.45,541.0,544.95,2822
2022-10-25 00:00:00+05:30,547.7,550.3,539.0,543.7,19086
2022-10-27 00:00:00+05:30,544.8,549.25,525.0,541.0,43304
2022-10-28 00:00:00+05:30,543.75,545.0,529.05,540.7,20192
2022-10-31 00:00:00+05:30,540.75,541.7,532.5,536.3,8208
2022-11-01 00:00:00+05:30,539.0,546.9,530.0,541.15,16178
2022-11-02 00:00:00+05:30,541.15,551.9,526.0,542.7,24352
2022-11-03 00:00:00+05:30,538.0,550.05,529.75,539.9,36068
2022-11-04 00:00:00+05:30,539.95,540.0,522.9,530.2,46129
2022-11-07 00:00:00+05:30,531.0,552.5,527.35,541.0,49937
2022-11-09 00:00:00+05:30,544.25,544.25,531.35,541.05,14708
2022-11-10 00:00:00+05:30,541.95,548.0,525.1,526.7,15405
2022-11-11 00:00:00+05:30,525.0,540.9,524.55,529.4,23312
2022-11-14 00:00:00+05:30,544.3,544.3,532.0,533.75,20092
2022-11-15 00:00:00+05:30,537.9,537.9,530.6,532.95,21862
2022-11-16 00:00:00+05:30,535.65,555.0,532.65,533.7,39663
2022-11-17 00:00:00+05:30,536.0,541.8,528.0,535.55,12385
2022-11-18 00:00:00+05:30,540.9,540.9,520.0,524.2,27929
2022-11-21 00:00:00+05:30,524.0,528.45,516.0,518.25,10386
2022-11-22 00:00:00+05:30,520.85,527.3,510.6,512.8,18973
2022-11-23 00:00:00+05:30,512.8,518.1,490.55,495.05,44468
2022-11-24 00:00:00+05:30,490.0,500.0,490.0,494.95,34487
2022-11-25 00:00:00+05:30,490.1,524.0,490.1,517.7,148143
2022-11-28 00:00:00+05:30,517.7,534.05,517.7,524.85,38792
2022-11-29 00:00:00+05:30,526.0,529.95,511.15,513.0,21079
2022-11-30 00:00:00+05:30,510.0,519.95,496.95,503.05,109653
2022-12-01 00:00:00+05:30,505.0,510.1,500.0,501.8,29391
2022-12-02 00:00:00+05:30,504.2,523.8,501.0,511.3,227884
2022-12-05 00:00:00+05:30,513.9,536.15,513.85,524.6,226209
2022-12-06 00:00:00+05:30,525.0,536.0,518.0,524.1,23893
2022-12-07 00:00:00+05:30,525.75,545.5,525.75,542.3,64290
2022-12-08 00:00:00+05:30,549.3,555.0,533.7,544.3,163242
2022-12-09 00:00:00+05:30,547.05,547.05,530.0,532.35,27513
2022-12-12 00:00:00+05:30,537.0,537.0,511.25,515.05,40019
2022-12-13 00:00:00+05:30,511.1,519.0,505.0,507.6,36414
2022-12-14 00:00:00+05:30,514.9,514.95,501.0,503.35,33599
2022-12-15 00:00:00+05:30,505.15,514.95,505.15,509.15,17570
2022-12-16 00:00:00+05:30,511.7,511.7,494.0,496.1,31639
2022-12-19 00:00:00+05:30,496.15,500.5,490.0,491.7,19097
2022-12-20 00:00:00+05:30,495.0,504.85,482.0,489.6,43901
2022-12-21 00:00:00+05:30,491.0,498.95,481.0,483.0,30087
2022-12-22 00:00:00+05:30,480.0,484.65,465.0,466.8,30272
2022-12-23 00:00:00+05:30,463.0,463.0,446.0,453.15,48756
2022-12-26 00:00:00+05:30,457.95,482.1,447.6,478.55,24519
2022-12-27 00:00:00+05:30,479.0,484.9,475.35,478.5,23858
2022-12-28 00:00:00+05:30,477.95,479.2,470.0,472.05,15126
2022-12-29 00:00:00+05:30,471.45,473.8,467.6,469.6,7140
2022-12-30 00:00:00+05:30,471.05,478.0,471.05,476.9,14614
2023-01-02 00:00:00+05:30,476.1,484.0,475.6,483.9,15911
2023-01-03 00:00:00+05:30,484.8,484.8,470.1,474.65,17868
2023-01-04 00:00:00+05:30,474.65,509.9,474.65,483.8,551724
2023-01-05 00:00:00+05:30,495.85,518.8,495.45,502.4,166398
2023-01-06 00:00:00+05:30,505.0,505.05,497.0,499.3,44457
2023-01-09 00:00:00+05:30,517.95,517.95,500.25,506.0,38905
2023-01-10 00:00:00+05:30,508.2,508.2,496.35,499.35,19660
2023-01-11 00:00:00+05:30,499.0,499.5,485.5,488.85,23406
2023-01-12 00:00:00+05:30,490.0,504.8,488.05,493.5,101322
2023-01-13 00:00:00+05:30,496.0,502.65,486.5,499.95,21015
2023-01-16 00:00:00+05:30,499.95,512.55,499.0,511.25,162034
2023-01-17 00:00:00+05:30,511.25,519.25,508.0,510.9,52268
2023-01-18 00:00:00+05:30,510.05,516.25,510.0,515.2,41721
2023-01-19 00:00:00+05:30,512.05,519.0,511.5,517.1,32232
2023-01-20 00:00:00+05:30,520.0,532.3,516.8,520.05,79413
2023-01-23 00:00:00+05:30,521.0,561.7,521.0,557.7,157433
2023-01-24 00:00:00+05:30,561.0,569.8,541.1,549.6,122661
2023-01-25 00:00:00+05:30,554.95,554.95,537.0,547.1,47017
2023-01-27 00:00:00+05:30,557.9,557.9,531.0,545.55,41238
2023-01-30 00:00:00+05:30,542.55,554.0,535.0,537.65,34092
2023-01-31 00:00:00+05:30,540.35,544.9,530.0,541.4,29061
2023-02-01 00:00:00+05:30,544.15,546.95,528.05,542.0,34064
2023-02-02 00:00:00+05:30,538.45,540.8,529.05,539.65,22123
2023-02-03 00:00:00+05:30,539.0,555.0,522.55,529.6,32518
2023-02-06 00:00:00+05:30,532.25,543.25,532.25,537.0,20429
2023-02-07 00:00:00+05:30,547.65,547.65,533.05,540.0,16911
2023-02-08 00:00:00+05:30,524.85,547.0,520.0,537.6,93022
2023-02-09 00:00:00+05:30,530.0,539.8,527.5,536.2,23422
2023-02-10 00:00:00+05:30,539.1,543.2,532.25,535.0,11804
2023-02-13 00:00:00+05:30,536.8,542.0,530.0,533.0,27832
2023-02-14 00:00:00+05:30,531.4,550.0,530.3,539.85,25219
2023-02-15 00:00:00+05:30,542.55,544.9,530.4,541.2,36624
2023-02-16 00:00:00+05:30,547.9,547.9,536.55,544.0,18698
2023-02-17 00:00:00+05:30,547.5,550.0,537.0,539.95,23406
2023-02-20 00:00:00+05:30,544.9,557.45,536.55,550.85,58280
2023-02-21 00:00:00+05:30,552.0,560.0,541.15,556.0,76966
2023-02-22 00:00:00+05:30,557.4,560.0,550.0,554.0,37102
2023-02-23 00:00:00+05:30,554.45,556.0,550.0,550.9,27802
2023-02-24 00:00:00+05:30,559.8,561.5,540.9,557.0,76997
2023-02-27 00:00:00+05:30,551.15,557.9,538.2,541.65,57491
2023-02-28 00:00:00+05:30,541.65,548.85,531.2,538.3,32143
2023-03-01 00:00:00+05:30,538.0,539.95,535.0,538.0,26287
2023-03-02 00:00:00+05:30,541.4,543.9,536.05,539.0,23275
2023-03-03 00:00:00+05:30,541.4,544.9,535.0,540.4,20502
2023-03-06 00:00:00+05:30,543.15,548.8,535.35,540.0,14391
2023-03-08 00:00:00+05:30,540.65,544.85,535.05,540.85,25719
2023-03-09 00:00:00+05:30,541.95,543.8,535.0,535.35,21985
2023-03-10 00:00:00+05:30,532.45,542.1,532.3,537.95,14168
2023-03-13 00:00:00+05:30,537.9,539.6,532.0,535.05,15746
2023-03-14 00:00:00+05:30,535.0,539.8,534.0,535.55,29039
2023-03-15 00:00:00+05:30,538.25,545.75,532.55,534.7,17399
2023-03-16 00:00:00+05:30,537.4,544.0,514.25,521.65,75597
2023-03-17 00:00:00+05:30,523.35,523.35,510.0,515.45,73298
2023-03-20 00:00:00+05:30,505.0,520.0,500.0,501.85,50506
2023-03-21 00:00:00+05:30,500.0,516.6,498.0,511.05,40830
2023-03-22 00:00:00+05:30,511.1,517.95,507.0,509.85,105214
2023-03-23 00:00:00+05:30,510.1,515.7,508.05,511.9,14917
2023-03-24 00:00:00+05:30,507.0,518.95,507.0,513.0,23764
2023-03-27 00:00:00+05:30,513.0,516.85,509.05,510.55,21754
2023-03-28 00:00:00+05:30,513.15,518.4,485.5,490.2,286899
2023-03-29 00:00:00+05:30,490.8,492.7,475.0,490.25,39187
2023-03-31 00:00:00+05:30,490.25,494.45,485.95,485.95,156432
2023-04-03 00:00:00+05:30,491.3,508.45,488.5,492.95,31877
2023-04-05 00:00:00+05:30,495.45,495.9,479.05,480.55,28227
2023-04-06 00:00:00+05:30,482.5,489.25,465.95,469.6,60686
2023-04-10 00:00:00+05:30,477.1,491.0,475.0,489.1,266459
2023-04-11 00:00:00+05:30,494.0,526.0,490.0,508.95,136013
2023-04-12 00:00:00+05:30,511.5,515.95,498.0,503.6,53453
2023-04-13 00:00:00+05:30,504.0,510.95,501.95,508.1,222024
2023-04-17 00:00:00+05:30,509.05,524.0,509.05,520.25,33497
2023-04-18 00:00:00+05:30,524.8,528.65,510.0,514.55,49065
2023-04-19 00:00:00+05:30,515.75,524.95,510.0,518.15,244955
2023-04-20 00:00:00+05:30,515.0,538.75,515.0,523.0,109864
2023-04-21 00:00:00+05:30,524.0,531.3,508.0,514.4,25525
2023-04-24 00:00:00+05:30,510.5,526.55,510.5,521.9,36395
2023-04-25 00:00:00+05:30,518.9,524.85,512.05,513.75,173349
2023-04-26 00:00:00+05:30,516.0,517.85,508.3,510.35,50162
2023-04-27 00:00:00+05:30,518.0,537.0,517.2,526.2,152417
2023-04-28 00:00:00+05:30,529.9,537.2,524.3,531.8,47944
2023-05-02 00:00:00+05:30,537.2,537.2,521.1,527.95,39590
2023-05-03 00:00:00+05:30,527.0,534.7,526.55,530.75,24678
2023-05-04 00:00:00+05:30,532.05,533.3,520.1,528.7,27706
2023-05-05 00:00:00+05:30,531.35,533.0,525.3,529.8,11027
2023-05-08 00:00:00+05:30,532.45,558.0,530.05,555.9,85546
2023-05-09 00:00:00+05:30,550.35,558.05,545.0,545.0,29726
2023-05-10 00:00:00+05:30,545.0,550.25,544.45,549.0,14827
2023-05-11 00:00:00+05:30,543.65,553.55,543.65,546.45,12246
2023-05-12 00:00:00+05:30,549.0,559.35,545.0,548.4,38987
2023-05-15 00:00:00+05:30,551.0,552.95,542.1,544.75,25955
2023-05-16 00:00:00+05:30,544.75,558.05,542.1,556.15,40062
2023-05-17 00:00:00+05:30,556.15,591.2,556.15,576.05,267743
2023-05-18 00:00:00+05:30,589.8,603.9,575.0,593.3,226644
2023-05-19 00:00:00+05:30,594.1,613.3,594.1,607.7,85740
2023-05-22 00:00:00+05:30,609.8,636.95,609.7,629.85,171771
2023-05-23 00:00:00+05:30,634.0,644.75,630.0,634.35,97224
2023-05-24 00:00:00+05:30,652.0,655.0,634.5,635.5,157604
2023-05-25 00:00:00+05:30,648.5,648.5,615.0,620.0,75707
2023-05-26 00:00:00+05:30,625.0,639.0,617.3,623.0,82629
2023-05-29 00:00:00+05:30,628.0,638.0,620.1,632.4,46691
2023-05-30 00:00:00+05:30,632.45,640.75,626.35,629.75,19546
2023-05-31 00:00:00+05:30,629.75,641.8,626.9,632.25,55645
2023-06-01 00:00:00+05:30,637.95,648.25,634.05,641.45,80013
2023-06-02 00:00:00+05:30,644.0,647.35,635.25,636.35,39932
2023-06-05 00:00:00+05:30,637.3,667.7,637.3,652.35,177724
2023-06-06 00:00:00+05:30,655.0,665.3,643.45,659.25,77664
2023-06-07 00:00:00+05:30,662.4,678.0,658.0,668.05,81623
2023-06-08 00:00:00+05:30,671.0,677.0,657.0,662.55,56375
2023-06-09 00:00:00+05:30,663.0,669.9,650.05,657.6,24001
2023-06-12 00:00:00+05:30,659.0,683.95,654.95,668.0,35747
2023-06-13 00:00:00+05:30,670.2,677.0,657.55,662.1,69065
2023-06-14 00:00:00+05:30,662.15,719.9,662.15,704.95,223424
2023-06-15 00:00:00+05:30,700.0,724.4,694.9,699.05,184193
2023-06-16 00:00:00+05:30,699.0,711.95,699.0,704.5,40856
2023-06-19 00:00:00+05:30,704.8,704.9,685.2,688.55,65232
2023-06-20 00:00:00+05:30,690.0,710.0,681.25,706.0,67956
2023-06-21 00:00:00+05:30,709.55,715.0,695.3,706.95,52784
2023-06-22 00:00:00+05:30,711.2,711.2,696.3,700.0,21295
2023-06-23 00:00:00+05:30,694.1,696.2,675.1,686.0,50307
2023-06-26 00:00:00+05:30,681.85,689.75,674.0,683.9,21173
2023-06-27 00:00:00+05:30,682.0,699.8,676.0,690.05,49482
2023-06-28 00:00:00+05:30,690.0,702.95,690.0,700.0,33640
2023-06-30 00:00:00+05:30,702.9,713.0,691.35,712.0,58131
2023-07-03 00:00:00+05:30,710.0,710.0,700.35,705.5,29750
2023-07-04 00:00:00+05:30,704.0,706.1,697.0,704.5,23415
2023-07-05 00:00:00+05:30,705.0,714.15,695.0,700.0,43701
2023-07-06 00:00:00+05:30,699.55,705.0,697.05,704.0,37365
2023-07-07 00:00:00+05:30,703.5,716.85,686.0,697.9,37622
2023-07-10 00:00:00+05:30,694.0,708.35,685.1,686.5,37628
2023-07-11 00:00:00+05:30,686.0,708.35,686.0,696.5,39292
2023-07-12 00:00:00+05:30,698.0,818.9,696.3,783.0,643807
2023-07-13 00:00:00+05:30,770.15,770.15,712.0,719.0,289826
2023-07-14 00:00:00+05:30,719.95,744.7,699.0,740.0,149099
2023-07-17 00:00:00+05:30,730.0,737.95,714.75,725.0,72900
2023-07-18 00:00:00+05:30,724.4,734.9,715.1,721.85,44240
2023-07-19 00:00:00+05:30,721.9,735.0,716.0,723.5,53841
2023-07-20 00:00:00+05:30,723.0,775.0,723.0,743.0,576980
2023-07-21 00:00:00+05:30,746.0,749.0,725.0,730.25,50712
2023-07-24 00:00:00+05:30,735.1,752.0,727.8,749.0,53618
2023-07-25 00:00:00+05:30,751.55,752.65,720.8,734.5,53026
2023-07-26 00:00:00+05:30,735.75,748.95,730.75,736.0,47059
2023-07-27 00:00:00+05:30,742.1,745.85,728.7,732.6,25563
2023-07-28 00:00:00+05:30,735.1,757.0,733.85,736.0,49701
2023-07-31 00:00:00+05:30,748.0,750.0,734.95,745.0,42179
2023-08-01 00:00:00+05:30,750.0,764.0,741.1,751.05,85702
2023-08-02 00:00:00+05:30,749.0,758.05,726.0,735.6,65653
2023-08-03 00:00:00+05:30,731.1,748.8,725.75,732.0,57058
2023-08-04 00:00:00+05:30,740.8,760.0,736.0,758.0,63359
2023-08-07 00:00:00+05:30,761.7,770.0,750.4,764.0,44415
2023-08-08 00:00:00+05:30,759.45,763.25,750.05,759.0,31695
2023-08-09 00:00:00+05:30,761.15,763.0,754.0,757.35,21520
2023-08-10 00:00:00+05:30,759.6,759.6,735.25,745.2,50260
2023-08-11 00:00:00+05:30,720.0,729.35,641.5,672.3,585963
2023-08-14 00:00:00+05:30,676.6,691.0,651.0,673.0,127302
2023-08-16 00:00:00+05:30,670.0,685.45,650.1,669.4,74428
2023-08-17 00:00:00+05:30,680.15,694.35,663.15,668.9,56601
2023-08-18 00:00:00+05:30,670.5,689.9,668.3,685.1,48131
2023-08-21 00:00:00+05:30,690.0,692.6,670.25,672.0,168520
2023-08-22 00:00:00+05:30,674.9,692.85,673.3,686.5,59809
2023-08-23 00:00:00+05:30,700.0,700.0,684.0,690.0,44394
2023-08-24 00:00:00+05:30,690.9,694.0,685.1,693.9,32073
2023-08-25 00:00:00+05:30,690.0,703.1,683.05,696.0,121726
2023-08-28 00:00:00+05:30,698.45,719.9,693.5,695.1,88992
2023-08-29 00:00:00+05:30,703.0,707.35,691.05,704.95,59653
2023-08-30 00:00:00+05:30,707.95,713.45,697.6,710.0,77071
2023-08-31 00:00:00+05:30,711.95,720.6,709.05,719.5,48857
2023-09-01 00:00:00+05:30,720.0,727.55,715.1,719.9,42124
2023-09-04 00:00:00+05:30,722.75,734.9,715.0,729.85,60608
2023-09-05 00:00:00+05:30,729.85,744.0,722.0,734.0,75527
2023-09-06 00:00:00+05:30,740.85,746.75,732.05,740.7,262243
2023-09-07 00:00:00+05:30,744.0,748.8,720.0,734.0,43004
2023-09-08 00:00:00+05:30,739.45,760.0,730.05,750.05,79850
2023-09-11 00:00:00+05:30,755.0,761.3,744.6,755.35,60641
2023-09-12 00:00:00+05:30,745.35,759.45,715.1,724.45,95482
2023-09-13 00:00:00+05:30,724.45,741.1,712.3,715.25,44357
2023-09-14 00:00:00+05:30,718.85,718.85,703.3,708.0,59109
2023-09-15 00:00:00+05:30,711.55,713.9,685.5,689.0,63213
2023-09-18 00:00:00+05:30,694.8,699.0,684.35,696.9,54108
2023-09-20 00:00:00+05:30,691.0,699.65,685.0,693.0,21108
2023-09-21 00:00:00+05:30,693.0,700.0,682.3,693.0,23140
2023-09-22 00:00:00+05:30,692.9,697.8,686.0,697.2,14396
2023-09-25 00:00:00+05:30,702.4,702.45,682.05,692.7,26137
2023-09-26 00:00:00+05:30,690.4,706.3,688.25,700.25,9936
2023-09-27 00:00:00+05:30,697.25,699.45,682.25,689.75,34080
2023-09-28 00:00:00+05:30,693.2,696.45,686.65,691.5,13384
2023-09-29 00:00:00+05:30,693.9,710.0,685.0,694.8,32839
2023-10-03 00:00:00+05:30,696.3,700.0,688.05,700.0,10900
2023-10-04 00:00:00+05:30,692.85,698.9,688.1,691.1,9050
2023-10-05 00:00:00+05:30,694.6,719.9,683.75,700.1,20827
2023-10-06 00:00:00+05:30,708.9,710.0,692.25,698.0,29931
2023-10-09 00:00:00+05:30,686.3,727.0,670.55,719.7,70769
2023-10-10 00:00:00+05:30,714.0,717.35,694.15,696.75,57685
2023-10-11 00:00:00+05:30,700.25,706.35,695.55,697.65,14523
2023-10-12 00:00:00+05:30,697.65,718.85,694.25,718.0,33649
2023-10-13 00:00:00+05:30,715.0,720.0,706.0,706.6,14074
2023-10-16 00:00:00+05:30,707.65,710.45,691.0,694.75,17419
2023-10-17 00:00:00+05:30,694.0,700.5,692.95,695.0,30088
2023-10-18 00:00:00+05:30,697.0,702.05,686.05,691.95,27092
2023-10-19 00:00:00+05:30,691.35,695.0,680.0,687.9,15320
2023-10-20 00:00:00+05:30,684.0,689.8,680.6,680.6,17358
2023-10-23 00:00:00+05:30,718.8,730.3,685.05,688.05,72203
2023-10-25 00:00:00+05:30,693.05,698.0,670.25,674.2,38557
2023-10-26 00:00:00+05:30,679.95,690.85,649.3,658.8,241465
2023-10-27 00:00:00+05:30,669.4,672.6,663.05,668.4,52312
2023-10-30 00:00:00+05:30,671.75,671.75,661.0,663.9,23266
2023-10-31 00:00:00+05:30,667.25,670.55,660.1,664.55,27458
2023-11-01 00:00:00+05:30,666.1,669.85,658.5,659.85,32562
2023-11-02 00:00:00+05:30,663.15,666.15,656.0,658.85,29290
2023-11-03 00:00:00+05:30,661.0,667.7,658.5,659.95,43536
2023-11-06 00:00:00+05:30,658.5,666.2,657.3,658.9,30906
2023-11-07 00:00:00+05:30,661.7,663.25,655.3,657.95,28877
2023-11-08 00:00:00+05:30,661.25,678.95,653.0,668.05,66807
2023-11-09 00:00:00+05:30,700.0,726.0,680.0,683.8,200414
2023-11-10 00:00:00+05:30,683.8,689.65,675.7,679.25,47274
2023-11-12 00:00:00+05:30,688.95,688.95,675.0,679.5,12762
2023-11-13 00:00:00+05:30,679.9,686.1,678.1,685.95,21899
2023-11-15 00:00:00+05:30,684.05,690.8,674.05,675.15,40225
2023-11-16 00:00:00+05:30,679.95,679.95,673.5,674.6,34184
2023-11-17 00:00:00+05:30,674.6,681.8,672.8,674.7,30633
2023-11-20 00:00:00+05:30,675.95,678.1,663.0,666.6,52347
2023-11-21 00:00:00+05:30,669.95,672.8,658.8,661.6,78835
2023-11-22 00:00:00+05:30,667.2,668.85,656.1,657.0,42664
2023-11-23 00:00:00+05:30,663.55,680.85,656.9,659.95,86644
2023-11-24 00:00:00+05:30,664.95,664.95,656.0,657.8,51658
2023-11-28 00:00:00+05:30,674.3,674.3,657.0,665.0,84280
2023-11-29 00:00:00+05:30,670.65,673.4,661.1,670.55,58943
2023-11-30 00:00:00+05:30,673.3,678.9,666.5,676.25,121181
2023-12-01 00:00:00+05:30,681.95,698.4,675.6,686.95,109227
2023-12-04 00:00:00+05:30,698.0,704.8,691.3,699.85,92680
2023-12-05 00:00:00+05:30,707.0,707.0,694.0,695.85,61456
2023-12-06 00:00:00+05:30,703.0,725.4,701.95,722.35,201704
2023-12-07 00:00:00+05:30,726.45,732.0,713.0,730.0,91246
2023-12-08 00:00:00+05:30,735.0,749.75,730.1,740.65,83476
2023-12-11 00:00:00+05:30,745.0,751.35,736.55,750.1,86930
2023-12-12 00:00:00+05:30,753.95,753.95,743.0,746.65,84992
2023-12-13 00:00:00+05:30,750.35,758.4,742.05,754.1,104399
2023-12-14 00:00:00+05:30,758.8,766.55,747.1,761.4,132455
2023-12-15 00:00:00+05:30,740.0,744.65,715.6,737.7,125353
2023-12-18 00:00:00+05:30,745.0,745.0,717.55,724.35,61680
2023-12-19 00:00:00+05:30,728.0,739.2,719.45,736.4,31947
2023-12-20 00:00:00+05:30,739.8,739.8,692.0,697.75,72323
2023-12-21 00:00:00+05:30,692.05,719.8,686.05,708.9,31792
2023-12-22 00:00:00+05:30,716.1,732.0,708.9,724.5,22267
2023-12-26 00:00:00+05:30,730.3,734.85,711.1,716.95,44309
2023-12-27 00:00:00+05:30,717.0,725.6,716.6,718.8,31885
2023-12-28 00:00:00+05:30,722.0,723.95,711.0,713.1,23432
2023-12-29 00:00:00+05:30,715.0,730.45,713.0,718.15,23880
2024-01-01 00:00:00+05:30,720.0,739.0,713.65,724.7,31394
2024-01-02 00:00:00+05:30,734.8,734.8,714.0,723.6,20896
2024-01-03 00:00:00+05:30,725.1,734.8,714.15,728.45,54899
2024-01-04 00:00:00+05:30,718.3,727.3,706.95,715.7,59831
2024-01-05 00:00:00+05:30,702.0,706.0,693.5,698.65,84373
2024-01-08 00:00:00+05:30,704.9,707.25,694.0,696.9,35973
2024-01-09 00:00:00+05:30,697.95,704.0,690.3,704.0,53001
2024-01-10 00:00:00+05:30,704.0,704.0,692.0,694.95,28359
2024-01-11 00:00:00+05:30,694.95,700.4,693.0,696.4,16592
2024-01-12 00:00:00+05:30,699.9,699.9,690.0,690.9,24280
2024-01-15 00:00:00+05:30,693.05,698.65,690.25,695.65,20881
2024-01-16 00:00:00+05:30,694.45,709.95,692.05,703.35,58276
2024-01-17 00:00:00+05:30,694.4,700.1,690.05,692.0,16537
2024-01-18 00:00:00+05:30,691.4,699.7,679.0,698.05,29024
2024-01-19 00:00:00+05:30,695.45,709.9,688.45,700.9,51706
2024-01-20 00:00:00+05:30,708.0,709.75,688.55,693.95,11748
2024-01-23 00:00:00+05:30,694.1,701.0,673.0,691.3,31329
2024-01-24 00:00:00+05:30,690.05,697.45,670.0,676.5,36090
2024-01-25 00:00:00+05:30,676.5,683.45,667.0,667.6,11518
2024-01-29 00:00:00+05:30,673.0,678.0,661.6,675.95,20209
2024-01-30 00:00:00+05:30,675.95,687.1,671.55,685.0,42908
2024-01-31 00:00:00+05:30,683.05,715.0,679.55,708.0,155011
2024-02-01 00:00:00+05:30,712.0,755.0,696.6,748.4,233024
2024-02-02 00:00:00+05:30,748.35,748.35,714.7,736.8,185443
2024-02-05 00:00:00+05:30,744.0,748.0,724.6,726.75,58531
2024-02-06 00:00:00+05:30,730.4,740.0,716.05,734.95,34959
2024-02-07 00:00:00+05:30,734.95,734.95,712.7,716.0,124586
2024-02-08 00:00:00+05:30,715.35,717.0,691.1,693.75,152658
2024-02-09 00:00:00+05:30,701.05,705.95,682.05,695.2,52009
2024-02-12 00:00:00+05:30,694.8,694.8,678.75,679.9,25865
2024-02-13 00:00:00+05:30,680.0,695.0,668.55,686.8,20714
2024-02-14 00:00:00+05:30,683.65,686.95,672.05,676.95,22315
2024-02-15 00:00:00+05:30,680.0,686.45,664.55,681.15,65474
2024-02-16 00:00:00+05:30,679.6,685.9,673.1,683.9,28833
2024-02-19 00:00:00+05:30,680.0,687.25,668.75,672.25,79322
2024-02-20 00:00:00+05:30,675.7,678.5,668.2,670.1,15460
2024-02-21 00:00:00+05:30,673.45,673.8,666.5,667.6,16740
2024-02-22 00:00:00+05:30,672.15,709.7,656.4,687.55,116087
2024-02-23 00:00:00+05:30,691.0,699.0,677.1,678.7,20325
2024-02-26 00:00:00+05:30,678.0,682.05,670.15,672.9,12004
2024-02-27 00:00:00+05:30,673.65,674.8,662.65,665.35,12592
2024-02-28 00:00:00+05:30,665.35,668.55,650.0,657.4,27368
2024-02-29 00:00:00+05:30,658.85,658.85,649.05,655.1,14628
2024-03-01 00:00:00+05:30,657.05,663.45,651.35,653.9,13514
2024-03-02 00:00:00+05:30,661.5,668.0,654.4,663.2,1237
2024-03-04 00:00:00+05:30,663.0,663.0,631.3,637.35,28870
2024-03-05 00:00:00+05:30,639.7,641.7,611.6,616.75,40057
2024-03-06 00:00:00+05:30,621.15,650.0,604.3,638.45,41066
2024-03-07 00:00:00+05:30,636.05,636.9,620.05,622.55,22451
2024-03-11 00:00:00+05:30,625.0,625.0,608.85,619.75,25394
2024-03-12 00:00:00+05:30,622.3,622.3,600.0,601.25,28928
2024-03-13 00:00:00+05:30,605.0,606.25,561.2,570.8,36478
2024-03-14 00:00:00+05:30,570.5,599.55,562.8,590.2,18526
2024-03-15 00:00:00+05:30,590.0,595.6,572.0,581.8,42801
2024-03-18 00:00:00+05:30,577.8,622.8,573.2,611.35,25025
2024-03-19 00:00:00+05:30,610.1,688.4,608.3,662.1,262224
2024-03-20 00:00:00+05:30,652.35,663.95,631.0,634.5,108415
2024-03-21 00:00:00+05:30,615.05,640.4,615.05,630.75,39904
2024-03-22 00:00:00+05:30,630.75,644.9,625.4,628.2,21933
2024-03-26 00:00:00+05:30,628.0,628.55,607.0,610.3,51687
2024-03-27 00:00:00+05:30,602.2,609.95,573.05,578.65,103412
2024-03-28 00:00:00+05:30,579.0,596.65,575.0,577.35,55136
2024-04-01 00:00:00+05:30,584.0,602.0,583.0,594.4,61129
2024-04-02 00:00:00+05:30,603.3,617.8,594.55,602.55,70996
2024-04-03 00:00:00+05:30,602.55,622.3,598.45,613.35,51911
2024-04-04 00:00:00+05:30,622.0,627.0,609.3,615.2,29019
2024-04-05 00:00:00+05:30,615.0,628.0,608.0,623.65,31359
2024-04-08 00:00:00+05:30,631.45,631.45,614.0,618.9,13084
2024-04-09 00:00:00+05:30,621.65,628.0,608.5,612.65,22966
2024-04-10 00:00:00+05:30,615.9,628.0,609.05,615.75,26026
2024-04-12 00:00:00+05:30,610.0,618.0,607.7,612.3,22025
2024-04-15 00:00:00+05:30,604.3,616.25,592.35,603.7,26721
2024-04-16 00:00:00+05:30,601.0,615.75,594.15,597.95,23115
2024-04-18 00:00:00+05:30,601.5,611.9,600.9,606.95,13779
2024-04-19 00:00:00+05:30,603.0,615.75,586.6,602.05,19331
2024-04-22 00:00:00+05:30,602.05,617.0,601.0,612.35,23362
2024-04-23 00:00:00+05:30,612.45,631.0,612.45,627.45,34286
2024-04-24 00:00:00+05:30,630.55,644.35,627.55,636.45,18771
2024-04-25 00:00:00+05:30,636.0,651.0,626.0,646.45,23247
2024-04-26 00:00:00+05:30,649.9,653.4,634.0,641.9,27387
2024-04-29 00:00:00+05:30,648.0,648.0,628.55,637.5,36554
2024-04-30 00:00:00+05:30,637.75,640.6,628.3,630.9,44075
2024-05-02 00:00:00+05:30,630.9,643.3,626.1,629.9,23687
2024-05-03 00:00:00+05:30,630.1,639.85,621.95,635.9,17887
2024-05-06 00:00:00+05:30,639.9,646.95,632.6,635.05,14397
2024-05-07 00:00:00+05:30,635.05,637.45,620.5,624.55,8314
2024-05-08 00:00:00+05:30,624.55,635.0,619.95,621.8,12466
2024-05-09 00:00:00+05:30,622.0,635.0,622.0,629.7,18077
2024-05-10 00:00:00+05:30,629.75,637.4,625.0,626.15,11982
2024-05-13 00:00:00+05:30,630.0,630.0,615.0,621.15,11744
2024-05-14 00:00:00+05:30,622.55,628.95,615.1,618.9,19065
2024-05-15 00:00:00+05:30,625.0,634.95,619.0,621.1,10685
2024-05-16 00:00:00+05:30,725.05,745.3,692.0,719.75,1800548
2024-05-17 00:00:00+05:30,723.5,807.85,719.75,771.0,1322017
2024-05-18 00:00:00+05:30,781.95,789.2,765.1,772.9,31439
2024-05-21 00:00:00+05:30,768.6,768.6,712.95,718.7,199479
2024-05-22 00:00:00+05:30,719.95,744.75,714.1,728.6,94334
2024-05-23 00:00:00+05:30,730.3,732.45,714.0,716.5,56631
2024-05-24 00:00:00+05:30,720.05,734.25,711.25,719.35,49216
2024-05-27 00:00:00+05:30,719.35,724.45,707.9,710.45,28635
2024-05-28 00:00:00+05:30,717.5,744.4,710.0,731.65,99136
2024-05-29 00:00:00+05:30,724.35,739.4,715.15,718.85,64376
2024-05-30 00:00:00+05:30,723.7,727.0,710.0,717.45,77927
2024-05-31 00:00:00+05:30,717.35,728.4,693.55,714.9,65074
2024-06-03 00:00:00+05:30,729.0,741.95,720.0,722.0,37315
2024-06-04 00:00:00+05:30,721.0,727.4,657.0,678.7,72116
2024-06-05 00:00:00+05:30,681.75,721.15,681.7,716.45,42998
2024-06-06 00:00:00+05:30,736.95,739.95,717.1,722.35,30774
2024-06-07 00:00:00+05:30,723.15,733.65,720.0,725.55,35890
2024-06-10 00:00:00+05:30,735.0,762.0,725.9,730.3,92421
2024-06-11 00:00:00+05:30,732.25,734.0,713.25,726.85,62133
2024-06-12 00:00:00+05:30,734.0,735.0,719.05,722.6,85511
2024-06-13 00:00:00+05:30,725.8,752.45,725.0,730.5,93252
2024-06-14 00:00:00+05:30,740.25,745.9,724.05,728.85,100109
2024-06-18 00:00:00+05:30,736.8,748.55,727.05,741.9,77685
2024-06-19 00:00:00+05:30,742.15,747.9,726.1,734.4,68117
2024-06-20 00:00:00+05:30,741.75,757.4,731.05,732.9,63550
2024-06-21 00:00:00+05:30,740.0,748.8,733.85,742.7,73761
2024-06-24 00:00:00+05:30,745.75,797.0,742.7,779.5,340651
2024-06-25 00:00:00+05:30,783.85,803.0,754.1,758.45,178398
2024-06-26 00:00:00+05:30,764.9,836.9,760.0,814.95,478713
2024-06-27 00:00:00+05:30,839.0,872.6,800.05,803.75,344209
2024-06-28 00:00:00+05:30,807.0,844.0,804.5,832.4,175673
2024-07-01 00:00:00+05:30,836.9,842.45,821.45,828.85,90518
2024-07-02 00:00:00+05:30,828.85,831.8,812.0,821.5,50171
2024-07-03 00:00:00+05:30,826.9,836.8,822.0,830.0,91275
2024-07-04 00:00:00+05:30,830.0,831.75,811.65,816.75,45874
2024-07-05 00:00:00+05:30,818.0,822.8,803.5,806.25,46060
2024-07-08 00:00:00+05:30,810.6,830.0,792.75,824.6,68768
2024-07-09 00:00:00+05:30,828.75,831.8,777.95,788.55,104553
2024-07-10 00:00:00+05:30,793.8,822.0,761.0,792.75,75062
2024-07-11 00:00:00+05:30,793.0,821.0,789.4,794.45,76656
2024-07-12 00:00:00+05:30,793.1,799.55,771.05,776.4,50056
2024-07-15 00:00:00+05:30,780.3,799.0,766.2,780.2,89307
2024-07-16 00:00:00+05:30,791.0,791.0,773.35,776.15,21787
2024-07-18 00:00:00+05:30,776.15,785.0,765.05,774.0,25699
2024-07-19 00:00:00+05:30,772.75,774.55,736.2,740.9,48964
2024-07-22 00:00:00+05:30,740.9,768.8,727.0,738.9,93152
2024-07-23 00:00:00+05:30,744.6,748.85,716.0,739.0,38120
2024-07-24 00:00:00+05:30,739.0,778.3,738.45,764.3,46052
2024-07-25 00:00:00+05:30,764.3,766.3,754.05,763.6,15454
2024-07-26 00:00:00+05:30,775.0,775.0,752.35,760.3,102151
2024-07-29 00:00:00+05:30,755.85,781.0,755.85,767.25,62732
2024-07-30 00:00:00+05:30,768.0,786.45,765.95,772.5,50274
2024-07-31 00:00:00+05:30,776.35,794.15,771.15,775.65,71058
2024-08-01 00:00:00+05:30,779.55,788.0,765.0,773.7,43238
2024-08-02 00:00:00+05:30,750.0,752.8,728.3,748.2,109622
2024-08-05 00:00:00+05:30,719.0,727.9,693.8,711.1,90135
2024-08-06 00:00:00+05:30,711.6,720.45,688.0,689.95,43805
2024-08-07 00:00:00+05:30,699.0,715.0,694.35,707.3,77383
2024-08-08 00:00:00+05:30,708.0,725.0,707.1,713.1,21298
2024-08-09 00:00:00+05:30,716.7,746.05,715.15,730.4,56264
2024-08-12 00:00:00+05:30,735.8,744.65,712.0,715.25,32918
2024-08-13 00:00:00+05:30,712.5,719.0,702.0,704.65,21899
2024-08-14 00:00:00+05:30,715.2,715.2,700.0,703.25,17923
2024-08-16 00:00:00+05:30,710.5,730.0,705.0,712.45,21136
2024-08-19 00:00:00+05:30,714.0,740.35,714.0,734.9,23053
2024-08-20 00:00:00+05:30,740.05,753.0,724.0,731.15,30154
2024-08-21 00:00:00+05:30,738.45,745.0,725.0,731.1,21693
2024-08-22 00:00:00+05:30,731.0,753.0,728.85,745.75,31046
2024-08-23 00:00:00+05:30,745.75,745.75,730.1,734.25,144573
2024-08-26 00:00:00+05:30,735.05,741.25,731.5,735.3,44178
2024-08-27 00:00:00+05:30,739.0,743.15,727.05,740.05,61603
2024-08-28 00:00:00+05:30,741.9,747.0,727.0,729.6,15976
2024-08-29 00:00:00+05:30,733.25,733.25,713.35,717.45,15328
2024-08-30 00:00:00+05:30,721.05,734.8,715.05,720.05,18078
2024-09-02 00:00:00+05:30,723.7,723.8,707.0,712.65,32101
2024-09-03 00:00:00+05:30,713.35,726.9,702.95,710.05,21650
2024-09-04 00:00:00+05:30,711.0,723.4,705.55,716.3,21168
2024-09-05 00:00:00+05:30,719.9,730.95,713.1,727.95,22055
2024-09-06 00:00:00+05:30,731.6,731.6,705.0,709.35,20348
2024-09-09 00:00:00+05:30,711.95,718.65,697.2,711.85,26824
2024-09-10 00:00:00+05:30,715.45,725.0,710.15,714.5,16490
2024-09-11 00:00:00+05:30,715.0,724.95,710.0,714.15,18656
2024-09-12 00:00:00+05:30,717.75,718.75,708.15,712.35,15247
2024-09-13 00:00:00+05:30,716.1,729.8,712.35,725.8,52380
2024-09-16 00:00:00+05:30,729.45,730.0,721.0,724.6,23135
2024-09-17 00:00:00+05:30,728.0,728.0,710.25,717.3,16533
2024-09-18 00:00:00+05:30,720.0,722.45,711.9,716.0,20154
2024-09-19 00:00:00+05:30,724.0,724.45,713.45,722.8,34998
2024-09-20 00:00:00+05:30,729.8,730.85,716.05,727.8,18023
2024-09-23 00:00:00+05:30,727.8,729.45,676.95,700.15,47879
2024-09-24 00:00:00+05:30,689.2,725.0,683.3,713.6,84987
2024-09-25 00:00:00+05:30,717.2,724.0,710.1,720.5,16784
2024-09-26 00:00:00+05:30,724.15,724.15,701.0,704.85,12647
2024-09-27 00:00:00+05:30,704.0,711.05,695.55,701.1,11630
2024-09-30 00:00:00+05:30,703.0,736.15,691.3,730.0,64007
2024-10-01 00:00:00+05:30,732.2,739.0,724.5,735.6,28583
2024-10-03 00:00:00+05:30,738.0,739.3,717.25,724.6,26131
2024-10-04 00:00:00+05:30,724.0,735.0,705.0,729.1,39171
2024-10-07 00:00:00+05:30,739.9,739.9,693.55,703.25,25551
2024-10-08 00:00:00+05:30,706.8,719.0,700.3,715.85,9406
2024-10-09 00:00:00+05:30,709.0,718.45,703.6,710.9,25616
2024-10-10 00:00:00+05:30,714.6,726.0,709.55,716.85,9707
2024-10-11 00:00:00+05:30,720.45,724.8,702.1,720.25,20663
2024-10-14 00:00:00+05:30,723.9,723.9,705.05,708.6,13065
2024-10-15 00:00:00+05:30,712.15,712.15,700.0,703.3,16148
2024-10-16 00:00:00+05:30,703.3,706.85,695.0,700.85,8964
2024-10-17 00:00:00+05:30,700.0,717.0,695.05,703.55,21053
2024-10-18 00:00:00+05:30,706.9,707.0,691.5,701.9,12081
2024-10-21 00:00:00+05:30,696.2,705.4,684.75,693.65,20886
2024-10-22 00:00:00+05:30,698.7,698.7,680.0,681.65,13290
2024-10-23 00:00:00+05:30,685.1,685.1,661.1,680.55,34284
2024-10-24 00:00:00+05:30,684.0,688.2,675.15,685.65,7223
2024-10-25 00:00:00+05:30,689.1,689.1,641.1,660.35,42000
2024-10-28 00:00:00+05:30,660.35,685.0,645.15,673.85,17206
2024-10-29 00:00:00+05:30,684.0,684.0,648.7,653.25,28823
2024-10-30 00:00:00+05:30,649.95,659.4,646.0,652.65,27607
2024-10-31 00:00:00+05:30,654.0,654.0,637.05,648.15,44279
2024-11-01 00:00:00+05:30,650.95,661.7,630.8,651.6,15226
2024-11-04 00:00:00+05:30,660.0,660.0,629.55,650.95,97287
2024-11-05 00:00:00+05:30,654.25,675.05,647.9,670.4,22588
2024-11-06 00:00:00+05:30,674.0,675.0,662.85,671.35,13566
2024-11-07 00:00:00+05:30,678.7,683.05,668.0,677.1,17489
2024-11-08 00:00:00+05:30,680.5,687.0,655.7,683.4,34669
2024-11-11 00:00:00+05:30,683.4,708.4,663.05,689.4,45659
2024-11-12 00:00:00+05:30,692.1,692.1,668.3,679.15,26880
2024-11-13 00:00:00+05:30,676.0,676.0,634.2,654.5,21086
2024-11-14 00:00:00+05:30,654.5,664.95,641.2,644.3,7294
2024-11-18 00:00:00+05:30,649.0,663.85,636.75,645.05,21884
2024-11-19 00:00:00+05:30,645.05,654.15,640.35,643.35,9075
2024-11-21 00:00:00+05:30,641.0,642.35,622.05,623.95,9972
2024-11-22 00:00:00+05:30,633.0,644.0,621.75,641.25,24996
2024-11-25 00:00:00+05:30,641.25,666.35,641.25,657.1,9738
2024-11-26 00:00:00+05:30,666.2,666.2,658.0,660.6,7359
2024-11-27 00:00:00+05:30,692.0,692.0,662.4,687.1,87607
2024-11-28 00:00:00+05:30,692.0,702.0,680.0,698.6,30780
2024-11-29 00:00:00+05:30,702.0,702.0,690.05,695.65,11527
2024-12-02 00:00:00+05:30,702.0,702.0,685.85,692.2,18148
2024-12-03 00:00:00+05:30,699.1,699.1,678.55,693.4,11753
2024-12-04 00:00:00+05:30,699.4,737.0,690.1,721.5,60360
2024-12-05 00:00:00+05:30,721.5,721.5,705.0,710.75,17432
2024-12-06 00:00:00+05:30,717.85,717.85,662.65,702.75,59120
2024-12-09 00:00:00+05:30,710.0,714.15,690.0,697.85,25395
2024-12-10 00:00:00+05:30,694.0,703.3,694.0,698.0,12942
2024-12-11 00:00:00+05:30,701.5,707.95,683.4,699.25,11649
2024-12-12 00:00:00+05:30,703.0,705.0,694.45,701.9,22414
2024-12-13 00:00:00+05:30,706.0,706.0,688.9,692.75,9745
2024-12-16 00:00:00+05:30,703.1,703.1,679.95,683.7,7201
2024-12-17 00:00:00+05:30,683.7,686.35,667.0,668.2,20336
2024-12-18 00:00:00+05:30,677.0,677.0,649.0,652.4,13756
2024-12-19 00:00:00+05:30,655.0,674.8,641.55,668.95,14648
2024-12-20 00:00:00+05:30,670.9,682.95,651.0,661.3,19861
2024-12-23 00:00:00+05:30,670.4,670.4,647.05,649.75,7028
2024-12-24 00:00:00+05:30,652.0,664.9,646.5,652.6,8388
2024-12-26 00:00:00+05:30,649.0,669.95,635.2,643.75,9026
2024-12-27 00:00:00+05:30,649.65,649.7,640.55,644.1,5468
2024-12-30 00:00:00+05:30,640.0,649.2,635.0,645.2,11937
2024-12-31 00:00:00+05:30,635.0,661.45,635.0,639.0,11568
2025-01-01 00:00:00+05:30,647.9,666.0,634.05,655.55,7293
2025-01-02 00:00:00+05:30,661.55,661.55,646.05,649.6,7636
2025-01-03 00:00:00+05:30,662.9,662.9,639.0,643.15,11035
2025-01-06 00:00:00+05:30,652.05,652.05,631.15,635.3,14429
2025-01-07 00:00:00+05:30,637.0,637.0,607.5,631.3,8595
2025-01-08 00:00:00+05:30,640.0,640.0,620.1,624.55,7417
2025-01-09 00:00:00+05:30,622.0,624.8,611.65,619.8,11897
2025-01-10 00:00:00+05:30,623.3,623.45,603.0,606.5,10019
2025-01-13 00:00:00+05:30,603.0,603.0,564.95,570.9,39295
2025-01-14 00:00:00+05:30,578.9,617.05,577.85,588.2,12084
2025-01-15 00:00:00+05:30,588.2,599.35,576.55,592.65,10302
2025-01-16 00:00:00+05:30,602.0,602.0,580.0,585.7,13062
2025-01-17 00:00:00+05:30,580.2,590.4,575.0,582.6,7308
2025-01-20 00:00:00+05:30,583.1,591.95,575.6,579.6,11874
2025-01-21 00:00:00+05:30,585.0,589.3,562.05,570.05,19003
2025-01-22 00:00:00+05:30,570.05,572.3,535.25,543.55,31331
2025-01-23 00:00:00+05:30,541.0,549.85,530.7,536.7,35015
2025-01-24 00:00:00+05:30,536.7,547.7,523.0,526.85,34419
2025-01-27 00:00:00+05:30,524.6,524.6,490.0,498.6,36472
2025-01-28 00:00:00+05:30,506.1,508.8,472.0,483.75,38883
2025-01-29 00:00:00+05:30,481.95,527.95,481.95,511.1,32837
2025-01-30 00:00:00+05:30,504.55,524.6,496.0,499.2,35048
2025-01-31 00:00:00+05:30,499.2,516.0,499.0,510.0,17034
2025-02-01 00:00:00+05:30,513.3,520.0,505.0,506.7,10010
2025-02-03 00:00:00+05:30,513.8,537.45,503.65,521.25,21208
2025-02-04 00:00:00+05:30,519.8,534.25,515.1,519.5,11274
2025-02-05 00:00:00+05:30,523.9,523.9,513.0,514.95,20595
2025-02-06 00:00:00+05:30,514.95,515.15,500.3,505.35,20226
2025-02-07 00:00:00+05:30,500.0,520.5,484.05,501.85,35316
2025-02-10 00:00:00+05:30,494.5,514.95,494.5,501.85,30401
2025-02-11 00:00:00+05:30,505.0,505.0,465.0,478.35,40836
2025-02-12 00:00:00+05:30,478.35,480.75,460.2,467.4,13970
2025-02-13 00:00:00+05:30,470.45,478.0,466.35,472.0,12529
2025-02-14 00:00:00+05:30,471.0,476.05,460.0,462.75,12057
2025-02-17 00:00:00+05:30,455.8,471.2,450.0,464.9,17656
2025-02-18 00:00:00+05:30,460.3,465.55,455.0,458.2,16531
2025-02-19 00:00:00+05:30,458.0,459.75,430.0,435.2,84529
2025-02-20 00:00:00+05:30,435.15,450.95,428.8,443.25,40314
2025-02-21 00:00:00+05:30,436.6,448.35,436.0,438.2,67381
2025-02-24 00:00:00+05:30,436.0,436.0,421.0,427.75,43947
2025-02-25 00:00:00+05:30,430.55,440.0,427.05,438.5,17652
2025-02-27 00:00:00+05:30,434.5,460.95,428.4,439.15,42556
2025-02-28 00:00:00+05:30,432.7,450.0,428.0,443.55,32352
2025-03-03 00:00:00+05:30,441.75,441.75,423.0,424.65,36211
2025-03-04 00:00:00+05:30,424.65,440.0,418.6,437.45,30398
2025-03-05 00:00:00+05:30,435.0,448.0,426.0,439.25,46180
2025-03-06 00:00:00+05:30,441.45,454.0,436.9,450.15,46105
2025-03-07 00:00:00+05:30,452.95,462.65,443.5,447.9,44472
2025-03-10 00:00:00+05:30,447.9,451.0,432.3,434.3,21369
2025-03-11 00:00:00+05:30,436.5,437.15,417.3,421.1,49783
2025-03-12 00:00:00+05:30,423.5,423.5,410.0,414.5,22383
2025-03-13 00:00:00+05:30,414.5,417.0,407.0,409.5,37735
2025-03-17 00:00:00+05:30,406.8,413.7,401.7,407.0,36729
2025-03-18 00:00:00+05:30,405.3,421.9,405.3,418.95,54813
2025-03-19 00:00:00+05:30,418.0,432.3,418.0,422.85,37562
2025-03-20 00:00:00+05:30,428.0,436.8,423.0,425.35,33753
2025-03-21 00:00:00+05:30,428.0,443.8,426.5,439.15,105896
2025-03-24 00:00:00+05:30,441.0,448.0,430.35,432.7,42102
2025-03-25 00:00:00+05:30,436.0,441.95,432.0,433.65,69625
2025-03-26 00:00:00+05:30,430.1,435.3,416.5,420.75,71822
2025-03-27 00:00:00+05:30,422.0,425.0,415.0,417.05,68028
2025-03-28 00:00:00+05:30,423.0,426.5,411.1,419.6,38881
2025-04-01 00:00:00+05:30,419.55,431.45,415.0,425.2,24637
2025-04-02 00:00:00+05:30,426.0,433.9,415.55,428.55,32342
2025-04-03 00:00:00+05:30,425.95,442.0,422.6,434.45,27959
2025-04-04 00:00:00+05:30,437.3,437.3,422.0,425.7,22083
2025-04-07 00:00:00+05:30,408.0,415.0,395.25,411.7,35951
2025-04-08 00:00:00+05:30,415.1,430.0,406.2,412.15,38010
2025-04-09 00:00:00+05:30,414.85,416.05,404.95,407.55,18852
2025-04-11 00:00:00+05:30,425.0,428.05,410.15,421.4,38701
2025-04-15 00:00:00+05:30,430.0,444.05,420.05,437.9,35120
2025-04-16 00:00:00+05:30,439.0,444.05,420.0,438.8,24571
2025-04-17 00:00:00+05:30,438.8,449.45,434.0,440.3,37556
2025-04-21 00:00:00+05:30,445.65,449.0,432.2,441.45,72622
2025-04-22 00:00:00+05:30,441.45,446.5,430.2,443.15,108873
2025-04-23 00:00:00+05:30,447.9,453.0,438.0,445.4,36601
2025-04-24 00:00:00+05:30,442.7,446.05,438.3,443.7,57272
2025-04-25 00:00:00+05:30,444.0,444.0,419.7,425.75,28380
2025-04-28 00:00:00+05:30,420.0,434.15,418.05,430.0,29374
2025-04-29 00:00:00+05:30,428.1,435.0,426.0,429.75,73038
2025-04-30 00:00:00+05:30,429.75,433.0,419.9,428.7,59161
2025-05-02 00:00:00+05:30,428.7,429.9,418.3,420.45,29130
2025-05-05 00:00:00+05:30,420.0,423.85,415.3,419.85,38746
2025-05-06 00:00:00+05:30,425.0,425.0,415.0,416.45,26750
2025-05-07 00:00:00+05:30,411.0,430.0,406.25,420.95,43224
2025-05-08 00:00:00+05:30,417.0,437.0,417.0,430.85,113762
2025-05-09 00:00:00+05:30,409.15,440.0,409.15,438.0,53494
2025-05-12 00:00:00+05:30,445.0,469.0,438.0,461.5,170443
2025-05-13 00:00:00+05:30,465.55,468.95,451.2,465.05,50203
2025-05-14 00:00:00+05:30,465.0,469.2,455.05,460.9,30307
2025-05-15 00:00:00+05:30,455.85,476.95,455.85,468.65,81324
2025-05-16 00:00:00+05:30,471.0,472.05,463.0,466.8,31260
2025-05-19 00:00:00+05:30,473.4,492.0,466.05,476.85,84637
2025-05-20 00:00:00+05:30,479.95,480.65,464.5,474.8,58232
2025-05-21 00:00:00+05:30,467.8,490.0,452.0,473.1,54248
2025-05-22 00:00:00+05:30,468.5,477.95,466.2,470.55,29208
2025-05-23 00:00:00+05:30,468.0,488.45,468.0,477.65,36401
2025-05-26 00:00:00+05:30,475.0,484.35,473.7,475.35,90465
2025-05-27 00:00:00+05:30,480.1,480.1,469.15,476.25,31313
2025-05-28 00:00:00+05:30,476.25,487.15,473.0,475.45,23209
2025-05-29 00:00:00+05:30,478.6,481.05,474.05,478.15,19652
2025-05-30 00:00:00+05:30,476.55,485.0,471.0,478.3,20299
2025-06-02 00:00:00+05:30,478.5,484.55,468.55,476.55,35082
2025-06-03 00:00:00+05:30,479.3,479.3,463.8,467.7,31879
2025-06-04 00:00:00+05:30,470.0,472.0,457.8,459.5,26802
2025-06-05 00:00:00+05:30,462.5,474.4,456.3,468.65,29587
2025-06-06 00:00:00+05:30,466.0,476.9,465.55,470.05,31263
2025-06-09 00:00:00+05:30,470.05,564.05,467.05,564.05,650165
2025-06-10 00:00:00+05:30,600.0,624.0,561.0,592.2,1371949
2025-06-11 00:00:00+05:30,579.75,587.1,555.15,560.2,138213
2025-06-12 00:00:00+05:30,559.0,562.95,545.0,546.75,65273
2025-06-13 00:00:00+05:30,535.0,574.45,530.95,567.8,115711
2025-06-16 00:00:00+05:30,562.8,585.0,551.6,576.8,105159
2025-06-17 00:00:00+05:30,581.25,606.85,566.25,591.55,164017
2025-06-18 00:00:00+05:30,589.0,607.75,580.0,582.6,69303
2025-06-19 00:00:00+05:30,587.25,595.7,550.0,552.85,60855
2025-06-20 00:00:00+05:30,554.9,561.45,548.05,550.5,25975
2025-06-23 00:00:00+05:30,539.95,563.45,539.5,545.15,32404
2025-06-24 00:00:00+05:30,575.15,575.15,553.85,559.5,55373
2025-06-25 00:00:00+05:30,564.0,569.8,555.55,558.25,19337
2025-06-26 00:00:00+05:30,565.0,565.0,544.9,549.65,23330
2025-06-27 00:00:00+05:30,555.65,579.1,548.35,571.4,61764
2025-06-30 00:00:00+05:30,581.0,581.0,560.0,562.4,21577
2025-07-01 00:00:00+05:30,565.0,570.5,555.0,556.75,26254
2025-07-02 00:00:00+05:30,559.0,564.4,552.05,562.5,13318
2025-07-03 00:00:00+05:30,562.6,582.5,557.6,576.85,49254
2025-07-04 00:00:00+05:30,576.85,599.55,573.3,590.65,72135
2025-07-07 00:00:00+05:30,590.0,590.0,571.35,577.05,30113
2025-07-08 00:00:00+05:30,576.9,609.8,574.0,583.4,66067
2025-07-09 00:00:00+05:30,583.35,591.95,575.65,577.55,17882
2025-07-10 00:00:00+05:30,585.0,585.0,574.3,577.15,14594
2025-07-11 00:00:00+05:30,581.5,584.95,559.9,563.75,22669
2025-07-14 00:00:00+05:30,569.6,571.0,561.2,563.0,11119
2025-07-15 00:00:00+05:30,562.9,569.95,561.2,565.0,19883
2025-07-16 00:00:00+05:30,574.9,578.0,560.4,564.9,21003
2025-07-17 00:00:00+05:30,568.0,578.0,558.3,561.8,20222
2025-07-18 00:00:00+05:30,567.45,569.6,561.0,562.2,10537
2025-07-21 00:00:00+05:30,561.0,567.0,556.55,560.0,15568
2025-07-22 00:00:00+05:30,559.0,568.7,541.05,547.35,52365
2025-07-23 00:00:00+05:30,545.0,565.05,545.0,563.45,18765
2025-07-24 00:00:00+05:30,568.55,571.0,548.55,552.25,12295
2025-07-25 00:00:00+05:30,550.25,558.8,535.05,536.6,16717
2025-07-28 00:00:00+05:30,537.0,542.4,519.5,527.55,22832
2025-07-29 00:00:00+05:30,527.95,533.5,522.0,525.1,13663
2025-07-30 00:00:00+05:30,531.45,537.8,525.5,527.1,7177
2025-07-31 00:00:00+05:30,533.95,548.9,517.6,540.05,22324
2025-08-01 00:00:00+05:30,545.5,555.55,521.05,528.85,102849
2025-08-04 00:00:00+05:30,526.5,530.0,511.15,524.55,26621
2025-08-05 00:00:00+05:30,527.15,547.45,525.2,532.9,20767
2025-08-06 00:00:00+05:30,533.4,537.15,517.0,519.0,9945
2025-08-07 00:00:00+05:30,513.05,529.9,506.4,513.05,14473
2025-08-08 00:00:00+05:30,515.6,533.25,511.0,525.45,14161
2025-08-11 00:00:00+05:30,522.0,525.95,514.1,523.85,13013
2025-08-12 00:00:00+05:30,524.35,539.0,524.35,529.45,8355
2025-08-13 00:00:00+05:30,537.0,537.05,510.85,514.85,16953
2025-08-14 00:00:00+05:30,504.85,520.0,496.8,510.45,51061
2025-08-18 00:00:00+05:30,515.0,525.0,500.0,503.5,46467
2025-08-19 00:00:00+05:30,509.7,517.5,501.0,510.5,25871
2025-08-20 00:00:00+05:30,515.0,516.0,508.35,511.75,8902
2025-08-21 00:00:00+05:30,511.75,519.2,509.0,514.8,15021
2025-08-22 00:00:00+05:30,514.0,516.85,490.0,493.45,41081
2025-08-25 00:00:00+05:30,497.3,507.95,488.4,489.25,28727
2025-08-26 00:00:00+05:30,484.95,491.0,470.0,472.05,36185
2025-08-28 00:00:00+05:30,468.1,473.8,458.0,460.4,24036
2025-08-29 00:00:00+05:30,465.0,478.65,456.15,457.55,23368
2025-09-01 00:00:00+05:30,457.5,464.65,446.5,450.5,57676
2025-09-02 00:00:00+05:30,452.9,474.55,450.0,457.05,97934
2025-09-03 00:00:00+05:30,464.0,492.7,462.1,480.25,143428
2025-09-04 00:00:00+05:30,484.95,489.0,473.65,474.9,34508
2025-09-05 00:00:00+05:30,474.9,475.85,464.0,465.15,32145
2025-09-08 00:00:00+05:30,474.0,494.7,466.5,473.05,59693
2025-09-09 00:00:00+05:30,477.55,480.0,469.3,476.5,15522
2025-09-10 00:00:00+05:30,480.0,490.5,475.25,479.15,27385
2025-09-11 00:00:00+05:30,479.15,486.0,472.8,477.25,25231
2025-09-12 00:00:00+05:30,479.15,488.9,473.2,485.55,24239
2025-09-15 00:00:00+05:30,487.35,509.0,479.3,499.05,32835
2025-09-16 00:00:00+05:30,502.55,509.45,482.15,487.5,160240
2025-09-17 00:00:00+05:30,490.1,498.3,481.0,485.45,39006
2025-09-18 00:00:00+05:30,485.45,508.75,472.25,475.95,86089
2025-09-19 00:00:00+05:30,479.7,492.95,477.8,487.8,29443
2025-09-22 00:00:00+05:30,490.4,496.8,476.2,479.8,45113
2025-09-23 00:00:00+05:30,481.7,485.1,470.0,472.95,44643
2025-09-24 00:00:00+05:30,474.85,474.85,466.0,468.55,22389
2025-09-25 00:00:00+05:30,473.25,474.6,464.0,465.75,23907
2025-09-26 00:00:00+05:30,465.75,467.45,449.3,452.35,22239
2025-09-29 00:00:00+05:30,454.7,460.2,449.45,454.95,13059
2025-09-30 00:00:00+05:30,454.0,456.8,443.6,446.5,22391
2025-10-01 00:00:00+05:30,446.5,465.8,445.0,457.95,34360
2025-10-03 00:00:00+05:30,460.0,464.9,454.55,463.25,16860
2025-10-06 00:00:00+05:30,460.5,472.45,453.15,456.95,32747
2025-10-07 00:00:00+05:30,456.0,467.0,448.2,462.75,30082
2025-10-08 00:00:00+05:30,463.7,463.7,454.9,455.55,9767
2025-10-09 00:00:00+05:30,455.7,457.6,449.7,454.7,12168
2025-10-10 00:00:00+05:30,457.1,463.0,451.85,459.2,14931
2025-10-13 00:00:00+05:30,455.1,464.85,443.5,448.2,37829
2025-10-14 00:00:00+05:30,448.2,455.95,439.25,444.7,21688
2025-10-15 00:00:00+05:30,444.7,450.45,437.3,447.6,18930
2025-10-16 00:00:00+05:30,450.0,451.8,443.55,448.65,13599
2025-10-17 00:00:00+05:30,450.85,452.75,444.0,446.4,11272
2025-10-20 00:00:00+05:30,448.6,454.8,445.2,450.35,8609
2025-10-21 00:00:00+05:30,454.3,458.9,452.6,455.2,4659
2025-10-23 00:00:00+05:30,457.5,459.6,453.75,456.7,11878
2025-10-24 00:00:00+05:30,456.7,458.0,448.95,455.0,12996
2025-10-27 00:00:00+05:30,455.0,456.35,447.8,451.75,10461
2025-10-28 00:00:00+05:30,452.85,465.45,442.1,446.25,32716
2025-10-29 00:00:00+05:30,448.05,456.0,447.1,452.9,8366
2025-10-30 00:00:00+05:30,450.0,464.0,450.0,460.65,14407
2025-10-31 00:00:00+05:30,462.95,464.8,456.0,456.0,10482
2025-11-03 00:00:00+05:30,460.9,462.0,453.05,459.95,11760
2025-11-04 00:00:00+05:30,457.95,461.3,440.0,443.5,35182
2025-11-06 00:00:00+05:30,441.0,449.9,441.0,445.5,12179
2025-11-07 00:00:00+05:30,449.3,449.3,438.1,439.1,8271
2025-11-10 00:00:00+05:30,438.5,450.0,427.5,446.5,41807
2025-11-11 00:00:00+05:30,452.0,453.2,438.0,451.75,38123
2025-11-12 00:00:00+05:30,455.95,460.95,448.55,450.0,43776
2025-11-13 00:00:00+05:30,456.0,456.05,441.0,445.55,27672
2025-11-14 00:00:00+05:30,447.9,447.9,439.0,442.3,12508
2025-11-17 00:00:00+05:30,443.7,452.5,440.0,447.0,15444
2025-11-18 00:00:00+05:30,445.75,449.3,440.05,440.05,8425
2025-11-19 00:00:00+05:30,442.5,444.65,440.0,443.0,5681
2025-11-20 00:00:00+05:30,442.4,445.0,437.8,445.0,12703
2025-11-21 00:00:00+05:30,441.45,447.8,435.5,437.15,18571
2025-11-24 00:00:00+05:30,437.15,439.25,430.7,432.05,9721
2025-11-25 00:00:00+05:30,432.05,440.3,424.0,426.9,15477
2025-11-26 00:00:00+05:30,427.7,447.0,425.0,430.45,25146
2025-11-27 00:00:00+05:30,432.7,434.1,426.0,428.15,33133
2025-11-28 00:00:00+05:30,429.1,435.1,420.1,422.25,32109
2025-12-01 00:00:00+05:30,424.0,425.0,419.0,421.5,9840
2025-12-02 00:00:00+05:30,421.5,426.25,415.8,418.25,13760
2025-12-03 00:00:00+05:30,418.3,426.95,416.15,420.0,10225
2025-12-04 00:00:00+05:30,417.0,420.0,415.0,417.75,7873
2025-12-05 00:00:00+05:30,417.3,422.0,413.4,417.0,8785
2025-12-08 00:00:00+05:30,418.65,420.8,405.0,414.0,22128
2025-12-09 00:00:00+05:30,411.55,421.95,404.9,420.0,17729
2025-12-10 00:00:00+05:30,424.0,424.0,414.55,420.0,25713
2025-12-11 00:00:00+05:30,421.95,421.95,410.05,419.95,8631
2025-12-12 00:00:00+05:30,419.9,422.25,417.05,420.0,15219
2025-12-15 00:00:00+05:30,421.7,421.7,417.55,420.0,6777
2025-12-16 00:00:00+05:30,420.1,420.1,414.0,415.6,6373
2025-12-17 00:00:00+05:30,417.75,425.65,412.95,420.0,26077
2025-12-18 00:00:00+05:30,417.65,419.15,402.9,408.6,27470
2025-12-19 00:00:00+05:30,410.8,420.05,410.15,416.0,17395
2025-12-22 00:00:00+05:30,416.2,420.0,416.0,419.0,8354
2025-12-23 00:00:00+05:30,420.95,420.95,415.0,419.5,14485
2025-12-24 00:00:00+05:30,420.0,420.0,409.0,410.0,32167
2025-12-26 00:00:00+05:30,415.75,416.3,408.0,410.05,12138
2025-12-29 00:00:00+05:30,410.05,416.1,410.0,414.35,10939
2025-12-30 00:00:00+05:30,410.75,413.55,405.0,406.1,12739
2025-12-31 00:00:00+05:30,407.05,409.4,399.05,399.9,92836
2026-01-01 00:00:00+05:30,405.6,414.0,392.5,394.35,62622
2026-01-02 00:00:00+05:30,396.4,408.95,395.0,403.85,30667
2026-01-05 00:00:00+05:30,401.1,406.5,401.1,406.2,13988
2026-01-06 00:00:00+05:30,401.6,410.0,401.6,402.95,14016
2026-01-07 00:00:00+05:30,405.75,411.0,399.9,410.0,19602
2026-01-08 00:00:00+05:30,405.65,408.1,400.0,405.45,9153
2026-01-09 00:00:00+05:30,396.2,421.95,396.2,414.0,66201
2026-01-12 00:00:00+05:30,415.65,420.0,401.05,408.65,45217
2026-01-13 00:00:00+05:30,412.0,420.5,408.85,416.0,33642
2026-01-14 00:00:00+05:30,412.2,419.6,395.2,397.8,52973
2026-01-16 00:00:00+05:30,400.6,417.0,395.0,409.45,36053
2026-01-19 00:00:00+05:30,405.0,409.1,398.0,399.85,13889
2026-01-20 00:00:00+05:30,399.85,406.0,393.15,397.45,16834
2026-01-21 00:00:00+05:30,392.5,396.15,380.0,387.45,26882
2026-01-22 00:00:00+05:30,387.45,398.0,384.0,388.25,37643
2026-01-23 00:00:00+05:30,390.1,399.15,380.0,383.45,40071
2026-01-27 00:00:00+05:30,380.0,384.45,372.1,374.75,21695
2026-01-28 00:00:00+05:30,375.5,395.0,375.5,387.15,28601
2026-01-29 00:00:00+05:30,404.95,420.0,396.4,405.2,353403
2026-01-30 00:00:00+05:30,400.4,433.95,400.4,408.25,145599
2026-02-01 00:00:00+05:30,408.25,434.0,408.25,411.85,32871
2026-02-02 00:00:00+05:30,409.45,415.0,405.05,413.85,16127
2026-02-03 00:00:00+05:30,419.3,431.95,414.0,418.4,24667
2026-02-04 00:00:00+05:30,419.85,420.6,406.2,409.25,31028
2026-02-05 00:00:00+05:30,410.0,411.0,398.0,398.85,25046
2026-02-06 00:00:00+05:30,400.0,403.0,397.0,399.7,15472
2026-02-09 00:00:00+05:30,400.1,410.1,398.0,400.05,123213
2026-02-10 00:00:00+05:30,400.05,416.9,399.05,412.45,259156
2026-02-11 00:00:00+05:30,410.65,424.1,409.6,412.75,53996
2026-02-12 00:00:00+05:30,415.25,415.25,406.2,408.65,28704
2026-02-13 00:00:00+05:30,408.6,410.05,398.0,402.0,32658
2026-02-16 00:00:00+05:30,398.0,407.1,391.25,394.05,24701
2026-02-17 00:00:00+05:30,398.65,401.25,394.8,397.0,32607
2026-02-18 00:00:00+05:30,397.0,423.65,397.0,405.25,173658
2026-02-19 00:00:00+05:30,405.25,414.25,402.15,410.05,36764
2026-02-20 00:00:00+05:30,408.5,412.25,405.0,405.4,16542
2026-02-23 00:00:00+05:30,409.9,411.0,405.3,407.2,14976
2026-02-24 00:00:00+05:30,405.2,407.2,388.45,392.35,48296
2026-02-25 00:00:00+05:30,392.35,401.0,392.35,398.55,20497
2026-02-26 00:00:00+05:30,396.05,406.3,395.05,404.6,13124
2026-02-27 00:00:00+05:30,403.25,415.95,400.0,410.15,315945
2026-03-02 00:00:00+05:30,381.0,405.15,381.0,388.35,57560
2026-03-04 00:00:00+05:30,384.8,385.0,372.0,374.45,40383
2026-03-05 00:00:00+05:30,375.1,381.45,372.1,375.1,15996
2026-03-06 00:00:00+05:30,374.95,380.2,371.0,374.95,18144
2026-03-09 00:00:00+05:30,373.95,373.95,333.0,338.5,211172
2026-03-10 00:00:00+05:30,340.3,360.8,332.0,356.45,150708
2026-03-11 00:00:00+05:30,358.3,388.0,356.5,370.25,131691
2026-03-12 00:00:00+05:30,365.8,388.0,355.0,376.7,103643
2026-03-13 00:00:00+05:30,378.0,378.0,357.8,360.4,32865
2026-03-16 00:00:00+05:30,361.3,363.0,349.05,360.7,69450
2026-03-17 00:00:00+05:30,362.0,376.0,355.55,362.95,49669
2026-03-18 00:00:00+05:30,373.0,393.5,370.0,388.4,74589
2026-03-19 00:00:00+05:30,381.0,391.8,373.75,379.45,41267
2026-03-20 00:00:00+05:30,387.2,392.85,375.0,378.3,42520
2026-03-23 00:00:00+05:30,371.7,376.6,356.0,359.4,69136
2026-03-24 00:00:00+05:30,361.05,376.2,361.05,374.65,31896
2026-03-25 00:00:00+05:30,374.65,386.45,374.4,384.5,50329
2026-03-27 00:00:00+05:30,382.55,386.35,375.0,380.75,54025
2026-03-30 00:00:00+05:30,371.0,378.85,352.6,357.05,81857
2026-04-01 00:00:00+05:30,365.95,378.7,359.6,363.9,31023
2026-04-02 00:00:00+05:30,364.0,393.0,355.05,388.2,35418
2026-04-06 00:00:00+05:30,388.2,402.0,378.75,399.7,24998
2026-04-07 00:00:00+05:30,397.0,401.95,391.0,396.8,21532
2026-04-08 00:00:00+05:30,406.0,419.5,396.35,412.7,174040
2026-04-09 00:00:00+05:30,416.0,427.15,409.55,416.25,59069
2026-04-10 00:00:00+05:30,425.85,435.35,420.75,426.3,29840
2026-04-13 00:00:00+05:30,426.3,426.65,403.75,422.65,25873
2026-04-15 00:00:00+05:30,425.15,442.65,425.15,436.5,40229
2026-04-16 00:00:00+05:30,440.0,444.55,427.5,440.05,44359
2026-04-17 00:00:00+05:30,440.95,453.0,432.9,441.4,66018
2026-04-20 00:00:00+05:30,447.45,451.5,430.1,450.1,53638
2026-04-21 00:00:00+05:30,448.0,454.6,437.3,444.95,23506
2026-04-22 00:00:00+05:30,439.05,465.0,438.95,462.2,78715
2026-04-23 00:00:00+05:30,462.0,467.0,455.1,460.1,45041
2026-04-24 00:00:00+05:30,460.1,482.0,447.6,470.05,155440
2026-04-27 00:00:00+05:30,472.7,478.65,459.9,461.85,51249
2026-04-28 00:00:00+05:30,457.25,466.4,452.0,461.15,32264
2026-04-29 00:00:00+05:30,460.0,471.0,458.0,467.55,31295
2026-04-30 00:00:00+05:30,460.65,471.8,455.0,463.35,26426
2026-05-04 00:00:00+05:30,467.2,477.45,467.05,472.8,35169
2026-05-05 00:00:00+05:30,475.15,475.5,463.05,471.55,29867
2026-05-06 00:00:00+05:30,472.05,478.0,468.5,474.05,27060
2026-05-07 00:00:00+05:30,475.0,478.65,470.55,472.4,64501
2026-05-08 00:00:00+05:30,469.0,477.95,460.5,475.25,27688
2026-05-11 00:00:00+05:30,470.5,473.35,466.6,469.65,45277
2026-05-12 00:00:00+05:30,470.0,474.8,440.0,442.3,93950
2026-05-13 00:00:00+05:30,442.05,459.2,434.55,452.45,38113
2026-05-14 00:00:00+05:30,458.95,459.2,440.95,451.0,24919
2026-05-15 00:00:00+05:30,451.8,462.9,440.5,445.65,66480
2026-05-18 00:00:00+05:30,475.0,488.55,435.05,445.9,1595368
2026-05-19 00:00:00+05:30,458.0,521.5,449.55,502.1,3200471
2026-05-20 00:00:00+05:30,499.95,539.7,487.6,519.3,884778
2026-05-21 00:00:00+05:30,519.0,552.45,512.4,517.05,366242
2026-05-22 00:00:00+05:30,517.05,550.0,512.4,529.3,234809
2026-05-25 00:00:00+05:30,531.0,544.8,514.2,516.75,85806
2026-05-26 00:00:00+05:30,517.0,529.75,505.0,508.3,50613
2026-05-27 00:00:00+05:30,509.0,521.15,505.5,509.75,29423
2026-05-29 00:00:00+05:30,517.4,519.85,488.1,492.9,62066
2026-06-01 00:00:00+05:30,495.0,543.95,495.0,526.0,387094
2026-06-02 00:00:00+05:30,514.3,534.45,503.0,518.05,172505
2026-06-03 00:00:00+05:30,522.0,526.45,501.65,517.75,148617
2026-06-04 00:00:00+05:30,518.0,525.75,504.1,507.55,77031
2026-06-05 00:00:00+05:30,509.1,521.8,509.1,512.3,48974
2026-06-08 00:00:00+05:30,512.3,515.0,491.1,495.6,53874
2026-06-09 00:00:00+05:30,498.2,507.85,495.0,498.3,93393
2026-06-10 00:00:00+05:30,498.3,519.9,497.25,501.05,64118
2026-06-11 00:00:00+05:30,496.65,506.45,493.0,496.65,27226
2026-06-12 00:00:00+05:30,504.1,524.8,500.2,514.15,66345
2026-06-15 00:00:00+05:30,521.7,529.8,516.05,520.1,135201
2026-06-16 00:00:00+05:30,520.45,534.8,514.55,526.25,107384
2026-06-17 00:00:00+05:30,526.2,531.75,510.0,521.6,79569
2026-06-18 00:00:00+05:30,521.05,535.0,515.0,519.6,375868
2026-06-19 00:00:00+05:30,516.5,518.8,513.15,516.4,37511
2026-06-22 00:00:00+05:30,517.55,525.0,515.35,519.7,55836
2026-06-23 00:00:00+05:30,520.8,520.8,507.55,510.5,33892
2026-06-24 00:00:00+05:30,516.0,520.5,514.5,518.05,155874
2026-06-25 00:00:00+05:30,522.8,545.0,511.0,513.95,417622
2026-06-29 00:00:00+05:30,517.9,525.3,510.3,517.65,154981
2026-06-30 00:00:00+05:30,520.4,549.35,514.2,533.85,498227
2026-07-01 00:00:00+05:30,538.0,547.0,531.9,539.25,135024
2026-07-02 00:00:00+05:30,544.8,545.4,532.5,535.65,74834
2026-07-03 00:00:00+05:30,535.1,548.8,531.4,537.2,202701
2026-07-06 00:00:00+05:30,542.0,543.75,527.4,532.35,65057
2026-07-07 00:00:00+05:30,532.45,533.7,519.0,520.1,87157
2026-07-08 00:00:00+05:30,520.1,520.1,504.4,508.4,50623
2026-07-09 00:00:00+05:30,508.4,520.0,506.55,509.5,52309
2026-07-10 00:00:00+05:30,510.1,531.45,510.1,519.6,96875
2026-07-13 00:00:00+05:30,519.6,547.75,512.8,536.85,93605
2026-07-14 00:00:00+05:30,535.0,550.65,527.05,535.2,120911
2026-07-15 00:00:00+05:30,535.2,536.8,525.25,528.75,132599
2026-07-16 00:00:00+05:30,527.0,545.4,520.25,522.75,70380
2026-07-17 00:00:00+05:30,523.25,524.65,512.45,522.55,35457
2026-07-20 00:00:00+05:30,522.0,523.45,515.0,516.45,48425
2026-07-21 00:00:00+05:30,515.05,519.9,510.45,513.0,102986
2026-07-22 00:00:00+05:30,512.0,512.35,498.5,503.6,39674
2026-07-23 00:00:00+05:30,503.6,505.2,487.0,490.2,50461
2026-07-24 00:00:00+05:30,490.25,498.0,483.3,496.7,32186
2026-07-27 00:00:00+05:30,499.0,518.2,490.0,491.85,82778
2026-07-28 00:00:00+05:30,488.65,493.45,476.1,479.3,47627
2026-07-29 00:00:00+05:30,481.1,492.25,480.5,485.9,112839
2026-07-30 00:00:00+05:30,488.6,492.85,482.1,489.1,62649
2026-07-31 00:00:00+05:30,486.4,491.9,482.05,488.85,44813
2026-08-03 00:00:00+05:30,490.0,514.0,488.1,509.0,123707
2026-08-04 00:00:00+05:30,507.5,519.0,504.75,509.3,75092
2026-08-05 00:00:00+05:30,511.8,512.0,494.0,500.3,55179
2026-08-06 00:00:00+05:30,506.8,514.9,500.0,504.0,67244
2026-08-07 00:00:00+05:30,503.25,510.0,494.0,495.8,86172
2026-08-10 00:00:00+05:30,495.8,511.0,490.5,499.6,61387
2026-08-11 00:00:00+05:30,503.2,517.0,495.85,510.25,98120
2026-08-12 00:00:00+05:30,513.0,527.5,486.1,508.05,913797
2026-08-13 00:00:00+05:30,520.0,556.8,508.05,519.15,2044121
2026-08-14 00:00:00+05:30,526.95,544.0,519.3,522.65,515694
2026-08-17 00:00:00+05:30,520.0,521.35,506.2,518.9,214480
2026-08-18 00:00:00+05:30,521.5,522.6,511.0,512.35,195402
2026-08-19 00:00:00+05:30,512.35,519.0,507.3,509.25,161687
2026-08-20 00:00:00+05:30,515.9,517.25,507.0,511.1,182132
2026-08-21 00:00:00+05:30,514.85,525.25,509.0,520.15,163952
2026-08-24 00:00:00+05:30,520.2,555.0,520.05,552.1,487680
2026-08-25 00:00:00+05:30,552.0,558.3,536.2,539.35,158984
2026-08-26 00:00:00+05:30,543.85,564.95,541.0,558.45,383042
2026-08-27 00:00:00+05:30,565.0,565.0,552.15,556.6,219363
2026-08-28 00:00:00+05:30,560.0,568.6,553.8,564.5,184392
2026-08-31 00:00:00+05:30,567.0,575.1,555.5,557.3,155520
2026-09-01 00:00:00+05:30,559.2,565.5,551.4,563.15,182674
2026-09-02 00:00:00+05:30,565.0,576.8,560.25,570.1,180890
2026-09-03 00:00:00+05:30,570.1,574.05,556.6,569.5,63243
2026-09-04 00:00:00+05:30,573.0,573.6,552.55,557.35,78257
2026-09-07 00:00:00+05:30,554.95,574.45,554.95,559.4,84012
2026-09-08 00:00:00+05:30,556.95,564.0,555.4,562.65,68944
2026-09-09 00:00:00+05:30,558.0,561.75,551.6,553.5,93463
2026-09-10 00:00:00+05:30,556.85,572.65,554.15,559.7,88278
2026-09-11 00:00:00+05:30,559.0,571.0,550.6,565.2,101279
2026-09-15 00:00:00+05:30,568.0,568.0,544.0,550.8,76905
2026-09-16 00:00:00+05:30,542.55,561.9,529.65,555.15,103578
2026-09-17 00:00:00+05:30,556.7,570.0,553.9,565.85,85673
2026-09-18 00:00:00+05:30,560.75,579.25,557.95,572.6,103703
2026-09-21 00:00:00+05:30,572.6,602.0,572.6,589.45,391433
2026-09-22 00:00:00+05:30,589.5,601.75,589.45,594.75,97579
2026-09-23 00:00:00+05:30,595.0,602.0,581.2,596.3,108719
2026-09-24 00:00:00+05:30,597.95,608.45,590.5,601.85,122260
2026-09-25 00:00:00+05:30,601.0,623.0,592.15,618.05,272762
